"RelativePath","Bytes","SHA256"
"00_材料索引\补充网页归档目录映射.csv","6812","20E6D1462831949E4622170376E23DFDF76AEF7AE240CFDB76804AA73F0E9104"
"00_材料索引\补充网页获取状态\S001.json","381","62F38E5B34D6BE18440BCE1296D5229C3267530483FE110DDAD085CEE783E246"
"00_材料索引\补充网页获取状态\S002.json","478","2C7B8EC4D5D69362809767C8DDA9EE52A55B9A57A1C93250910615D65621CCE5"
"00_材料索引\补充网页获取状态\S003.json","405","2775B939A32BB5639ED512DBBCEDFCFD62AD9745A1ADDEA24AA573B6F9E17110"
"00_材料索引\补充网页获取状态\S004.json","538","66F3C2302F58E657C261C4916F0CFA695F8971BF68E19A7F282F4BFDB4C1D8AF"
"00_材料索引\补充网页获取状态\S005.json","513","153CCE8D622D225C619841BD4415FE5A428915A4FA667C87569EA772A5EC5839"
"00_材料索引\补充网页获取状态\S006.json","463","EF1449518D9821F8D3E0AED23D7E4F858531413406824FDEEF7A08AF2B829CEE"
"00_材料索引\补充网页获取状态\S007.json","478","41E185AF63718FC37A14E72A24B5C5C41C728310AB301B19F29716F62E4C615A"
"00_材料索引\补充网页获取状态\S008.json","438","B7438A2200272A2472AD4C01C423850B4A6F4516034E2649194FFCF1230C89F1"
"00_材料索引\补充网页获取状态\S009.json","503","F7B028FD28A5CF35B0414CBBBA9A30929050E3D9FA7EF08221FD1C4593C4ACD7"
"00_材料索引\补充网页获取状态\S010.json","469","9E3AB47497486FDAAC6D134EE051FAD27FB86BC9D19E40EA191DC557535FDA0C"
"00_材料索引\补充网页获取状态\S011.json","509","9F169AF43465B53D234D397274D343E95C3C2E964BAA5627CC73EE7376A6C524"
"00_材料索引\补充网页获取状态\S012.json","499","708E6AD6B8ECDD24078B951D08E9FD13F2635D64834C0C91C469ED0060A1CDBE"
"00_材料索引\补充网页获取状态\S013.json","444","7E949883B0CA2B3547E5035F563DD83BDC1B178EBCBF4899BAE1167759FD50FF"
"00_材料索引\补充网页获取状态\S014.json","465","8B96E9092E657701438A9CAC95CAB9B24C994DBB2D76D7CC7994BA556F59A68F"
"00_材料索引\补充网页获取状态\S015.json","454","EB4E66DBA0E94F169352420CF7029843B083517CDC2844DD7858ED0256C4B2BC"
"00_材料索引\补充网页获取状态\S016.json","459","9F7AE1192053CB67ED7B9E01951E36C045C857DC21D19EE97542C9675BC7DCC8"
"00_材料索引\补充网页获取状态\S017.json","444","0FBCF9BD65F52CB2EC25C5E3028762099BDAC7E967A2966433EB32FCE3DFE01D"
"00_材料索引\补充网页获取状态\S018.json","449","B2D9D6F144886A3BF95E9B1E4230FC877D09F6055FFF1F6E8FDAEBC6AFAEF562"
"00_材料索引\补充网页获取状态\S019.json","484","6662B9DBE1C5287632877364D8B4C57804BE8576D504DABE99BA61E1BD0C87D8"
"00_材料索引\补充网页获取状态\S020.json","507","5BAC8C1BA2295A6380C04CE7FADA3801EF31F9FAAC263878DA4EC24764441B61"
"00_材料索引\补充网页获取状态\S021.json","475","92027B2479DC1D2CFC207BE23DBF6C53DB5BE7DAEE45D6CEA8928D618A8DF3C6"
"00_材料索引\补充网页获取状态\S022.json","449","B3CFB9E30834B603E3C52964E554040F67375C5CEB561D9CA3683259D96EFFE4"
"00_材料索引\补充网页获取状态\S023.json","435","DE0CD777A3F91DB87383B9ED14386BD2FB02FEB33978D0F03820B110235BFDAF"
"00_材料索引\补充网页获取状态\S024.json","512","52F358F5F78F69104981F313855AE9AF1A93B73430991489BB60249B27406D2D"
"00_材料索引\补充网页获取状态\S025.json","399","8C7ECC622018E696228024074C79E8CE124B1B56AC0E0B58E8AFF855D326BADE"
"00_材料索引\补充网页获取状态\S026.json","507","EB8AA12E91FC170A7DFD0584C965B2992BEDCA8F12D9ABD33321442DC4795269"
"00_材料索引\补充网页获取状态\S027.json","484","8ADA81C9A0A622F3B3AACB00BE274A3B1771E3A1543993E1DABF40CB172D0D5C"
"00_材料索引\补充网页获取状态\S028.json","454","D030652335D89EEDE3AB0BC1F43FA561AA6B513BAA4B9729BA38C651C46B7A17"
"00_材料索引\补充网页获取状态\S029.json","425","01DB3737B4DF6EDB8C76218F9F7A90DBCE736D88A59665A9DCC6B054644E8A8C"
"00_材料索引\补充网页获取状态\S030.json","377","8AB174A8A7AE2758292A12AB4336A04F1604FB243509D13ED66BF1FF09EF3C1E"
"00_材料索引\补充网页获取状态\S031.json","454","22B46453E082A6D608FF936D988B67D0BCF00C1CE7A3637A04E38EAC35BBD87E"
"00_材料索引\补充网页获取状态\S032.json","529","6702BBB39955E30D524B5CDA24884E5E1F5ACE4B95D184C5C94D4C61A6862226"
"00_材料索引\补充网页获取状态\S033.json","394","87479733671445F7811A00FCC431EFC2096E225049028B6D543F6356AE437D2D"
"00_材料索引\补充网页获取状态\S034.json","408","298B74FED2AF0890C9CFEA00A098978DF89EAF5D7F1CF42C2DDB6B7FB4022C0F"
"00_材料索引\补充网页获取状态\S035.json","418","09CF5E19D548B34DA24C3E3C3D2F3F1008EDC085E29BEFAA2691CECA319D8AB1"
"00_材料索引\补充网页获取状态\S036.json","400","6B35369076DE6A3C623D70C56E6B81EF593EA440B0D2C9DDF1BD2DF4675328C5"
"00_材料索引\补充网页获取状态\S037.json","408","FF73C41ED3B39C742CF05EB19BE96D74F6674CC0AA48205E7C77E1B97F546028"
"00_材料索引\补充网页获取状态\S038.json","420","6E5BD05FB51AFAD6D41026FB90C241BCDE4E72991C4E2AED6FF5DDF39711BD7C"
"00_材料索引\补充网页获取状态\S039.json","438","41589F2C1E06409E3677D4B32D1340EA24FA416973B3BD2FEFF747FC72F0D7F4"
"00_材料索引\补充网页获取状态\S040.json","406","52FE9D6CFB795BD6A36C567E2428127F3D276C89E2C43B73F9E35197828631ED"
"00_材料索引\补充网页获取状态\S041.json","444","B7CA303E1FE6243D7E9521A273F3BD1B67BD33C15A4E226C1280C26939B50F05"
"00_材料索引\补充网页获取状态\S042.json","444","235BBE08976686500EA4F1ECD422DD8E05A8E103C49645AA659D93F77648A5A4"
"00_材料索引\补充网页获取状态\S043.json","504","3282D1E42F5A8608FFF93620399C39059D31C024FAC813E5228715E45408A778"
"00_材料索引\补充网页获取状态\S044.json","648","3EBC77521E833333205813B399F25E174FF8EB96784E45175E5DB3D26B5D5ADD"
"00_材料索引\补充网页获取状态\S045.json","470","CC5B3DC46B8B22E1C35871EEC4FA30E2EE98893B33064A5C7222EF8B0058F36A"
"00_材料索引\仓库拉取结果.csv","38247","9EBFD3948F53F22BA8AF00F1E08129220C08056A30E8F780F91F53117B32870A"
"00_材料索引\仓库拉取状态\R001.json","610","478CF3B41844BF94E3444F554DF41A3102FB8EC3B25A8F6634D9725F1217D993"
"00_材料索引\仓库拉取状态\R002.json","369","C38320EC4F0E0F49A557EEC8D2FC8588A04A6EE2BA8E5FF8FF35B0416D758832"
"00_材料索引\仓库拉取状态\R003.json","494","41750261941D17937BEAA511E89D60AB159DAEA0B544EE351878DBFD7E0D8996"
"00_材料索引\仓库拉取状态\R004.json","474","0ED166B9055D6C20200F1095DC3DEE51CCFE806763E420DBC7AB1C26B7F477FE"
"00_材料索引\仓库拉取状态\R005.json","530","601DB78E91FD9C19AD5CF2853BD0E3D7B6180CF49B2EA11592237A143B0BC9B8"
"00_材料索引\仓库拉取状态\R006.json","526","3F62ABDA0D366B5D9456CAF4F5F34CCD92E2FBB42F2B7D1FB3100B23F688A627"
"00_材料索引\仓库拉取状态\R007.json","526","E1BCE93D62894E8F4B9FED8ABB302D230C1B716143CBE1A52780D4AEF60D405B"
"00_材料索引\仓库拉取状态\R008.json","478","2452B623AB4919A67C3F0DF2D607CD64B469F6231ECB1CAF69A0AD174C69BE85"
"00_材料索引\仓库拉取状态\R009.json","462","D33C95E8AF92612C85A68ECAF49DA1802D427F95DD95AECFDABC1480CBF043D2"
"00_材料索引\仓库拉取状态\R010.json","467","6BCB71387BE4BD0627E68A88C943AE8ED23EAF8022E5B9A8C4CE14C5EEA0ACFA"
"00_材料索引\仓库拉取状态\R011.json","467","0452EB21251C51D142A178E1BE630DAF4A2E0AE83224BC34A3421154628D8C45"
"00_材料索引\仓库拉取状态\R012.json","503","D8A812F5BD92F05A0CDEF450DD70D132A328AEE8451BCDD0E33F6A76E111495F"
"00_材料索引\仓库拉取状态\R013.json","655","B571ED649BE48311B34E3DBA7194D284396C70F33DE901E925B1603FC004B6B3"
"00_材料索引\仓库拉取状态\R014.json","595","ACF2A956217D9FA6AA1B8290867D6E4B0CECE52781C5D6DC3893B6D6E3EBB0EC"
"00_材料索引\仓库拉取状态\R015.json","619","07B4629C4B10B567B35E0F876203D0014B20B0A429A634F64D435835920C52D3"
"00_材料索引\仓库拉取状态\R016.json","619","EB7CA029393305BC65AC4875DC0077E57D0EF96D3BA534174EE7DDCEFE523C58"
"00_材料索引\仓库拉取状态\R017.json","446","11A427CCDDBC16AF65067B76A710E6DF3CC1F5293957C2444247E5241E613EBA"
"00_材料索引\仓库拉取状态\R018.json","491","600B93C062F6E1291F72377DE3EED49E4C4690D56F58F03D4DF7DA3A67275665"
"00_材料索引\仓库拉取状态\R019.json","507","F76258900E0DA94AC8AD530D0BE36F639657D9C49415DD9C261CAB121DC7C7E5"
"00_材料索引\仓库拉取状态\R020.json","507","E39F1D271BB2CB4DC0A7F75950249C725A0D4FB3B5BD228323D1299691D566D9"
"00_材料索引\仓库拉取状态\R021.json","491","EAA07098BB34A52159125F5298D7547DB9E2B22FD26B2D9028502EC80D85A2CF"
"00_材料索引\仓库拉取状态\R022.json","523","F9E3602DC95DEBC35BE1F6125F4B6468C955C0D4CF1E147CAB2F9C2ECE7FFC0E"
"00_材料索引\仓库拉取状态\R023.json","475","F13D6B409D579263DCC0571C729556A492C30BB2C81DD5BA7FAC0863CB34EC72"
"00_材料索引\仓库拉取状态\R024.json","491","AB6A581C30F697355B7016A234F9002F2E75767303EBDF336E0BA53FE6E28775"
"00_材料索引\仓库拉取状态\R025.json","568","4AC0F83D9A6F9D17BA19742A6B0A7DFC649D3A6A2337B117CD8BB139FC54CFA8"
"00_材料索引\仓库拉取状态\R026.json","480","D1A17C492B4AED0D6DB46D22EEDDB78AAFD0C1B26C6A0749CDA847416A4946F4"
"00_材料索引\仓库拉取状态\R027.json","539","0E493E6F49F6D5CB46406264440A8849E36D0F7BD33B900A66545B5D7A55D7DC"
"00_材料索引\仓库拉取状态\R028.json","523","373A1008245EC3E4C8037C25AE6400C61D04D29662A81F2EF29D2E74D6873AB1"
"00_材料索引\仓库拉取状态\R029.json","439","C0763967F89F3AFB680E1C422A306CF2642BD65372EEFE6E9C84AAEBBA9FE6D8"
"00_材料索引\仓库拉取状态\R030.json","463","97A0ADE231ABBD415C1A1D4A391D89173DDB9C1A126C8F9452594C3D5330FF44"
"00_材料索引\仓库拉取状态\R031.json","463","729ABD1CF2066CD43E5FA48698B87F4385AD19560D11523BFB5B50837AD3CBEC"
"00_材料索引\仓库拉取状态\R032.json","495","F961BA11809A6C203D23BE752A1DFA50CBFBC8CD33B1B0BBFF3A6B16802B1DCC"
"00_材料索引\仓库拉取状态\R033.json","487","5791928BFF955C932A9E0A9E4F349FAB76E2AF84875893ABF9D72986E390C6CF"
"00_材料索引\仓库拉取状态\R034.json","487","A3453B94AFD32071E2A7E2E3B3612FDCA5B6A502369067C12AF4B6BBA912DC91"
"00_材料索引\仓库拉取状态\R035.json","500","B3722DBEA546DB003F1E8B42809742FF4E61AE81C752656C493D1BE4868134F6"
"00_材料索引\仓库拉取状态\R036.json","523","33978A2D37D064C9F0E31790BA16D07089D30E1A60FDEB7CB3C4DD61165E43C7"
"00_材料索引\仓库拉取状态\R037.json","495","1396DB72F8FE2BD618431E7016746EBF7AE310FC644B875476EEC211DDB7E66D"
"00_材料索引\仓库拉取状态\R038.json","447","1FDAD19E789CF397B4DEE1C6BF22FE0E7F737D65C48CB80BD539EECE75B2D42C"
"00_材料索引\仓库拉取状态\R039.json","447","DB6610E8060AF3314B56E489C790F4EA3AA1555C7FFCBE7F4C60BDDE80C3D6BF"
"00_材料索引\仓库拉取状态\R040.json","539","C5DB8CA41676787CE643788903F0236CC8331D73051196AFE46DDCCF90491AF6"
"00_材料索引\仓库拉取状态\R041.json","451","E9899D9165119B9E8B19EAE524E7BC34AF2F224430A61812EB7F64AB83A6B014"
"00_材料索引\仓库拉取状态\R042.json","599","A1186FC02BE3390B24E93E4E51C6D57C86D4DC259BA18BF05B5CAE20CD0F472B"
"00_材料索引\仓库拉取状态\R043.json","467","E4A73F72AE5BFD635DFD0BA61212502E91EB60F0AA8D5A2462E0954E1E312B0E"
"00_材料索引\仓库拉取状态\R044.json","471","DA73724DBCC4E01900FBC57480648D52727833271804CB82466A8C3D10F3B7A8"
"00_材料索引\仓库拉取状态\R045.json","447","8BE8CD81F899D75A95917E5D744A4E7761714D3210854D0093D259FDABBBEF57"
"00_材料索引\仓库拉取状态\R046.json","446","5768391A6584E5277EA485AE54A4A2DE0BFA7A42B4DD8285CED9A77310E55BCB"
"00_材料索引\仓库拉取状态\R047.json","595","72649D6E1D51A1C9D1ED5156B7116D98A42097E6F819FCFDA681DCC2DCAD164D"
"00_材料索引\仓库拉取状态\R048.json","479","737CE7B6A5E3321471AF44E6852624406CD3CB3414AE2C569AE78E493B1709C8"
"00_材料索引\仓库拉取状态\R049.json","467","76F1C7A12331C7A446DF4952D61E8C06124A90078DE8689DD0C8D26000CCD284"
"00_材料索引\仓库拉取状态\R050.json","479","F70770DD05711353A7DB3E918E4319EBA6F4F1FB7A5F48020948DE06AF2DACBA"
"00_材料索引\仓库拉取状态\R051.json","467","B55C3500443C78836A714AC97B293BD24D3E7AB468B2656388DD46FA331D0F55"
"00_材料索引\仓库拉取状态\R052.json","503","2A43A4DF3920C2CDE9111008C9FCB3171B23A4828741A5EAF035FF05DC091A6F"
"00_材料索引\仓库拉取状态\R053.json","507","AD47CF18CACA693CDFFF194D9895DCBDC67754CE385CE1F05E9944452ADCCF7B"
"00_材料索引\仓库拉取状态\R054.json","479","568CA891CEB6FB96FF2F920B407E2601B1B63F84CBE241BB08EC85D27BF09CB7"
"00_材料索引\仓库拉取状态\R055.json","531","874ABAED5BDB21C62BCDE008100DC9EFE6D34BDBF84830D6B6A0605899DC9AD7"
"00_材料索引\仓库拉取状态\R056.json","515","555CC08E0992B999C7098E39BA40AB50C40B2A6C810182F6EBABE39667E6ABCF"
"00_材料索引\仓库拉取状态\R057.json","531","3C2482C36DD5CB979B061E6789E64779AB610BEEF310D1790A76F7AD49644095"
"00_材料索引\仓库拉取状态\R058.json","504","A70E0A501016FEF2B6C902B52CB1838541BD46AF140C492BDF8AB9159F925AFF"
"00_材料索引\仓库拉取状态\R059.json","504","816DB0CB597F0EC1924433EFB2096C4EA9E4D55BFA95FA640BFDCC0DD16D2E30"
"00_材料索引\仓库拉取状态\R060.json","486","6FFF6BC7F69078779BEE4BC079086D2FF86BA7DDB1521E8FF82D896CC56B8D0C"
"00_材料索引\仓库拉取状态\R061.json","467","5F56CA2EAC8892A34CB1CBAA33121D7A1C87A4A66E05BD1C81D2551BFF5BA4D2"
"00_材料索引\仓库拉取状态\R062.json","468","2862FB67FC1504692180DD7F5B324204A4BA024EFCCF56E0566A48B3CACA75DA"
"00_材料索引\仓库拉取状态\R063.json","483","918BBB69460317BF899DAE19E0330E1FDBB53842EDA0C66D660107E28F06556D"
"00_材料索引\仓库拉取状态\R064.json","559","6286815032BD71CAF39B4B3A606E62C180979AB341B36081F3621018036D0B5F"
"00_材料索引\仓库拉取状态\R065.json","471","D55AE4E2AF2CE0A583F65476087A89331C2931583FF8789AB41D73552AEA0014"
"00_材料索引\仓库拉取状态\R066.json","544","E984EC5413B3097AE1A8B1EAF712F7E6C25AEB3D6410876C166FCD34099D9723"
"00_材料索引\仓库拉取状态\R067.json","563","FDAE1EAD138926EF3B8F55E5B190541D374F91F7AF8D4AEECC370C6F21D4FB99"
"00_材料索引\仓库拉取状态\R068.json","519","C655B4C35FDFA6E38445568B3FF941CB339F182FA8ACCEBC8F60A7832E0E9301"
"00_材料索引\仓库拉取状态\R069.json","497","0B2961DFD8FDCC64AE4AE70902C0DCF65E9EBC252E77A8400EF08778C473496B"
"00_材料索引\仓库拉取状态\R070.json","475","6D97838E31256405EB75C7CA4C6A6550B1E2DDD0ACD29D6F980616BB3811C85E"
"00_材料索引\仓库拉取状态\R071.json","398","7AFA3F2E56D34FED83F06267601180D86B27168A8B9822298E7C5568BC6E82B4"
"00_材料索引\仓库拉取状态\R072.json","396","82BA2772D37E40797CA54E6FCBD77BD8291AA42A65D009DE07A6FCA48AC87E05"
"00_材料索引\仓库拉取状态\R073.json","370","37CC7787255D9470A92ACE12AA682D9ADFE2C6EF4E3CAC1E0611C8C2C4C86822"
"00_材料索引\仓库拉取状态\R074.json","370","C1E518A11C14544F2198D3A09AD77DDFC1916B6ED7B74F14DF66CBF445EE05A5"
"00_材料索引\仓库拉取状态\R075.json","370","311E11EA69C6E8347505B5B41B5A63F7BEE94682F4184C456065C9A35A3487F3"
"00_材料索引\仓库拉取状态\R076.json","387","06D87177DF064E27A99C22984354C2AD437DA73CC5C3EF8335C037537454B559"
"00_材料索引\仓库拉取状态\R077.json","376","0F8BE38D41312A823553160E5689F063FB7B8D2D1D6323011FA8852241FE8224"
"00_材料索引\仓库拉取状态\R078.json","371","452FFBE0934D13D467E3E6B3ACA4933841BA71FDA0AD4479293236F30B844D22"
"00_材料索引\仓库拉取状态\R079.json","387","CDB6D51B79A874B3378FFC61DEB359F42D76AE91BFA7875F7098F5863EDDC07E"
"00_材料索引\仓库拉取状态\R080.json","386","7A82392A301A934402958314E2CBB0E38C10DE8014E0A77298FA53F23C517DD4"
"00_材料索引\仓库拉取状态\R081.json","405","A72099C2E19D1B344F009A329D43905227CD7CFFC6EF548D13B2F530253A7217"
"00_材料索引\仓库拉取状态\R082.json","370","20391F5640533DBF2F62C8611DF3362B2AAAFA14CE7B78FF7A085449F593CA15"
"00_材料索引\仓库拉取状态\R083.json","377","182B0D4684B7F34D542F1B286292DA2FF00608A5FF6ED1BA5C239CF2009F2B84"
"00_材料索引\仓库拉取状态\R084.json","416","9C9A98DB3F04AA88DAC7A00CF7A54B60C913BE4210CCC76D9060252A2BAF5233"
"00_材料索引\仓库拉取状态\R085.json","388","E9737D89ADB588B91DFA5F01AEC6ACBE4E4D79F014CCAC4967802DF01A040453"
"00_材料索引\仓库拉取状态\R086.json","397","A5EA396FFE8F12C2CEE35FCA4735D6B42BBC6AD1342BB85C22FC0A816B7F6FAF"
"00_材料索引\仓库拉取状态\R087.json","394","5FC5CF1FCA34D1B873B142C7A70467B6B40B64CC1F34023423AF1AE45065D14D"
"00_材料索引\仓库拉取状态\R088.json","365","5242FCD30C7E4A8ABCD02AE298AE691247C5CF82A3EC47BE9BD40585209CEDFC"
"00_材料索引\仓库拉取状态\R089.json","389","0DCDB81D0520A87B5B4C3D812404B6C605146308356D6450B729BC1D0BE8EB8F"
"00_材料索引\仓库拉取状态\R090.json","365","A8DFE900BE0639504D402671EAC51AF743AD8B6F76117142AA08313779FFD76F"
"00_材料索引\仓库拉取状态\R091.json","408","68C805FAE40A369D85EEA6B8336B67782E03087E12C185691EA607DB91C1E11E"
"00_材料索引\仓库拉取状态\R092.json","391","ED0E089F5836ABF3FF3A16F3B5829E1F4F1BDBF62930BE961A6A34031BF12F6F"
"00_材料索引\仓库拉取状态\R093.json","404","1E1F998078F0AA4569B6AD98EB98426F75BC33BE49D1EEC6F152389D58FBD3A0"
"00_材料索引\仓库拉取状态\R094.json","406","2351C44CAAEF443DC3397B0C89CE27C0996EE02CB9C05273F47DB294D15A00D6"
"00_材料索引\仓库拉取状态\R095.json","387","C042300EC5BE0670BBC09B59DFA69135E7D60C36AF72311CCBC0BF2A6F0AE4A2"
"00_材料索引\仓库拉取状态\R096.json","406","42A80BE60EADEA4C1899A4A09115C690C7E6A687138634A37F3D1CCB268A38E2"
"00_材料索引\仓库拉取状态\R097.json","425","C07CF39CC2D8C17891B65D5C13B2BE04D7CB54FFA1F4698F1BCBE9D6A068CB2E"
"00_材料索引\仓库拉取状态\R098.json","367","5C2249E9A0180C74DCF178BE10C24B86E5A6FEBFCFF7542D392EE6F83D5E9A80"
"00_材料索引\仓库拉取状态\R099.json","379","56C03E2158B5EE27746C54D7AD0413BAE97BED3C36D666649333CB68DC349913"
"00_材料索引\仓库拉取状态\R100.json","386","BFBCAC722BDFA9B08A53B4ABE3802007DDDB2D68091911AEC6354D5FD34B0FA7"
"00_材料索引\仓库拉取状态\R101.json","452","2EB21F77D0738383E8274C4CB0A828EE0F9C3B56E800B1F7F7A627F1C231E482"
"00_材料索引\仓库拉取状态\R102.json","443","4F9B0B6F24A62D62DC1CD96DA684156854779C9A465370EAC6CA4F09326C65CA"
"00_材料索引\仓库拉取状态\R103.json","428","166EC44B1C0E01413C13420EB43B3049120684096EC0F4F1AFE7FF925A606B7C"
"00_材料索引\仓库拉取状态\R104.json","404","5717FBC86032558B8A965DCF53C5F0523C03F4D0A39532724A9CC5FE1E83809D"
"00_材料索引\仓库拉取状态\R105.json","430","D26A4F5375CDE1FFA39FEAD5384BD851C033D7546C176E96B1AF0FB684F09CD6"
"00_材料索引\仓库拉取状态\R106.json","453","672F4D7CAD535B714A85F41E99BB52F09FA40DDBF624C9525DA95D82949B1404"
"00_材料索引\仓库拉取状态\R107.json","414","070DDE2FF970D89A47D742671EED2D116F835C27054B731E75370CD8D0841704"
"00_材料索引\仓库拉取状态\R108.json","406","84D8DED3C442BC3D0D19D0D006018507017E15C9B7CD9818E5E7F0E1EA83F602"
"00_材料索引\仓库拉取状态\R109.json","425","90FAEC1CD6C0960742085385436355D63E28B60079AE6EC29FB45A7C6B205A5F"
"00_材料索引\仓库拉取状态\R110.json","404","4B81271EDF45F4F12131EA87A39A23B9BC2915A62DE18D5BFE9473F3EBB4C500"
"00_材料索引\仓库拉取状态\R111.json","500","AEA7CD1E3293CB05E38501EB8CCEB5421D416A94DE35EF40ECDC863558A9C205"
"00_材料索引\仓库拉取状态\R112.json","384","9DDA5EF90678DB9031C4F015FC4E943687CF4C93A7AB4195E2B3BC19BB138036"
"00_材料索引\仓库拉取状态\R113.json","392","6B88DECA9BAA33D06D4D4CB08094518BD2B1D0DB52DB670669A9BF288DD4506E"
"00_材料索引\仓库目录映射.csv","16191","E54FD09ECC2756E2B7895B71D10E253A7686ECAF87E8651863998BDAA9F3A2E5"
"00_材料索引\仓库完整性检查.csv","2087","A9DA5E9439280A981A39C82614E4C55FEEFD125AD1B75B6639E7840F8EA3F9C2"
"00_材料索引\赛题工作簿来源映射.csv","3403","527CBE67C192390751BB53A23F844CAA5B71C508725910054F8352CEC8EDC4AC"
"00_材料索引\外部链接总表_初始.csv","18898","D770610C9870494F7FF31B0CFBEBF7718CBB1BFA819A75923CFAEDB758DAD9C0"
"00_材料索引\外部链接总表_完整.csv","35667","54A7DA7FD6B901C7B67BCEB7874E61D2D511A2DF2E8C62F4EE850EBBD92ADE0D"
"00_材料索引\外部链接总表_最终.csv","55691","4638A567652B3E04ACBF2F14DFD31BD442EF65117A96E6506B174F53109DCE3E"
"00_材料索引\网页归档目录映射.csv","13699","B719B23BA619610211EC4FF25B968C5E273651E4D6422D91BEC172D552B5763F"
"00_材料索引\网页获取结果_补充.csv","14778","279149E1248E4006AF90DA9868A4BB34759D15BB02AE6393A9B276C0C1E4DFB6"
"00_材料索引\网页获取结果.csv","33693","100A16A725D3EDF1E75EE97EB38CD8D9B79F0164BB79102DFF763A4603B5078C"
"00_材料索引\网页获取状态\W001.json","399","F49BC14F0D26D4053A8EF5EF15F7DA0BBF112CB40833C02160A045FEBED65618"
"00_材料索引\网页获取状态\W002.json","337","14B0A821EDC227FC0F1448D1BDB16DDBB7110516372D88062994746E1FA76E53"
"00_材料索引\网页获取状态\W003.json","424","8244DDBD0D620E53A63242442842FCE4EC673AECDFBB17D7B69B921F94D1E17F"
"00_材料索引\网页获取状态\W004.json","396","421DA7805DBEABEA1C82C351B797282288D54413BE5FD2164E37CE5D782BACAA"
"00_材料索引\网页获取状态\W005.json","424","8E02DDD714387326E89A05860A4E37160D1145D2AC4AFB291791C5837E08EBEF"
"00_材料索引\网页获取状态\W006.json","422","CE553C7C734BC32B5815739A03D3308C89747391028111E19420A3DCEA61E7BF"
"00_材料索引\网页获取状态\W007.json","422","EFBC5BA202CCECBA3BB147DE6F83527641E612A931AD27CACA917B019BDA64BE"
"00_材料索引\网页获取状态\W008.json","398","9F56478147AF8CA6D45CBC29F8A8058611E17F9CBE4E8FB804CEA401CA01079F"
"00_材料索引\网页获取状态\W009.json","390","83D9E56A2960BF9D39FC0C6A57953C3CE78A62EA66D00194141AFC0D6ED94E1B"
"00_材料索引\网页获取状态\W010.json","393","9D5FFBF49EA5AF2DCBA399815B16F0AFD2DFA1660D244A707688EDE73C41A483"
"00_材料索引\网页获取状态\W011.json","393","D9BBCBBAA9C4CCB858844433C582A6AC030D03A76FDDEF6D00BFECA8E18C3885"
"00_材料索引\网页获取状态\W012.json","411","BA2938A34FF2AD4A1111F168D660FD5FEDC1AAEA42BEE5473E643AC138001CA0"
"00_材料索引\网页获取状态\W013.json","402","2162CEA8181E3DF15650BC237ADF5B59C7DCAD78BDAE0593D43B0E166EC0E0BC"
"00_材料索引\网页获取状态\W014.json","457","43CF9E7162C708AA4DF9C08EB92B16773D1FA9A9DB625ECCAE5B4C3D8DE57CC4"
"00_材料索引\网页获取状态\W015.json","469","68FA4A51D396D750C13A01ED47BC74E1E82C2E37A2B2E6B8DF21E07D92221F3E"
"00_材料索引\网页获取状态\W016.json","469","7501711E17E07E2AF68271171BC1EA15537624B2309009513D8DBCDD8986FFB0"
"00_材料索引\网页获取状态\W017.json","393","21F0F73E93AF34BC9752BE3B8AF28158D321438CB53F5960065AC7434E6C71DB"
"00_材料索引\网页获取状态\W018.json","405","2F2D89BE12C62F1F8F8F8C4905CF66987B64EC6A569E39C266F1BA2F4F00EEAB"
"00_材料索引\网页获取状态\W019.json","413","B4E639E24464F338EDC0252F1C114C4C25C2808A5C05309C669A3A6A1C24C2F0"
"00_材料索引\网页获取状态\W020.json","413","6F344BAD296A7A80CAC0A054BFFEB44AF05A10FB590884F94EBB72C5AC45A11F"
"00_材料索引\网页获取状态\W021.json","405","3E59B754231BFEB0A001B483E6A5B5070E6A5688C4FB1FE4C62D95330798194A"
"00_材料索引\网页获取状态\W022.json","421","11577E431708AA75C4CD028E3AE9853A65B4696C808F68578A72FB8236DB7535"
"00_材料索引\网页获取状态\W023.json","397","1D69B845CC7233EFE4C7873E3985CC6219491AD25F5978FD476538E2273D49B2"
"00_材料索引\网页获取状态\W024.json","405","0E7504DAF6C0DD30A0A584298F6F52E81360D642C862220DAFF215DE117D2DA0"
"00_材料索引\网页获取状态\W025.json","463","1E2CD481E15A57676CDA10B64C63AB25490A6B33C6A05D8DD60B3D970CBF6813"
"00_材料索引\网页获取状态\W026.json","431","00736FCAB1F96C7B5081509C634961C73847DDF0C95831B4C6FA270725092D9F"
"00_材料索引\网页获取状态\W027.json","429","B7645C6E8E1C36992EC38E036D98C21961EC7A4B30082445312430917D0DD1B5"
"00_材料索引\网页获取状态\W028.json","421","9F2E27693290CEAFA68F1BC5A10C87A73CF06C426CE39D74B71F7208EDCDF53C"
"00_材料索引\网页获取状态\W029.json","379","16B79FB0FC58F04F401898C7103A8E1B914B77500BE75FD8142FB79442BDB71F"
"00_材料索引\网页获取状态\W030.json","391","AB20CAADABC043DD2E309D5E60DE6CFE625F754198AF0FEB8BFE9C222C46B509"
"00_材料索引\网页获取状态\W031.json","391","126B606833EA06BFC9B7DDC8013CEA42CD413D5F5A4AF48E9887BC2B6FB2284F"
"00_材料索引\网页获取状态\W032.json","407","72BA93C006742E6172E1379F185F13360E0CF63621978772DEC455FD0E19C3FB"
"00_材料索引\网页获取状态\W033.json","403","B76F19BF3A7045E616410BDE140CAEED223F903BFB20BE6F0C3C7212F9F38157"
"00_材料索引\网页获取状态\W034.json","403","9764E7C5D6A0A0F5A24351C068E57E4356733FC4D6478C284706F948668BA1F5"
"00_材料索引\网页获取状态\W035.json","429","04D2EB2F6D0772635B18D547D339E620D7F8E9778B364D538E0766416F777517"
"00_材料索引\网页获取状态\W036.json","421","B4DCFC88C21A8DB6D166FF797414409C543DFA6CE432A13434EDD437D3C53FFA"
"00_材料索引\网页获取状态\W037.json","407","8AE236B0D6EBA2D9E498F4C2E09086D134B3C9AF2A999A7CEFA43EA138A3B3ED"
"00_材料索引\网页获取状态\W038.json","383","8BAFB3347801FDF19F3C5005A5EE1F823F769B264D233DC7C47E96F060D871D4"
"00_材料索引\网页获取状态\W039.json","383","2B95F5083F5A8622C589CF95E247111FD87C13F0F191CF989BE57EADD1EDBAE2"
"00_材料索引\网页获取状态\W040.json","435","6CAE5BAA2BB69DCC4E45473C78814C542A3151B4F8C549B493391B43F7D0D7CA"
"00_材料索引\网页获取状态\W041.json","385","BC65B685850B1295CCC0FE477C53EC18D9C368469F0D760BDB42F4E26F4F6C6F"
"00_材料索引\网页获取状态\W042.json","459","4651608BFAFED18929AFE97329A760BC342F665F52C63E337AC23F63630FF575"
"00_材料索引\网页获取状态\W043.json","393","41D7C869D52F8BE1E700D9780F62DE557BFCF3FFE1C7C1F4D4D457B1B4E10CD4"
"00_材料索引\网页获取状态\W044.json","395","618D9942E80D0716AF7BD5BFFCF0BD100E8BB7AD63AADC539CC32339CD5A496E"
"00_材料索引\网页获取状态\W045.json","350","C83ED8D8A9B204F47157A715A6E85F9A2038972D698D5452CB44BBADB98AD918"
"00_材料索引\网页获取状态\W046.json","405","B9E9DD6CCC84EF958385E38BD3A0C55A1B1D100B7211B8E15590A7B1BED671EF"
"00_材料索引\网页获取状态\W047.json","457","BBC1A1D0DC6FCA4BDEB334320BEA20B6E31F5803A713FAEB7FE3D6C817686F1E"
"00_材料索引\网页获取状态\W048.json","399","DB83EF649BD2975C1507217AF8AAA2DC7A9AC33DBBADECA18FA993264BC8ACBF"
"00_材料索引\网页获取状态\W049.json","393","BA1C2CD3ABD4EAB9D6F5BCE0C963DA3B147841D229B1FF588179A65580FE8C70"
"00_材料索引\网页获取状态\W050.json","417","CF3495AF08993B03A769A835349C9E16A4A92F0F558A9862AFA6E1F1178BD8F7"
"00_材料索引\网页获取状态\W051.json","355","960621CE113CBFF03F38B7B9DC74ACDBEF36E81090F6512C6168DED658BB4E3E"
"00_材料索引\网页获取状态\W052.json","411","1C79666CCDD2FEAC340954E7D4E0C232E39440A3460FD3E78726C49B23B709BB"
"00_材料索引\网页获取状态\W053.json","413","53303F3B9E22FD64038A7196C5E8094D0405BD8CAA77AD93158F1973E62EC221"
"00_材料索引\网页获取状态\W054.json","399","B572004798A19FDA2A22E0D4C3D49EBA5BB8C502C330B1D6632C294DC872FF2E"
"00_材料索引\网页获取状态\W055.json","425","61E8FBCB3C9285CA087A711B71BE6FCD4DFE1DC89769A98276AF6F66310BC6D4"
"00_材料索引\网页获取状态\W056.json","417","A53F4B1BA252A36DAA0E6FE1DDF83BAA9CB07B6C52FC83C438A58B947E395E6C"
"00_材料索引\网页获取状态\W057.json","425","C94C9F6C8D5B287F939CE334165FDA022DFBD9C0C7B13CF7E0E462863E1FAB6B"
"00_材料索引\网页获取状态\W058.json","500","B1B170A7F6D801133CB360004AD57429E18FAEF4A4218FD027F186A42AE356DE"
"00_材料索引\网页获取状态\W059.json","485","D434207A16B3A500592B8C40ECD82C547931A10174E4CD1199298CE4D411EE8E"
"00_材料索引\网页获取状态\W060.json","407","70DA1911E1EAEF5F8EF76AAA9DA586B5DD1992E5EA22F07BD07AB77E8421B931"
"00_材料索引\网页获取状态\W061.json","393","56C317B933E39D09539CC0D349663E3E64A5D794E023759E34E84D54787C1514"
"00_材料索引\网页获取状态\W062.json","405","BBEF82B0FE23C985C36B078C50D204D7FBD0AAA7A47F83D610C3ABFC39A40C3F"
"00_材料索引\网页获取状态\W063.json","401","EACB08BB482C195E3F305E94181D9DFF7AD26BE8AF1157C9AAA33D5F52AA1D47"
"00_材料索引\网页获取状态\W064.json","439","2D9ABD404F7A439797D648C6151A6CCE9C1A7B8CD948F9AC4D99AA5AA623AA4B"
"00_材料索引\网页获取状态\W065.json","395","61CA3BC17528C55D672478FFCE3879C9628376750EDFBBABBBE68C7AAD129ECE"
"00_材料索引\网页获取状态\W066.json","451","A1A9E6F9CD7EB9107147A3EABCEDDAA26FC8DAA65D072AE442C23548871A9981"
"00_材料索引\网页获取状态\W067.json","441","67DD14F41288FE83650AC5DDC60643FDABFECB48D43D8335C65CC4E7DD5E595F"
"00_材料索引\网页获取状态\W068.json","479","8F03D9C7FF3929CFE304469E1185EF2033EDA0EF7D3660F81401F23483E08495"
"00_材料索引\网页获取状态\W069.json","441","4B1E7EE6EB17DF269D317373E34911BF27834250EF2C8E059D7F580F3B80DD79"
"00_材料索引\网页获取状态\W070.json","397","CD309341BBC1ACC6D9E69CAF506517ED5D19273542CBF6038210B16F0E02BFC6"
"00_材料索引\网页获取状态\W071.json","384","8C381B5426775536FF9C0BEFE5073AA3F0304DF952D926B2B3E9C50CFE229C8B"
"00_材料索引\网页获取状态\W072.json","382","B75DC82320712684212106D6AE877B502A4930C7CC93F9D4AE0AB9A72E0F7E64"
"00_材料索引\网页获取状态\W073.json","358","BA26C5A5AB318BDA970D9D23D78D48F31CEA7C19BDC3890269150F2C5D8B088F"
"00_材料索引\网页获取状态\W074.json","358","21F86C3E3810FCBC9E9A553D168245208C0393323321C7A47CD48B5F594A543F"
"00_材料索引\网页获取状态\W075.json","358","A4031E415BCFB0BA5A52FBDEE13A947659715F0CD5EFD690E95C9124912D845F"
"00_材料索引\网页获取状态\W076.json","373","ADD455DD336B8432B361FF208FEA6331310010617C7C62F9213A616245DDB259"
"00_材料索引\网页获取状态\W077.json","362","DAF8239BF8D7A22D47FB668F4BEE3F5BD3AFA7A9719C1BE433212EDFD28DD57D"
"00_材料索引\网页获取状态\W078.json","368","3E5730CB2BA6AF9C67FE8DE78AA0B2D499CCED77D31C0423479150E69E16D285"
"00_材料索引\网页获取状态\W079.json","373","9968A0463B8732BB10D842D335DCE0E676A6EB118F9E3D5AF52966AC1588B49F"
"00_材料索引\网页获取状态\W080.json","373","8E2E31E5D05D9D235E5F58DB59E07920E0807DD6486E7131893F2B5265C93AA7"
"00_材料索引\网页获取状态\W081.json","460","FCF1B4FF929EB07451F97CADB323E66FBA2159EC344592F0C384C9A7C13A3FD5"
"00_材料索引\网页获取状态\W082.json","358","A83B336B3122FFA12AFF4AD762613BB995C2D263030418A8C2124707CCD75AA7"
"00_材料索引\网页获取状态\W083.json","365","8FBB88B6AD6F75F5C76F19B78BD989DD2A02234ECCB35BD53C499A4D85C6C8B7"
"00_材料索引\网页获取状态\W084.json","414","0C1B266BB48A0AB0651D65EA83742B1680F889B0DB2257551CF36D3C48E61F4B"
"00_材料索引\网页获取状态\W085.json","376","07B0855AC85B04A25FE0F0DD95926C5DE345A13F7AA05B9617D9388A04140E67"
"00_材料索引\网页获取状态\W086.json","385","CCF603E649F2217CFC64748618F7F738C0042331DBC1FCB9B4CCCEC618B9E254"
"00_材料索引\网页获取状态\W087.json","382","440D6FC45FFBB873EBAC01CC31E34E8DF5A1C67B33CE143FD70551441E4E6FF0"
"00_材料索引\网页获取状态\W088.json","396","288BBD97F7F243DA01D9E9873C64B453F043C60CC2A2CD9B005984456496ABAD"
"00_材料索引\网页获取状态\W089.json","377","7C8069C600A39C808D306A8AA61898F6DEBEB83F502C3CFD5DEC0F911ED0648F"
"00_材料索引\网页获取状态\W090.json","353","8A2E46D72D6B7F4C31F4AF94FC901C4EBA37099D9BBD42BEB4F7FDA387EACA3B"
"00_材料索引\网页获取状态\W091.json","451","511718EF352E48753E13612DBBF981D70C2AAE6B219721506C878A2EAE4883C5"
"00_材料索引\网页获取状态\W092.json","379","F665057A87C28A5D2664B3FAA93ABBAFFA43D27A460A790EC6153D4D17985240"
"00_材料索引\网页获取状态\W093.json","388","7776DCEA7A0EA7DA5AD95AB49011AAA9B4B9807AA918F6A965BFCC7A70042E7C"
"00_材料索引\网页获取状态\W094.json","429","D6006CDC18C49BEE526F325D0CCCEDA6AAD9943846466CEEDF5AA4BF537FB579"
"00_材料索引\网页获取状态\W095.json","448","3E403DEE596C8F472120759BCB294B1D9FD7A1C9F2B0D9B4CEC7334502E26343"
"00_材料索引\网页获取状态\W096.json","394","7E21DE930266053149F01869F49F7A0887D592AECA0B0BB3A6221DB92E7C1D09"
"00_材料索引\网页获取状态\W097.json","412","6163CAB42DBF423FDEFD7FCE3C8E10A52EBD18CED54335D9A14C3EB6EEC13F9B"
"00_材料索引\网页获取状态\W098.json","383","E7849EBC95987D32427D9411F888CA06BAF5ACB1572AADCBC980F3BA09715634"
"00_材料索引\网页获取状态\W099.json","367","50BFBF568454EDA0C2763A5342F4ED51F2C035CED3EE0D1E036A1FFA586C4FE9"
"00_材料索引\网页获取状态\W100.json","426","ED3AD634B8F186274C029693CA2776B784213A0DE7F7A39F14021834A83ABE90"
"00_材料索引\网页获取状态\W101.json","513","AD9E6ED44CB8595504E75E2F0C24F91925FD011FA5681BB7EC1B2F58F11CAC3D"
"00_材料索引\网页获取状态\W102.json","431","92F62628005A78B6C6E17F005060EF65C73F0C8BAA723CD71B2716A6E4DF1A41"
"00_材料索引\网页获取状态\W103.json","416","B2E440A9BF12EC283D22984877FF1E6B0FA547127F31B868D2A2DFC98AE4D112"
"00_材料索引\网页获取状态\W104.json","392","5437765FC8E4C5E0E3B0D37B28AE6F90BA307A4EE92D523DEDC87208739BD9CA"
"00_材料索引\网页获取状态\W105.json","398","A4B3F85ECB254E7598933BF0E06DE9DFB036D1FD3DEBA27F39AE903A70A936AA"
"00_材料索引\网页获取状态\W106.json","441","9DD8A3423AC48C0116C259D9EC0AAC4560A45EC4EC986F06AF62941796665D8B"
"00_材料索引\网页获取状态\W107.json","448","0AA8BF888B828201C25AB0CA3A76C14C91659FE71FDC428A65170CEF25533396"
"00_材料索引\网页获取状态\W108.json","392","85AAE7984BC04AF990693D2846091D2525C0E9B301CF7E24BDEC617CC6A5131E"
"00_材料索引\网页获取状态\W109.json","413","1335184D96465429F0F589812BF3A8B119860D928A1DFD5143BA80A723FC7526"
"00_材料索引\网页获取状态\W110.json","451","CADEE8A6B1E5E2A2C5E028658E02DA1416CFD5D2534E0358D558A657D1B85FB3"
"00_材料索引\网页获取状态\W111.json","488","29F5D5007213B088FDBF6A3D0E0E4811C8D1A1A738D410FAD5F5528FB3FE768F"
"00_材料索引\网页获取状态\W112.json","373","99AADF95AF024EF22DDC870CF2F739F5E70D1FF53E94E92BF5556D1FD3CE10D8"
"00_材料索引\网页获取状态\W113.json","447","F9088970AA3397C8C363B1A9933FE0E4EC44DC463C125E2AB2CE76A6FCD2FFAD"
"00_材料索引\网页获取状态\W114.json","390","CDFB81C01B8C217839064785C702D8635660A7A2F119E877DFC8CDFB304CCE67"
"00_材料索引\网页获取状态\W115.json","390","91DA33E5D40D281465A8BF95427184CE672A324A47261F647607B666BCBFE2A4"
"00_材料索引\网页获取状态\W116.json","442","3777224B496A3768671516492B5592FE538312613A85B3AEFEDF2C18C621F0F4"
"00_材料索引\网页获取状态\W117.json","437","0189A8677CEAA89767929CC47772D68D6F3E7D07BAD446A31EE0AF65F5160D80"
"00_材料索引\网页获取状态\W118.json","472","DCEACDCF751EFB4014562CF016D46262ADF83287B0A995220B37287D258B18A6"
"00_材料索引\网页获取状态\W119.json","462","C91BC6087EE5B09990847E74FE6457568D1722D99A693109321AF202E49FE30B"
"00_材料索引\网页获取状态\W120.json","457","29A73A4E1D0BC5DFD3D2BF8029F0BAEFF740895874CC74BCE8D404BF660FC0EF"
"00_材料索引\网页获取状态\W121.json","442","00A7670DC80AB6C6511A8FD8B767AEF3734946F9DDAE2F68863C27AB3D444FE5"
"00_材料索引\源材料文件清单.csv","5021","445C21E7C68A871C124140B8ADCDEF94A6C6709177F41425CE0DFA4CA4A0AF4E"
"01_S9赛题原文与规格\官方zip打包脚本_zip_op.sh","423","E26B174917E0816FED9CE907F538F094D9FBBCEF76B93DB54EB299BF58DB4A43"
"01_S9赛题原文与规格\原始材料\华为云Ascend C算子开发环境搭建手册.docx","1305871","4AF2B2A29DE60D88828AFE92553770D76EC9188274A11300C4A897A85B944779"
"01_S9赛题原文与规格\原始材料\算子挑战赛（S9赛季）云资源代金券申请指南.pdf","491107","5594D1362D84A79C1EBC593B6D7827500405626B8C248F2C2D125B88306774A5"
"01_S9赛题原文与规格\原始材料\算子挑战赛S9赛题.zip","71404","DAB2D9458AE35FC2683424B6C6EE352E58FB710F93D394D024B1FA6E1E602499"
"01_S9赛题原文与规格\原始材料\提交说明文档.docx","185953","D849FC373439D681DC7895D38B920E217C260601F2235CC3C13FCD8C7901694B"
"01_S9赛题原文与规格\S9五题完整规格摘要.md","2753","90343F61FB75C9A80989EFEA81790E348D8BAAC9999290DC88B3FC6177BB83C8"
"02_网页归档\补充网页\S002.html","1000","A3BCB480558998FB138D93D57D26DCF01B6000A169A6CCFFD5952E6435E587F1"
"02_网页归档\补充网页\S003.html","1000","A3BCB480558998FB138D93D57D26DCF01B6000A169A6CCFFD5952E6435E587F1"
"02_网页归档\补充网页\S004.html","49803","BE2DC4D78083469FC765CDA74110F8F505F030E8B892B5FD0AE2E9C4BD540149"
"02_网页归档\补充网页\S005.html","46448","8425C128E4401F54371FA50EC752F9B74BCB0CDFCA53675790DCC7D60466BE90"
"02_网页归档\补充网页\S006.html","52113","FE6AE93C7DF3EC2FF2202C2C83B7DC08C76CEECBD9CB3A77AE58746B3B817C57"
"02_网页归档\补充网页\S007.html","44756","D6C365B58E2110119CF6F2C0B4B6B12D43A7AD882D21533C9B3794728171B606"
"02_网页归档\补充网页\S008.html","45955","DBB71270693415477888B6A62084C38196A2FE18A818FE3ECAADDBA01742E73C"
"02_网页归档\补充网页\S009.html","53229","2702CC60E4FC0A4141EADBA725CBD119939EFC3D593D17CB439AD2FC49EF054E"
"02_网页归档\补充网页\S010.html","49223","3C97D5645FC36007932A3999B67378F111E42C6A2E644D657319121095DB1BD3"
"02_网页归档\补充网页\S011.html","44591","09484BB79539293D571A2593707B69FD4D15F9F458AEAF89540774D6F1AB5422"
"02_网页归档\补充网页\S012.html","54217","205F2C02F708A19AA81DD28B841EB964FD3270258E36BC5C24CDD1354E612971"
"02_网页归档\补充网页\S013.html","46908","8C74A4B293343A749021D0A9B6605E170099DDE58C1D264380C38B8EABF8BA3C"
"02_网页归档\补充网页\S014.html","42189","94F7B55EDC2DF82105A86848043520F8F293E1EB13E5165D54408521FAE15F50"
"02_网页归档\补充网页\S015.html","48897","369A88D3724647156F1368D13438B4D3BAC47248183073BC2A4697FC2BA3080F"
"02_网页归档\补充网页\S016.html","49008","D063CA406B666166117D7D20CB51FD3386967CE8729315ABF2D703282153FD55"
"02_网页归档\补充网页\S017.html","49020","449AD6A550A4C24AFC628F49CDC19AABD40ABF885726C59128AFD384D896DBC9"
"02_网页归档\补充网页\S018.html","52012","F17CA601D86310A270432E29F6CE6D51908D04A1358C8D561CF73F53CB562837"
"02_网页归档\补充网页\S019.html","52347","8AC204DC2ECB0C0788F5ADE2FE4DE9DB78AF5960B9BBE2F4A6D85518B37F0F0E"
"02_网页归档\补充网页\S020.html","76971","9B44E5B4CBDCD4D13114E341ECFAA5B9B7CFC1354508ADBA5F47EF3463C91BF8"
"02_网页归档\补充网页\S021.html","59288","CE7FC4020D9CFAE434F1002FAAAB9644ACD74D8D8835ED4BF7438C251E1F6617"
"02_网页归档\补充网页\S022.html","48585","0492B1EE77EEB6F9CFAF7692567D5D3D22DA191BDC18228B77137108BC7E85D7"
"02_网页归档\补充网页\S023.html","1738","E396D8FD950EC06EB5D5981808782B718C2990278EC74576E40982B885D74349"
"02_网页归档\补充网页\S024.html","32871","7C1F82253B729AECC403F045FF0B904310D2D99F8BA0D584A1B5679762AEEFAD"
"02_网页归档\补充网页\S025.html","350752","C823C7898A55C70DB14BDA0FE48F4564E8EC7E5A31D7A5688D182154930A3F49"
"02_网页归档\补充网页\S026.html","86962","02104780A6CB4FAE8060561B3606FE6E4A0EE2282D14CF96E6753088070FB0C7"
"02_网页归档\补充网页\S027.html","951662","8AA27AA1FFD2B9BD3647AB240855D184515CB425562D1E97F4F091688823774A"
"02_网页归档\补充网页\S028.html","423","E26B174917E0816FED9CE907F538F094D9FBBCEF76B93DB54EB299BF58DB4A43"
"02_网页归档\补充网页\S031.html","43677","BCC87DE386FFB01F840B7280BA07F6D97A5DAE569ABC1CBC0E42F3F6F5BED56F"
"02_网页归档\补充网页\S032.html","53221","C281D92BBDF60E6D3410B3BB03960DE490842CFB7B0E51E024CA19C729814979"
"02_网页归档\补充网页\S033.html","1718","C13A316464AF739289BA7A23D880CE5889E6E0AB20ABF6021B5040D507EB3A85"
"02_网页归档\补充网页\S034.html","1748","C300D61B546C758D6E6C0B7170AFE66F91DBF01C94420FD6CC129FDAB22305D7"
"02_网页归档\补充网页\S035.html","1778","73BB68744E3FAB55CC2BC0DA510309A1EF441D64152FC0539866410D32B10F32"
"02_网页归档\补充网页\S036.html","1733","2F498EBC6C32D7AFEBC3C1EC0FCC3BD0403F835BD7AA96245698D6FDF258E18B"
"02_网页归档\补充网页\S037.html","1225532","AFC0CE6F65F2CA278B68ADC22EE81E0FD8DC9BB4DED9972954E43BD8DF2FEFEF"
"02_网页归档\补充网页\S038.html","1225527","C9CFAF9736C697CA09948C700A24596F7C9D4A22681014F24EE106655843EE77"
"02_网页归档\补充网页\S039.html","1174786","361D000EB43600354CFE3C462E52257BE51F3DCFF3E53737921786DFB5DA552E"
"02_网页归档\补充网页\S040.html","112226","F7E30DCCD7097C240E34D7C2248C94A12801D3C57662C784B8B91F231181E94D"
"02_网页归档\补充网页\S041.html","112357","2D5B26D0A99A23C4F7F922CD02D6CF40DFF1471258F468687CA405FD950F040D"
"02_网页归档\补充网页\S042.html","112309","32FD9462CECB36391F3EA416123FA753906626982D7A711C7E575F66DEB5428A"
"02_网页归档\补充网页\S043.html","99991","FBEC6B5D29BDA0E74F916DD1C2A2F62114E84ECCD9695FCAA58665DC544447AE"
"02_网页归档\补充网页\S044.html","345209","009D1D15728A65596D6CE6F48E8E30DEED29D51B595AECE8B90936F37E17D78B"
"02_网页归档\补充网页\S045.html","115249","67FAD9D03D05102A689DE25572E676B7C0C9A2A66A6687EC6397A2099CF5D8CE"
"02_网页归档\补充网页\S046_torch.Tensor.index_add_.html","53437","65875F72C5B6EB936FE7236ACB2A47C5491CF6CE4EE3C80B5BAC9E727DAB16CA"
"02_网页归档\原始网页\W002.html","87458","2184EB2B9938B814AE45F3AB33109C75F402DC67ABD44104B58B3DB7B2BAE30A"
"02_网页归档\原始网页\W058.html","137342","8EC2350096518D9F6C2E74FF5CF2191FA5F647C5AE81CF5D69AB721A2A874349"
"02_网页归档\原始网页\W059.html","133900","64F0DBF1381307197FE399F7DE104F1A06D7E594D92BAD77228AA30309B0EBBB"
"02_网页归档\原始网页\W062.html","157155","B6D02A822A4FD770834F620B651CDD3B0BEB43B20BB9E3B88A97BB42C48D3931"
"02_网页归档\原始网页\W071.html","234600","A0BA8DC968344418FD52F37B7C49DABF310CE40AEEF6DE7DC2482D2FC5E8E0E0"
"02_网页归档\原始网页\W072.html","238787","ADC60A43901783A52999444C1C900AE8430E991941D1E0BAFBDCDC1E1F107856"
"02_网页归档\原始网页\W073.html","220765","92B5B8F8C7BFBE2E32FDCA84646D4125305F868A718FD82B6C6FD0EBE74BA64F"
"02_网页归档\原始网页\W074.html","220905","E288631BC77603187DF606E56BBA4C2FFCE172A6EF2A7D19617431E9BB32CC99"
"02_网页归档\原始网页\W075.html","222816","BF3FC21E8DC323F30832C4FB735265D7406EC3B15A2B7D462F545616AADF3FD6"
"02_网页归档\原始网页\W076.html","236671","DA26584AC0884EB84E232E64A5766B256CF959CA1363E058C9BBA67485F25D05"
"02_网页归档\原始网页\W077.html","228955","DF8593606299D27A481BF7FAC0B66EA40D20EE4CC4EE905713F19CEAE78634AD"
"02_网页归档\原始网页\W078.html","229854","7E52611C474F4EC04B1C7CDFFB172D8C7CE76C8C92081831E8C1E567AA65745F"
"02_网页归档\原始网页\W079.html","225483","807225004D12300D73D03C46F907E729FBD9ED55A7E4FA182AB00ADCF3BCBE7F"
"02_网页归档\原始网页\W080.html","237408","9B0050F15B555182DA4048DBC708D5520FA2272AAE3842359DBDCAD4845125FF"
"02_网页归档\原始网页\W081.html","227410","06778B1E2D5FB228545C3C505B7A707C806B4B7F03BB9693AAC219AE2FA80A46"
"02_网页归档\原始网页\W082.html","233803","4A47BDBB194EF26EBE4F89D6147ACB90365AEE7E78D3BB3C563A99C925EF660B"
"02_网页归档\原始网页\W083.html","220887","908559526023A6B2950E7D18EEA76A603B49FCFFC23128CF608BB838E952115E"
"02_网页归档\原始网页\W084.html","228422","9249A84AE95B22B8131472BF1B90FF189B546E421A567E9B32DEBDE0C9D7BECF"
"02_网页归档\原始网页\W085.html","227479","9BA9626E2C9E2BFB44ABE60E87C0392B4879A443EF8829B350FC553F2435BB8A"
"02_网页归档\原始网页\W086.html","226575","11B99AA2AC6DB4A67BF3477297287ED58D5621E6358A8D11AF2072F92E5B1950"
"02_网页归档\原始网页\W087.html","248142","BA6C6F6F972AD52821226084E0158EB36F2281A7246AC86F08C3C0216378A978"
"02_网页归档\原始网页\W088.html","234912","6641D56AC2BA4DB151F496EEF4FEB6684FD1711990A124CC18867417C2A312BE"
"02_网页归档\原始网页\W089.html","229839","9FD31CBA408E2DCAC8BBD9243DDFF64C5E260ECBEFDF95795C34993D5B536C2E"
"02_网页归档\原始网页\W090.html","225235","9FB2A02494AE164312F02342C7C3431AF6E10D92A8B0DC58AF9847C50FD1C741"
"02_网页归档\原始网页\W091.html","241013","8FC61456E8DA98D161D7DE9C2B435F61F7E6C29E9F0A4CF9583A62E04BC7A07D"
"02_网页归档\原始网页\W092.html","232577","9FC15027BC792A74F3A1F057F1084F837AA80052BC22E607890E02C6433ED205"
"02_网页归档\原始网页\W093.html","226497","794A3E46D34D6AA84A760F2BF1E3D88C987EF57FA0F2FC6E63E4F5D59247BBA8"
"02_网页归档\原始网页\W094.html","262373","13228CA0EE65EC2AD006F917CBA213C8803D5BE9D1816DB73769342BFAE39182"
"02_网页归档\原始网页\W095.html","265051","D0DCEF237263FAE031B788CDD5AD35003B18E4E8815A6F5C4F5D78E2E682CB54"
"02_网页归档\原始网页\W096.html","235812","5790945511C8B96E71B90BD441A83B286D9BA79F04FBAE97FBEB9A49942EB823"
"02_网页归档\原始网页\W097.html","238539","AD086C2C5B989DA1BD30D92692578DEBF22D37BB584158227B308EECDF36AC5F"
"02_网页归档\原始网页\W098.html","229966","7CAE0E768C8BE1781CB99942C353332457DCE47329153BAC5DCF749D27441976"
"02_网页归档\原始网页\W099.html","229921","E0AD6BA25EB01F850F2642D8A6E90BE5A965E8E0433FD5CEE72082244A9C9BA0"
"02_网页归档\原始网页\W100.html","322389","8487CBCF5252E1E6FE27401A2B15A5EB20EFE3C4B8D952CD365D863F6EE76241"
"02_网页归档\原始网页\W101.html","200269","685CCA19E5C02BB1BD68B663C530598D63ABB65ADBD6C7115FD1E342F2E405FA"
"02_网页归档\原始网页\W102.html","242860","C7BC4964F19422E51CC376EF2AAD545C77E9E3FD35092AE5093325DB99287B7F"
"02_网页归档\原始网页\W103.html","222346","C728DADB1D6A9AC064AA4D975A4A97A7F98514F4F9F30A23BAEEFF655469D25D"
"02_网页归档\原始网页\W104.html","235671","5D9CE8AE50AF66CD1288DCFDF021D09D8D340897B4004A76E455B222A3BA851D"
"02_网页归档\原始网页\W106.html","231688","34669273983E33D081E9CA72ADC9019EB17B43C122B7C3AEEE374CC80F5CA6E3"
"02_网页归档\原始网页\W107.html","235480","0F0107F48858B8E28A2AEC2461FF3DA93C575676D150A3590D4CB726073D45D8"
"02_网页归档\原始网页\W108.html","237144","5128AECE49BAF0A312609853D17281792CD2C99C531AF1B08FDFC22A7D1E359C"
"02_网页归档\原始网页\W109.html","236120","D164294CA2589B489ACC81A74F8853DEED07F0F18F434BBD969E9656ACFBF19F"
"02_网页归档\原始网页\W110.html","233638","67CFF5376E5A5474A95B15064B4F3007BD4FE5DE4CD2C2CD5C02DC9DBD45AD78"
"02_网页归档\原始网页\W111.html","260674","AB9DED3EB25BF24944270D011B15BCE8C96063C7B75A9360BD2BD6FE82A91C54"
"02_网页归档\原始网页\W112.html","235570","FADE8530B3CD86576FC1967FFC246B501684F34C9F0DEA60F4C492C9306691BE"
"02_网页归档\原始网页\W113.html","233349","E40520D4836E0468FDE2C62AD17FAF4252F34A8DFBDDA50749DEA872D9E3012F"
"02_网页归档\原始网页\W114.html","4998","5E6707284BBDDD62F85B159ABB8D16E4170DD1E9EF5BA70B26E1A74891D9D9AC"
"02_网页归档\原始网页\W115.html","4998","5E6707284BBDDD62F85B159ABB8D16E4170DD1E9EF5BA70B26E1A74891D9D9AC"
"02_网页归档\原始网页\W116.html","49995","AE9EC0A8E03CE9E19F0AC1AE98881A12058F4D1CF53CEB8B570B0CE44CF7CEBC"
"02_网页归档\原始网页\W117.html","48856","6D24B4E3370308D7A4DAE9D7375DA80E3F5588781C55916A5CAE5E42D38007A3"
"02_网页归档\原始网页\W118.html","46235","05811CF31D2C96DDB3ABEBD2F1C1211FF4EEE647D28524E99C81EE9827501FE6"
"02_网页归档\原始网页\W119.html","47294","79B6642B81DE2BBF4E3D174EF610B03BE3A8E72A54FBE4126D2CE17BCFEFF227"
"02_网页归档\原始网页\W120.html","46904","BDE8266F71B2327DD18ECEC77352149B066E0BC362FFD6C5117F15947031CD12"
"02_网页归档\原始网页\W121.html","53732","646AFE0A1DBDFA2AC63760D580262E87DB2FC37C7BD10689787A97F10C920306"
"03_往届冠军仓库快照\R002_gitcode_szdaniel_S6T\.git\config","295","8A27B063EEB1C7A03D3ECE226A37970D718BC6B2A8D3F3688D0C5B7B7B329CAC"
"03_往届冠军仓库快照\R002_gitcode_szdaniel_S6T\.git\description","73","85AB6C163D43A17EA9CF7788308BCA1466F1B0A8D1CC92E26E9BF63DA4062AEE"
"03_往届冠军仓库快照\R002_gitcode_szdaniel_S6T\.git\HEAD","21","28D25BF82AF4C0E2B72F50959B2BEB859E3E60B9630A5E8C603DAD4DDB2B6E80"
"03_往届冠军仓库快照\R002_gitcode_szdaniel_S6T\.git\hooks\applypatch-msg.sample","478","0223497A0B8B033AA58A3A521B8629869386CF7AB0E2F101963D328AA62193F7"
"03_往届冠军仓库快照\R002_gitcode_szdaniel_S6T\.git\hooks\commit-msg.sample","896","1F74D5E9292979B573EBD59741D46CB93FF391ACDD083D340B94370753D92437"
"03_往届冠军仓库快照\R002_gitcode_szdaniel_S6T\.git\hooks\fsmonitor-watchman.sample","4726","E0549964E93897B519BD8E333C037E51FFF0F88BA13E086A331592BF801FA1D0"
"03_往届冠军仓库快照\R002_gitcode_szdaniel_S6T\.git\hooks\post-update.sample","189","81765AF2DAEF323061DCBC5E61FC16481CB74B3BAC9AD8A174B186523586F6C5"
"03_往届冠军仓库快照\R002_gitcode_szdaniel_S6T\.git\hooks\pre-applypatch.sample","424","E15C5B469EA3E0A695BEA6F2C82BCF8E62821074939DDD85B77E0007FF165475"
"03_往届冠军仓库快照\R002_gitcode_szdaniel_S6T\.git\hooks\pre-commit.sample","1649","57185B7B9F05239D7AB52DB045F5B89EB31348D7B2177EAB214F5EB872E1971B"
"03_往届冠军仓库快照\R002_gitcode_szdaniel_S6T\.git\hooks\pre-merge-commit.sample","416","D3825A70337940EBBD0A5C072984E13245920CDF8898BD225C8D27A6DFC9CB53"
"03_往届冠军仓库快照\R002_gitcode_szdaniel_S6T\.git\hooks\pre-push.sample","1374","ECCE9C7E04D3F5DD9D8ADA81753DD1D549A9634B26770042B58DDA00217D086A"
"03_往届冠军仓库快照\R002_gitcode_szdaniel_S6T\.git\hooks\pre-rebase.sample","4898","4FEBCE867790052338076F4E66CC47EFB14879D18097D1D61C8261859EAAA7B3"
"03_往届冠军仓库快照\R002_gitcode_szdaniel_S6T\.git\hooks\pre-receive.sample","544","A4C3D2B9C7BB3FD8D1441C31BD4EE71A595D66B44FCF49DDB310252320169989"
"03_往届冠军仓库快照\R002_gitcode_szdaniel_S6T\.git\hooks\prepare-commit-msg.sample","1492","E9DDCAA4189FDDD25ED97FC8C789ECA7B6CA16390B2392AE3276F0C8E1AA4619"
"03_往届冠军仓库快照\R002_gitcode_szdaniel_S6T\.git\hooks\push-to-checkout.sample","2783","A53D0741798B287C6DD7AFA64AEE473F305E65D3F49463BB9D7408EC3B12BF5F"
"03_往届冠军仓库快照\R002_gitcode_szdaniel_S6T\.git\hooks\sendemail-validate.sample","2308","44EBFC923DC5466BC009602F0ECF067B9C65459ABFE8868DDC49B78E6CED7A92"
"03_往届冠军仓库快照\R002_gitcode_szdaniel_S6T\.git\hooks\update.sample","3650","8D5F2FA83E103CF08B57EAA67521DF9194F45CBDBCB37DA52AD586097A14D106"
"03_往届冠军仓库快照\R002_gitcode_szdaniel_S6T\.git\index","31936","7457A51A2E3C5B8963D587A0C5DBEC11A67C56C1488DF31418316A1B23F6EBE6"
"03_往届冠军仓库快照\R002_gitcode_szdaniel_S6T\.git\info\exclude","240","6671FE83B7A07C8932EE89164D1F2793B2318058EB8B98DC5C06EE0A5A3B0EC1"
"03_往届冠军仓库快照\R002_gitcode_szdaniel_S6T\.git\logs\HEAD","180","96D861C4593CFE2272A90EC32EB0DD88B601BE268B13CA384D633655FD53A18D"
"03_往届冠军仓库快照\R002_gitcode_szdaniel_S6T\.git\logs\refs\heads\main","180","96D861C4593CFE2272A90EC32EB0DD88B601BE268B13CA384D633655FD53A18D"
"03_往届冠军仓库快照\R002_gitcode_szdaniel_S6T\.git\logs\refs\remotes\origin\HEAD","180","96D861C4593CFE2272A90EC32EB0DD88B601BE268B13CA384D633655FD53A18D"
"03_往届冠军仓库快照\R002_gitcode_szdaniel_S6T\.git\objects\pack\pack-c1c0cc9dcae408c5f9ed62d55ea8ba05e0bdc134.idx","4124","5D844A41B402142EC7536EFF8661687868D63A8BC40D26F52DC828C5DA0DA708"
"03_往届冠军仓库快照\R002_gitcode_szdaniel_S6T\.git\objects\pack\pack-c1c0cc9dcae408c5f9ed62d55ea8ba05e0bdc134.pack","122101","5CC9DDC2265CB6BA01CEA5C4DB57CB02EEF97A80C91297264575414FFB4E204C"
"03_往届冠军仓库快照\R002_gitcode_szdaniel_S6T\.git\objects\pack\pack-c1c0cc9dcae408c5f9ed62d55ea8ba05e0bdc134.rev","488","8E28094CF2B9B2B6F7469E3B5B3C6B1117C793C6C89E248633A8266A210FFAB9"
"03_往届冠军仓库快照\R002_gitcode_szdaniel_S6T\.git\packed-refs","112","24B617755CF2B08A3BD6C389D8510FDC94AC00CBD89858C2FC509CB43F28CF5F"
"03_往届冠军仓库快照\R002_gitcode_szdaniel_S6T\.git\refs\heads\main","41","119BD721CA7F8780F0405E42E31BFED5A412DDAED2CA871A1BEE8BF9AD342F75"
"03_往届冠军仓库快照\R002_gitcode_szdaniel_S6T\.git\refs\remotes\origin\HEAD","30","2BB6A24AA0FC6C484100F5D51A29BBAD841CD2C755F5D93FAA204E5DBB4EB2B4"
"03_往届冠军仓库快照\R002_gitcode_szdaniel_S6T\Fmin\build.sh","2326","0A0B0DFA0813B4960898E272DFBC8FBA05E9D7A7502BA0EDDBDD7888E8CDD9C6"
"03_往届冠军仓库快照\R002_gitcode_szdaniel_S6T\Fmin\cmake\config.cmake","2110","49EB451F738B9E71ED8C52A9D3A4212236FABA2851A2D00249B7994765F4226E"
"03_往届冠军仓库快照\R002_gitcode_szdaniel_S6T\Fmin\cmake\device_task.cmake","1364","3452CC47D661D636E23C84E26A3E2D07FD29F64C9D7729CEBE1221A5F5C247EC"
"03_往届冠军仓库快照\R002_gitcode_szdaniel_S6T\Fmin\cmake\func.cmake","17515","FAF9CA84C4AA2B1FC5123B1E4878C62F210F2B8900DCEF4D6A931D7DA2CF488A"
"03_往届冠军仓库快照\R002_gitcode_szdaniel_S6T\Fmin\cmake\intf.cmake","1061","0C2533D6A98259B396930252585C65F1CD582D667171F20AFA4759FCDEB2C5A5"
"03_往届冠军仓库快照\R002_gitcode_szdaniel_S6T\Fmin\cmake\makeself.cmake","1411","E417E77228AE18A82CF2D551D63CBA5B8E001069DE18ECE287597D6E043B9573"
"03_往届冠军仓库快照\R002_gitcode_szdaniel_S6T\Fmin\cmake\util\__init__.py","158","3F8B7683A736D7274A9A5B95FA7AF6DBDE368599C327336EAADE4059BE3C850F"
"03_往届冠军仓库快照\R002_gitcode_szdaniel_S6T\Fmin\cmake\util\ascendc_bin_param_build.py","21488","5414E49F5154E7397C07D94EDFF6C0ECA72EB075AC157D0B4DDBCD1425751511"
"03_往届冠军仓库快照\R002_gitcode_szdaniel_S6T\Fmin\cmake\util\ascendc_compile_kernel.py","9322","ED84D36CB4A1BF791113E4AA05CC6F1F6439AAFE08A390622089A7D52C482403"
"03_往届冠军仓库快照\R002_gitcode_szdaniel_S6T\Fmin\cmake\util\ascendc_gen_options.py","3350","FBD8BC4332B2340FDB71F4BBAE452E93C3A54B43CEA86818643D9D9D61794D35"
"03_往届冠军仓库快照\R002_gitcode_szdaniel_S6T\Fmin\cmake\util\ascendc_get_op_name.py","620","FCA6F6025A4ACBF41CA583D29D86B2E8BCAEAE7BA1930C94B9291BFA55800F53"
"03_往届冠军仓库快照\R002_gitcode_szdaniel_S6T\Fmin\cmake\util\ascendc_impl_build.py","28353","4F3086C115B60D627C0081894A10E38D96EBD0149154A08BCBE064CDDBC162B3"
"03_往届冠军仓库快照\R002_gitcode_szdaniel_S6T\Fmin\cmake\util\ascendc_op_info.py","1224","F2622F78079FAFC0B268FAE4227697143C042ACA009C3E8D0BBA6C38CD25368C"
"03_往届冠军仓库快照\R002_gitcode_szdaniel_S6T\Fmin\cmake\util\ascendc_ops_config.py","10286","D5115115B7432FB649DF4087095325B043F42C46A035BDCAB0258D44F8835025"
"03_往届冠军仓库快照\R002_gitcode_szdaniel_S6T\Fmin\cmake\util\ascendc_pack_kernel.py","9706","3CABC5970DF1BD7E3AC67D9199D27178AA3F9554CDD8C4269369DE900ACC77A7"
"03_往届冠军仓库快照\R002_gitcode_szdaniel_S6T\Fmin\cmake\util\ascendc_pack_opregistry.py","12928","25E69163383C4F721A51CFD5509F7765F3AE5FA4FCF8BA6AF1B6203FD4D7AF2F"
"03_往届冠军仓库快照\R002_gitcode_szdaniel_S6T\Fmin\cmake\util\ascendc_replay_build.py","2712","165C9FE01344DC57176004A21AB38A23DB4B1186FE60B1A5AF63E9D4EE0BE263"
"03_往届冠军仓库快照\R002_gitcode_szdaniel_S6T\Fmin\cmake\util\batch_replay_impl.temp","3889","C1B37BD05B2BD1CBF093AF635F4B2F18540BF98ED7FF4B04C3287B1F1A0FCCE0"
"03_往届冠军仓库快照\R002_gitcode_szdaniel_S6T\Fmin\cmake\util\code_channel_infer.py","1597","EA76DA48CC19A3CFB3E06EA25FF1DBD03039E4FBE7C2D3690F6FEBC6F0C90E1B"
"03_往届冠军仓库快照\R002_gitcode_szdaniel_S6T\Fmin\cmake\util\const_var.py","1505","5769FF6128070F83BE6246019212F5930ABEDEA17A2A0D7AEC63C5B6659760B9"
"03_往届冠军仓库快照\R002_gitcode_szdaniel_S6T\Fmin\cmake\util\gen_impl_and_mrege_json.sh","646","8E62E9A6C1F4D5691417B9B25A4B77BCA4E8ADF26B1D677E1EEE7B013121DE8D"
"03_往届冠军仓库快照\R002_gitcode_szdaniel_S6T\Fmin\cmake\util\gen_ops_filter.sh","1506","CE87DD1E7FB96BD999C3DDC93CD36F29FBD6A3F3AB75E088C5FDDA1AFC3D3A28"
"03_往届冠军仓库快照\R002_gitcode_szdaniel_S6T\Fmin\cmake\util\gen_version_info.sh","353","1871CFEF3DD083C81966A95F98C812A19DF8FE0A4C83DFC3CA5BA03DB6E65A9A"
"03_往届冠军仓库快照\R002_gitcode_szdaniel_S6T\Fmin\cmake\util\insert_op_info.py","1098","A15BAB921F83F74CE42E828EC1D1DD3F4057823F48B44CB138F85ACD906472CB"
"03_往届冠军仓库快照\R002_gitcode_szdaniel_S6T\Fmin\cmake\util\insert_simplified_keys.py","6668","A1A460FE71424FBD78EF188ECC09C3B76BC9DAA99AE2D48D342DC0128FFA134F"
"03_往届冠军仓库快照\R002_gitcode_szdaniel_S6T\Fmin\cmake\util\kernel_entry.py","3947","9DF250FFEBB39AC528DB19D76CD1AFD852942AC81C41E48C02A6E3368B3DC7E5"
"03_往届冠军仓库快照\R002_gitcode_szdaniel_S6T\Fmin\cmake\util\kernel_impl.temp","240","660B98F6111CDD71260984CA38CC289710012291A414E21C4CF1BABB2F1A4AD1"
"03_往届冠军仓库快照\R002_gitcode_szdaniel_S6T\Fmin\cmake\util\makeself\COPYING","18431","189B1AF95D661151E054CEA10C91B3D754E4DE4D3FECFB074C1FB29476F7167B"
"03_往届冠军仓库快照\R002_gitcode_szdaniel_S6T\Fmin\cmake\util\makeself\make-release.sh","349","FBD10A2882B5BF82A407E855F0F088E469F4D142AFDD7B3DFDCC808798E374B9"
"03_往届冠军仓库快照\R002_gitcode_szdaniel_S6T\Fmin\cmake\util\makeself\makeself-header.sh","18618","93AE39674EC8EA07C00245F38CA18365B78787E10DF443049360C051B49B0A97"
"03_往届冠军仓库快照\R002_gitcode_szdaniel_S6T\Fmin\cmake\util\makeself\makeself.1","3189","1518183932195173D43E85ABC10CFB10366B0A1E3FC61A2D6136B68A78AB15FE"
"03_往届冠军仓库快照\R002_gitcode_szdaniel_S6T\Fmin\cmake\util\makeself\makeself.lsm","836","270D45704E0F94F39B67369371A063C4E793F4AF5996B273D30ABC281994C1D9"
"03_往届冠军仓库快照\R002_gitcode_szdaniel_S6T\Fmin\cmake\util\makeself\makeself.sh","25787","40482E4E390F2F3E1C1E06250C31C36814F054DF5254A5CBDD2FE89FD70D9C2B"
"03_往届冠军仓库快照\R002_gitcode_szdaniel_S6T\Fmin\cmake\util\makeself\README.md","22146","C12F14B92112511DE28B943EDDB8765D3D75D1AEDB23AA49442559C1BE273E4A"
"03_往届冠军仓库快照\R002_gitcode_szdaniel_S6T\Fmin\cmake\util\makeself\run-tests.sh","192","A9E7846C51870CA216D9620416C29F82466172876909E382CD7600215E766292"
"03_往届冠军仓库快照\R002_gitcode_szdaniel_S6T\Fmin\cmake\util\makeself\VERSION","7","6117CCF1F1DE058A9243D93A2A0FB0C13BFD3CD3D4DA8E8AAF3C85EABDBEF5B5"
"03_往届冠军仓库快照\R002_gitcode_szdaniel_S6T\Fmin\cmake\util\merge_aicpu_info_json.sh","1143","AEFF13DF06A408A231344AFDB046A914B0319D95C02547F93E5357B64CDA23EB"
"03_往届冠军仓库快照\R002_gitcode_szdaniel_S6T\Fmin\cmake\util\opdesc_parser.py","14595","E3CD4BFBCA992EF4E6DB4780D7189D0752540EFB385488E0B515A9C9CB9D0E49"
"03_往届冠军仓库快照\R002_gitcode_szdaniel_S6T\Fmin\cmake\util\parse_ini_to_json.py","13195","FA25B699BB3EB603849CCCAB152C791F72FF83D246F366DD8F064E9165EAA247"
"03_往届冠军仓库快照\R002_gitcode_szdaniel_S6T\Fmin\cmake\util\preset_parse.py","861","23C46E652B4411E735E7A6C10EE262E0508C41799E60660E60B5028F317535CB"
"03_往届冠军仓库快照\R002_gitcode_szdaniel_S6T\Fmin\cmake\util\replay_codegen.py","4527","56F4EEA8AA8CEB6E44795AB8DC5785D3D1D608697385D190564399AC6DC56A18"
"03_往届冠军仓库快照\R002_gitcode_szdaniel_S6T\Fmin\cmake\util\replay_impl.temp","4207","E66480E82316EEC24DDA34890235F281D0631CF13FBEC631788E586CA7B7B458"
"03_往届冠军仓库快照\R002_gitcode_szdaniel_S6T\Fmin\cmake\util\tiling_data_def_build.py","4172","93089EA6995DE374AEDBDED2781A75C8F0D2501E691890F269A0E0454F9F55C8"
"03_往届冠军仓库快照\R002_gitcode_szdaniel_S6T\Fmin\CMakeLists.txt","3307","8547C357858A1960295565B1A794B41E2CB475D4DEE5113C26CB7348D6AEFB55"
"03_往届冠军仓库快照\R002_gitcode_szdaniel_S6T\Fmin\CMakePresets.json","2233","63C45A9FA0CEBC8FEDBF94D6F5193CB0575BB7D3463253B09C5653465F5EFA62"
"03_往届冠军仓库快照\R002_gitcode_szdaniel_S6T\Fmin\framework\CMakeLists.txt","396","2B9117B8865AB55A4C4018C86AD230F5C4AFDED78FBBEE939CB0385501C022B6"
"03_往届冠军仓库快照\R002_gitcode_szdaniel_S6T\Fmin\framework\tf_plugin\CMakeLists.txt","593","632568F858CE5D11D8405EC4C32E23A6403F184247953721C447DB5BF98057C9"
"03_往届冠军仓库快照\R002_gitcode_szdaniel_S6T\Fmin\framework\tf_plugin\tensorflow_fmin_plugin.cc","875","8C718E4080D927FB951206E5E185AB75E74CAB26886F71D037D35C714D049DC1"
"03_往届冠军仓库快照\R002_gitcode_szdaniel_S6T\Fmin\op_host\CMakeLists.txt","6641","3F99E9B8934BF9C16722CC36EB95402AE05D12AE473A7F97F77F1ACA75121402"
"03_往届冠军仓库快照\R002_gitcode_szdaniel_S6T\Fmin\op_host\fmin_tiling.h","936","A2B27C2DDDF98239B6CCE3710EE68D19AACFA30D813BDF9519EE59A571AEDA21"
"03_往届冠军仓库快照\R002_gitcode_szdaniel_S6T\Fmin\op_host\fmin.cpp","16051","EBB915634ED9CDD3029B8A7BFA097AA4B75C03D88F1844649FC080A67290D339"
"03_往届冠军仓库快照\R002_gitcode_szdaniel_S6T\Fmin\op_kernel\CMakeLists.txt","160","28DB4CC809D625D8A352D6078635873484A8D90CF5645711D0FD4FDC6AA6DA81"
"03_往届冠军仓库快照\R002_gitcode_szdaniel_S6T\Fmin\op_kernel\fmin.cpp","76104","AA6FB7C1C647BBC42413D3DFC245BFA9D3F71317458C24EC44C4B9F514C1A205"
"03_往届冠军仓库快照\R002_gitcode_szdaniel_S6T\Fmin\scripts\help.info","81","27067F1EC0A23A694AE80EC4A05BC68415A284FBAF509B1A9CC0234035C61E5B"
"03_往届冠军仓库快照\R002_gitcode_szdaniel_S6T\Fmin\scripts\install.sh","9881","02862BAF881E9EBFA0EB5F43BE11932391E2B1EDC1D6C1C508812B5410C04181"
"03_往届冠军仓库快照\R002_gitcode_szdaniel_S6T\Fmin\scripts\upgrade.sh","4151","DDF117CFD96BF93194F66A8C4C7A298A263254107D1EFAE8F2081F0626E4C1F7"
"03_往届冠军仓库快照\R002_gitcode_szdaniel_S6T\FractionalMaxPool3D\build.sh","2326","0A0B0DFA0813B4960898E272DFBC8FBA05E9D7A7502BA0EDDBDD7888E8CDD9C6"
"03_往届冠军仓库快照\R002_gitcode_szdaniel_S6T\FractionalMaxPool3D\cmake\config.cmake","2110","49EB451F738B9E71ED8C52A9D3A4212236FABA2851A2D00249B7994765F4226E"
"03_往届冠军仓库快照\R002_gitcode_szdaniel_S6T\FractionalMaxPool3D\cmake\device_task.cmake","1364","3452CC47D661D636E23C84E26A3E2D07FD29F64C9D7729CEBE1221A5F5C247EC"
"03_往届冠军仓库快照\R002_gitcode_szdaniel_S6T\FractionalMaxPool3D\cmake\func.cmake","17515","FAF9CA84C4AA2B1FC5123B1E4878C62F210F2B8900DCEF4D6A931D7DA2CF488A"
"03_往届冠军仓库快照\R002_gitcode_szdaniel_S6T\FractionalMaxPool3D\cmake\intf.cmake","1061","0C2533D6A98259B396930252585C65F1CD582D667171F20AFA4759FCDEB2C5A5"
"03_往届冠军仓库快照\R002_gitcode_szdaniel_S6T\FractionalMaxPool3D\cmake\makeself.cmake","1411","E417E77228AE18A82CF2D551D63CBA5B8E001069DE18ECE287597D6E043B9573"
"03_往届冠军仓库快照\R002_gitcode_szdaniel_S6T\FractionalMaxPool3D\cmake\util\__init__.py","158","3F8B7683A736D7274A9A5B95FA7AF6DBDE368599C327336EAADE4059BE3C850F"
"03_往届冠军仓库快照\R002_gitcode_szdaniel_S6T\FractionalMaxPool3D\cmake\util\ascendc_bin_param_build.py","21488","5414E49F5154E7397C07D94EDFF6C0ECA72EB075AC157D0B4DDBCD1425751511"
"03_往届冠军仓库快照\R002_gitcode_szdaniel_S6T\FractionalMaxPool3D\cmake\util\ascendc_compile_kernel.py","9322","ED84D36CB4A1BF791113E4AA05CC6F1F6439AAFE08A390622089A7D52C482403"
"03_往届冠军仓库快照\R002_gitcode_szdaniel_S6T\FractionalMaxPool3D\cmake\util\ascendc_gen_options.py","3350","FBD8BC4332B2340FDB71F4BBAE452E93C3A54B43CEA86818643D9D9D61794D35"
"03_往届冠军仓库快照\R002_gitcode_szdaniel_S6T\FractionalMaxPool3D\cmake\util\ascendc_get_op_name.py","620","FCA6F6025A4ACBF41CA583D29D86B2E8BCAEAE7BA1930C94B9291BFA55800F53"
"03_往届冠军仓库快照\R002_gitcode_szdaniel_S6T\FractionalMaxPool3D\cmake\util\ascendc_impl_build.py","28353","4F3086C115B60D627C0081894A10E38D96EBD0149154A08BCBE064CDDBC162B3"
"03_往届冠军仓库快照\R002_gitcode_szdaniel_S6T\FractionalMaxPool3D\cmake\util\ascendc_op_info.py","1224","F2622F78079FAFC0B268FAE4227697143C042ACA009C3E8D0BBA6C38CD25368C"
"03_往届冠军仓库快照\R002_gitcode_szdaniel_S6T\FractionalMaxPool3D\cmake\util\ascendc_ops_config.py","10286","D5115115B7432FB649DF4087095325B043F42C46A035BDCAB0258D44F8835025"
"03_往届冠军仓库快照\R002_gitcode_szdaniel_S6T\FractionalMaxPool3D\cmake\util\ascendc_pack_kernel.py","9706","3CABC5970DF1BD7E3AC67D9199D27178AA3F9554CDD8C4269369DE900ACC77A7"
"03_往届冠军仓库快照\R002_gitcode_szdaniel_S6T\FractionalMaxPool3D\cmake\util\ascendc_pack_opregistry.py","12928","25E69163383C4F721A51CFD5509F7765F3AE5FA4FCF8BA6AF1B6203FD4D7AF2F"
"03_往届冠军仓库快照\R002_gitcode_szdaniel_S6T\FractionalMaxPool3D\cmake\util\ascendc_replay_build.py","2712","165C9FE01344DC57176004A21AB38A23DB4B1186FE60B1A5AF63E9D4EE0BE263"
"03_往届冠军仓库快照\R002_gitcode_szdaniel_S6T\FractionalMaxPool3D\cmake\util\batch_replay_impl.temp","3889","C1B37BD05B2BD1CBF093AF635F4B2F18540BF98ED7FF4B04C3287B1F1A0FCCE0"
"03_往届冠军仓库快照\R002_gitcode_szdaniel_S6T\FractionalMaxPool3D\cmake\util\code_channel_infer.py","1597","EA76DA48CC19A3CFB3E06EA25FF1DBD03039E4FBE7C2D3690F6FEBC6F0C90E1B"
"03_往届冠军仓库快照\R002_gitcode_szdaniel_S6T\FractionalMaxPool3D\cmake\util\const_var.py","1505","5769FF6128070F83BE6246019212F5930ABEDEA17A2A0D7AEC63C5B6659760B9"
"03_往届冠军仓库快照\R002_gitcode_szdaniel_S6T\FractionalMaxPool3D\cmake\util\gen_impl_and_mrege_json.sh","646","8E62E9A6C1F4D5691417B9B25A4B77BCA4E8ADF26B1D677E1EEE7B013121DE8D"
"03_往届冠军仓库快照\R002_gitcode_szdaniel_S6T\FractionalMaxPool3D\cmake\util\gen_ops_filter.sh","1506","CE87DD1E7FB96BD999C3DDC93CD36F29FBD6A3F3AB75E088C5FDDA1AFC3D3A28"
"03_往届冠军仓库快照\R002_gitcode_szdaniel_S6T\FractionalMaxPool3D\cmake\util\gen_version_info.sh","353","1871CFEF3DD083C81966A95F98C812A19DF8FE0A4C83DFC3CA5BA03DB6E65A9A"
"03_往届冠军仓库快照\R002_gitcode_szdaniel_S6T\FractionalMaxPool3D\cmake\util\insert_op_info.py","1098","A15BAB921F83F74CE42E828EC1D1DD3F4057823F48B44CB138F85ACD906472CB"
"03_往届冠军仓库快照\R002_gitcode_szdaniel_S6T\FractionalMaxPool3D\cmake\util\insert_simplified_keys.py","6668","A1A460FE71424FBD78EF188ECC09C3B76BC9DAA99AE2D48D342DC0128FFA134F"
"03_往届冠军仓库快照\R002_gitcode_szdaniel_S6T\FractionalMaxPool3D\cmake\util\kernel_entry.py","3947","9DF250FFEBB39AC528DB19D76CD1AFD852942AC81C41E48C02A6E3368B3DC7E5"
"03_往届冠军仓库快照\R002_gitcode_szdaniel_S6T\FractionalMaxPool3D\cmake\util\kernel_impl.temp","240","660B98F6111CDD71260984CA38CC289710012291A414E21C4CF1BABB2F1A4AD1"
"03_往届冠军仓库快照\R002_gitcode_szdaniel_S6T\FractionalMaxPool3D\cmake\util\makeself\COPYING","18431","189B1AF95D661151E054CEA10C91B3D754E4DE4D3FECFB074C1FB29476F7167B"
"03_往届冠军仓库快照\R002_gitcode_szdaniel_S6T\FractionalMaxPool3D\cmake\util\makeself\make-release.sh","349","FBD10A2882B5BF82A407E855F0F088E469F4D142AFDD7B3DFDCC808798E374B9"
"03_往届冠军仓库快照\R002_gitcode_szdaniel_S6T\FractionalMaxPool3D\cmake\util\makeself\makeself-header.sh","18618","93AE39674EC8EA07C00245F38CA18365B78787E10DF443049360C051B49B0A97"
"03_往届冠军仓库快照\R002_gitcode_szdaniel_S6T\FractionalMaxPool3D\cmake\util\makeself\makeself.1","3189","1518183932195173D43E85ABC10CFB10366B0A1E3FC61A2D6136B68A78AB15FE"
"03_往届冠军仓库快照\R002_gitcode_szdaniel_S6T\FractionalMaxPool3D\cmake\util\makeself\makeself.lsm","836","270D45704E0F94F39B67369371A063C4E793F4AF5996B273D30ABC281994C1D9"
"03_往届冠军仓库快照\R002_gitcode_szdaniel_S6T\FractionalMaxPool3D\cmake\util\makeself\makeself.sh","25787","40482E4E390F2F3E1C1E06250C31C36814F054DF5254A5CBDD2FE89FD70D9C2B"
"03_往届冠军仓库快照\R002_gitcode_szdaniel_S6T\FractionalMaxPool3D\cmake\util\makeself\README.md","22146","C12F14B92112511DE28B943EDDB8765D3D75D1AEDB23AA49442559C1BE273E4A"
"03_往届冠军仓库快照\R002_gitcode_szdaniel_S6T\FractionalMaxPool3D\cmake\util\makeself\run-tests.sh","192","A9E7846C51870CA216D9620416C29F82466172876909E382CD7600215E766292"
"03_往届冠军仓库快照\R002_gitcode_szdaniel_S6T\FractionalMaxPool3D\cmake\util\makeself\VERSION","7","6117CCF1F1DE058A9243D93A2A0FB0C13BFD3CD3D4DA8E8AAF3C85EABDBEF5B5"
"03_往届冠军仓库快照\R002_gitcode_szdaniel_S6T\FractionalMaxPool3D\cmake\util\merge_aicpu_info_json.sh","1143","AEFF13DF06A408A231344AFDB046A914B0319D95C02547F93E5357B64CDA23EB"
"03_往届冠军仓库快照\R002_gitcode_szdaniel_S6T\FractionalMaxPool3D\cmake\util\opdesc_parser.py","14595","E3CD4BFBCA992EF4E6DB4780D7189D0752540EFB385488E0B515A9C9CB9D0E49"
"03_往届冠军仓库快照\R002_gitcode_szdaniel_S6T\FractionalMaxPool3D\cmake\util\parse_ini_to_json.py","13195","FA25B699BB3EB603849CCCAB152C791F72FF83D246F366DD8F064E9165EAA247"
"03_往届冠军仓库快照\R002_gitcode_szdaniel_S6T\FractionalMaxPool3D\cmake\util\preset_parse.py","861","23C46E652B4411E735E7A6C10EE262E0508C41799E60660E60B5028F317535CB"
"03_往届冠军仓库快照\R002_gitcode_szdaniel_S6T\FractionalMaxPool3D\cmake\util\replay_codegen.py","4527","56F4EEA8AA8CEB6E44795AB8DC5785D3D1D608697385D190564399AC6DC56A18"
"03_往届冠军仓库快照\R002_gitcode_szdaniel_S6T\FractionalMaxPool3D\cmake\util\replay_impl.temp","4207","E66480E82316EEC24DDA34890235F281D0631CF13FBEC631788E586CA7B7B458"
"03_往届冠军仓库快照\R002_gitcode_szdaniel_S6T\FractionalMaxPool3D\cmake\util\tiling_data_def_build.py","4172","93089EA6995DE374AEDBDED2781A75C8F0D2501E691890F269A0E0454F9F55C8"
"03_往届冠军仓库快照\R002_gitcode_szdaniel_S6T\FractionalMaxPool3D\CMakeLists.txt","3307","8547C357858A1960295565B1A794B41E2CB475D4DEE5113C26CB7348D6AEFB55"
"03_往届冠军仓库快照\R002_gitcode_szdaniel_S6T\FractionalMaxPool3D\CMakePresets.json","2233","63C45A9FA0CEBC8FEDBF94D6F5193CB0575BB7D3463253B09C5653465F5EFA62"
"03_往届冠军仓库快照\R002_gitcode_szdaniel_S6T\FractionalMaxPool3D\framework\CMakeLists.txt","396","2B9117B8865AB55A4C4018C86AD230F5C4AFDED78FBBEE939CB0385501C022B6"
"03_往届冠军仓库快照\R002_gitcode_szdaniel_S6T\FractionalMaxPool3D\framework\tf_plugin\CMakeLists.txt","593","632568F858CE5D11D8405EC4C32E23A6403F184247953721C447DB5BF98057C9"
"03_往届冠军仓库快照\R002_gitcode_szdaniel_S6T\FractionalMaxPool3D\framework\tf_plugin\tensorflow_fractional_max_pool3_d_plugin.cc","905","7AD8DE9CBCE06A5F8B2E3C4959E6E940114902BDBBB0DF1B341FAF9C3BDE3B4D"
"03_往届冠军仓库快照\R002_gitcode_szdaniel_S6T\FractionalMaxPool3D\op_host\CMakeLists.txt","6641","3F99E9B8934BF9C16722CC36EB95402AE05D12AE473A7F97F77F1ACA75121402"
"03_往届冠军仓库快照\R002_gitcode_szdaniel_S6T\FractionalMaxPool3D\op_host\fractional_max_pool3_d_tiling.h","961","9ABB0D1328F94DB1D13F9D1ED9ED2257FF13408CD62E5DA42E574FF356C306CA"
"03_往届冠军仓库快照\R002_gitcode_szdaniel_S6T\FractionalMaxPool3D\op_host\fractional_max_pool3_d.cpp","9432","96F1A30126B61DDC67D9C3250737E8F48137E36FD6C169990EF1EAF72C4AD8AF"
"03_往届冠军仓库快照\R002_gitcode_szdaniel_S6T\FractionalMaxPool3D\op_kernel\CMakeLists.txt","160","28DB4CC809D625D8A352D6078635873484A8D90CF5645711D0FD4FDC6AA6DA81"
"03_往届冠军仓库快照\R002_gitcode_szdaniel_S6T\FractionalMaxPool3D\op_kernel\fractional_max_pool3_d.cpp","35219","D6D19524A2D0F67888C8EEE59040C0EB39B649CD1EFA0FEBFE44ADA517C8FD55"
"03_往届冠军仓库快照\R002_gitcode_szdaniel_S6T\FractionalMaxPool3D\op_kernel\fractional_max_pool3_d.cpp.bak","20719","D7C3A6D03E1AB77B1A7A592041B5952AB8C6883692D11B87041D2C01D4FB067F"
"03_往届冠军仓库快照\R002_gitcode_szdaniel_S6T\FractionalMaxPool3D\scripts\install.sh","9881","02862BAF881E9EBFA0EB5F43BE11932391E2B1EDC1D6C1C508812B5410C04181"
"03_往届冠军仓库快照\R002_gitcode_szdaniel_S6T\FractionalMaxPool3D\scripts\upgrade.sh","4151","DDF117CFD96BF93194F66A8C4C7A298A263254107D1EFAE8F2081F0626E4C1F7"
"03_往届冠军仓库快照\R002_gitcode_szdaniel_S6T\FractionalMaxPool3DGrad\build.sh","2326","0A0B0DFA0813B4960898E272DFBC8FBA05E9D7A7502BA0EDDBDD7888E8CDD9C6"
"03_往届冠军仓库快照\R002_gitcode_szdaniel_S6T\FractionalMaxPool3DGrad\cmake\config.cmake","2110","49EB451F738B9E71ED8C52A9D3A4212236FABA2851A2D00249B7994765F4226E"
"03_往届冠军仓库快照\R002_gitcode_szdaniel_S6T\FractionalMaxPool3DGrad\cmake\device_task.cmake","1364","3452CC47D661D636E23C84E26A3E2D07FD29F64C9D7729CEBE1221A5F5C247EC"
"03_往届冠军仓库快照\R002_gitcode_szdaniel_S6T\FractionalMaxPool3DGrad\cmake\func.cmake","17515","FAF9CA84C4AA2B1FC5123B1E4878C62F210F2B8900DCEF4D6A931D7DA2CF488A"
"03_往届冠军仓库快照\R002_gitcode_szdaniel_S6T\FractionalMaxPool3DGrad\cmake\intf.cmake","1061","0C2533D6A98259B396930252585C65F1CD582D667171F20AFA4759FCDEB2C5A5"
"03_往届冠军仓库快照\R002_gitcode_szdaniel_S6T\FractionalMaxPool3DGrad\cmake\makeself.cmake","1411","E417E77228AE18A82CF2D551D63CBA5B8E001069DE18ECE287597D6E043B9573"
"03_往届冠军仓库快照\R002_gitcode_szdaniel_S6T\FractionalMaxPool3DGrad\cmake\util\__init__.py","158","3F8B7683A736D7274A9A5B95FA7AF6DBDE368599C327336EAADE4059BE3C850F"
"03_往届冠军仓库快照\R002_gitcode_szdaniel_S6T\FractionalMaxPool3DGrad\cmake\util\ascendc_bin_param_build.py","21488","5414E49F5154E7397C07D94EDFF6C0ECA72EB075AC157D0B4DDBCD1425751511"
"03_往届冠军仓库快照\R002_gitcode_szdaniel_S6T\FractionalMaxPool3DGrad\cmake\util\ascendc_compile_kernel.py","9322","ED84D36CB4A1BF791113E4AA05CC6F1F6439AAFE08A390622089A7D52C482403"
"03_往届冠军仓库快照\R002_gitcode_szdaniel_S6T\FractionalMaxPool3DGrad\cmake\util\ascendc_gen_options.py","3350","FBD8BC4332B2340FDB71F4BBAE452E93C3A54B43CEA86818643D9D9D61794D35"
"03_往届冠军仓库快照\R002_gitcode_szdaniel_S6T\FractionalMaxPool3DGrad\cmake\util\ascendc_get_op_name.py","620","FCA6F6025A4ACBF41CA583D29D86B2E8BCAEAE7BA1930C94B9291BFA55800F53"
"03_往届冠军仓库快照\R002_gitcode_szdaniel_S6T\FractionalMaxPool3DGrad\cmake\util\ascendc_impl_build.py","28353","4F3086C115B60D627C0081894A10E38D96EBD0149154A08BCBE064CDDBC162B3"
"03_往届冠军仓库快照\R002_gitcode_szdaniel_S6T\FractionalMaxPool3DGrad\cmake\util\ascendc_op_info.py","1224","F2622F78079FAFC0B268FAE4227697143C042ACA009C3E8D0BBA6C38CD25368C"
"03_往届冠军仓库快照\R002_gitcode_szdaniel_S6T\FractionalMaxPool3DGrad\cmake\util\ascendc_ops_config.py","10286","D5115115B7432FB649DF4087095325B043F42C46A035BDCAB0258D44F8835025"
"03_往届冠军仓库快照\R002_gitcode_szdaniel_S6T\FractionalMaxPool3DGrad\cmake\util\ascendc_pack_kernel.py","9706","3CABC5970DF1BD7E3AC67D9199D27178AA3F9554CDD8C4269369DE900ACC77A7"
"03_往届冠军仓库快照\R002_gitcode_szdaniel_S6T\FractionalMaxPool3DGrad\cmake\util\ascendc_pack_opregistry.py","12928","25E69163383C4F721A51CFD5509F7765F3AE5FA4FCF8BA6AF1B6203FD4D7AF2F"
"03_往届冠军仓库快照\R002_gitcode_szdaniel_S6T\FractionalMaxPool3DGrad\cmake\util\ascendc_replay_build.py","2712","165C9FE01344DC57176004A21AB38A23DB4B1186FE60B1A5AF63E9D4EE0BE263"
"03_往届冠军仓库快照\R002_gitcode_szdaniel_S6T\FractionalMaxPool3DGrad\cmake\util\batch_replay_impl.temp","3889","C1B37BD05B2BD1CBF093AF635F4B2F18540BF98ED7FF4B04C3287B1F1A0FCCE0"
"03_往届冠军仓库快照\R002_gitcode_szdaniel_S6T\FractionalMaxPool3DGrad\cmake\util\code_channel_infer.py","1597","EA76DA48CC19A3CFB3E06EA25FF1DBD03039E4FBE7C2D3690F6FEBC6F0C90E1B"
"03_往届冠军仓库快照\R002_gitcode_szdaniel_S6T\FractionalMaxPool3DGrad\cmake\util\const_var.py","1505","5769FF6128070F83BE6246019212F5930ABEDEA17A2A0D7AEC63C5B6659760B9"
"03_往届冠军仓库快照\R002_gitcode_szdaniel_S6T\FractionalMaxPool3DGrad\cmake\util\gen_impl_and_mrege_json.sh","646","8E62E9A6C1F4D5691417B9B25A4B77BCA4E8ADF26B1D677E1EEE7B013121DE8D"
"03_往届冠军仓库快照\R002_gitcode_szdaniel_S6T\FractionalMaxPool3DGrad\cmake\util\gen_ops_filter.sh","1506","CE87DD1E7FB96BD999C3DDC93CD36F29FBD6A3F3AB75E088C5FDDA1AFC3D3A28"
"03_往届冠军仓库快照\R002_gitcode_szdaniel_S6T\FractionalMaxPool3DGrad\cmake\util\gen_version_info.sh","353","1871CFEF3DD083C81966A95F98C812A19DF8FE0A4C83DFC3CA5BA03DB6E65A9A"
"03_往届冠军仓库快照\R002_gitcode_szdaniel_S6T\FractionalMaxPool3DGrad\cmake\util\insert_op_info.py","1098","A15BAB921F83F74CE42E828EC1D1DD3F4057823F48B44CB138F85ACD906472CB"
"03_往届冠军仓库快照\R002_gitcode_szdaniel_S6T\FractionalMaxPool3DGrad\cmake\util\insert_simplified_keys.py","6668","A1A460FE71424FBD78EF188ECC09C3B76BC9DAA99AE2D48D342DC0128FFA134F"
"03_往届冠军仓库快照\R002_gitcode_szdaniel_S6T\FractionalMaxPool3DGrad\cmake\util\kernel_entry.py","3947","9DF250FFEBB39AC528DB19D76CD1AFD852942AC81C41E48C02A6E3368B3DC7E5"
"03_往届冠军仓库快照\R002_gitcode_szdaniel_S6T\FractionalMaxPool3DGrad\cmake\util\kernel_impl.temp","240","660B98F6111CDD71260984CA38CC289710012291A414E21C4CF1BABB2F1A4AD1"
"03_往届冠军仓库快照\R002_gitcode_szdaniel_S6T\FractionalMaxPool3DGrad\cmake\util\makeself\COPYING","18431","189B1AF95D661151E054CEA10C91B3D754E4DE4D3FECFB074C1FB29476F7167B"
"03_往届冠军仓库快照\R002_gitcode_szdaniel_S6T\FractionalMaxPool3DGrad\cmake\util\makeself\make-release.sh","349","FBD10A2882B5BF82A407E855F0F088E469F4D142AFDD7B3DFDCC808798E374B9"
"03_往届冠军仓库快照\R002_gitcode_szdaniel_S6T\FractionalMaxPool3DGrad\cmake\util\makeself\makeself-header.sh","18618","93AE39674EC8EA07C00245F38CA18365B78787E10DF443049360C051B49B0A97"
"03_往届冠军仓库快照\R002_gitcode_szdaniel_S6T\FractionalMaxPool3DGrad\cmake\util\makeself\makeself.1","3189","1518183932195173D43E85ABC10CFB10366B0A1E3FC61A2D6136B68A78AB15FE"
"03_往届冠军仓库快照\R002_gitcode_szdaniel_S6T\FractionalMaxPool3DGrad\cmake\util\makeself\makeself.lsm","836","270D45704E0F94F39B67369371A063C4E793F4AF5996B273D30ABC281994C1D9"
"03_往届冠军仓库快照\R002_gitcode_szdaniel_S6T\FractionalMaxPool3DGrad\cmake\util\makeself\makeself.sh","25787","40482E4E390F2F3E1C1E06250C31C36814F054DF5254A5CBDD2FE89FD70D9C2B"
"03_往届冠军仓库快照\R002_gitcode_szdaniel_S6T\FractionalMaxPool3DGrad\cmake\util\makeself\README.md","22146","C12F14B92112511DE28B943EDDB8765D3D75D1AEDB23AA49442559C1BE273E4A"
"03_往届冠军仓库快照\R002_gitcode_szdaniel_S6T\FractionalMaxPool3DGrad\cmake\util\makeself\run-tests.sh","192","A9E7846C51870CA216D9620416C29F82466172876909E382CD7600215E766292"
"03_往届冠军仓库快照\R002_gitcode_szdaniel_S6T\FractionalMaxPool3DGrad\cmake\util\makeself\VERSION","7","6117CCF1F1DE058A9243D93A2A0FB0C13BFD3CD3D4DA8E8AAF3C85EABDBEF5B5"
"03_往届冠军仓库快照\R002_gitcode_szdaniel_S6T\FractionalMaxPool3DGrad\cmake\util\merge_aicpu_info_json.sh","1143","AEFF13DF06A408A231344AFDB046A914B0319D95C02547F93E5357B64CDA23EB"
"03_往届冠军仓库快照\R002_gitcode_szdaniel_S6T\FractionalMaxPool3DGrad\cmake\util\opdesc_parser.py","14595","E3CD4BFBCA992EF4E6DB4780D7189D0752540EFB385488E0B515A9C9CB9D0E49"
"03_往届冠军仓库快照\R002_gitcode_szdaniel_S6T\FractionalMaxPool3DGrad\cmake\util\parse_ini_to_json.py","13195","FA25B699BB3EB603849CCCAB152C791F72FF83D246F366DD8F064E9165EAA247"
"03_往届冠军仓库快照\R002_gitcode_szdaniel_S6T\FractionalMaxPool3DGrad\cmake\util\preset_parse.py","861","23C46E652B4411E735E7A6C10EE262E0508C41799E60660E60B5028F317535CB"
"03_往届冠军仓库快照\R002_gitcode_szdaniel_S6T\FractionalMaxPool3DGrad\cmake\util\replay_codegen.py","4527","56F4EEA8AA8CEB6E44795AB8DC5785D3D1D608697385D190564399AC6DC56A18"
"03_往届冠军仓库快照\R002_gitcode_szdaniel_S6T\FractionalMaxPool3DGrad\cmake\util\replay_impl.temp","4207","E66480E82316EEC24DDA34890235F281D0631CF13FBEC631788E586CA7B7B458"
"03_往届冠军仓库快照\R002_gitcode_szdaniel_S6T\FractionalMaxPool3DGrad\cmake\util\tiling_data_def_build.py","4172","93089EA6995DE374AEDBDED2781A75C8F0D2501E691890F269A0E0454F9F55C8"
"03_往届冠军仓库快照\R002_gitcode_szdaniel_S6T\FractionalMaxPool3DGrad\CMakeLists.txt","3307","8547C357858A1960295565B1A794B41E2CB475D4DEE5113C26CB7348D6AEFB55"
"03_往届冠军仓库快照\R002_gitcode_szdaniel_S6T\FractionalMaxPool3DGrad\CMakePresets.json","2233","63C45A9FA0CEBC8FEDBF94D6F5193CB0575BB7D3463253B09C5653465F5EFA62"
"03_往届冠军仓库快照\R002_gitcode_szdaniel_S6T\FractionalMaxPool3DGrad\framework\CMakeLists.txt","396","2B9117B8865AB55A4C4018C86AD230F5C4AFDED78FBBEE939CB0385501C022B6"
"03_往届冠军仓库快照\R002_gitcode_szdaniel_S6T\FractionalMaxPool3DGrad\framework\tf_plugin\CMakeLists.txt","593","632568F858CE5D11D8405EC4C32E23A6403F184247953721C447DB5BF98057C9"
"03_往届冠军仓库快照\R002_gitcode_szdaniel_S6T\FractionalMaxPool3DGrad\framework\tf_plugin\tensorflow_fractional_max_pool3_d_grad_plugin.cc","913","4A46E1EF8276D9CCEDC0CA90BF7928D8E1CEB246D3C8BEA13B7CD9C63E982B74"
"03_往届冠军仓库快照\R002_gitcode_szdaniel_S6T\FractionalMaxPool3DGrad\op_host\CMakeLists.txt","6641","3F99E9B8934BF9C16722CC36EB95402AE05D12AE473A7F97F77F1ACA75121402"
"03_往届冠军仓库快照\R002_gitcode_szdaniel_S6T\FractionalMaxPool3DGrad\op_host\fractional_max_pool3_d_grad_tiling.h","748","17A758A34DD1EB8B3057B17EC19506E974A1E51223F1DE1C8316133FE8D0D56F"
"03_往届冠军仓库快照\R002_gitcode_szdaniel_S6T\FractionalMaxPool3DGrad\op_host\fractional_max_pool3_d_grad.cpp","7009","EF8330F58B01ABCDC0DBC4C6E9C691600B46D4217B473045CD51AF32C77EB748"
"03_往届冠军仓库快照\R002_gitcode_szdaniel_S6T\FractionalMaxPool3DGrad\op_kernel\CMakeLists.txt","160","28DB4CC809D625D8A352D6078635873484A8D90CF5645711D0FD4FDC6AA6DA81"
"03_往届冠军仓库快照\R002_gitcode_szdaniel_S6T\FractionalMaxPool3DGrad\op_kernel\fractional_max_pool3_d_grad.cpp","6709","2040B2E2609258A0CE7D9D056BA09A46C737E9C971F3497E44BA290759101D32"
"03_往届冠军仓库快照\R002_gitcode_szdaniel_S6T\FractionalMaxPool3DGrad\scripts\install.sh","9881","02862BAF881E9EBFA0EB5F43BE11932391E2B1EDC1D6C1C508812B5410C04181"
"03_往届冠军仓库快照\R002_gitcode_szdaniel_S6T\FractionalMaxPool3DGrad\scripts\upgrade.sh","4151","DDF117CFD96BF93194F66A8C4C7A298A263254107D1EFAE8F2081F0626E4C1F7"
"03_往届冠军仓库快照\R002_gitcode_szdaniel_S6T\Hypot\build.sh","2326","0A0B0DFA0813B4960898E272DFBC8FBA05E9D7A7502BA0EDDBDD7888E8CDD9C6"
"03_往届冠军仓库快照\R002_gitcode_szdaniel_S6T\Hypot\cmake\config.cmake","2110","49EB451F738B9E71ED8C52A9D3A4212236FABA2851A2D00249B7994765F4226E"
"03_往届冠军仓库快照\R002_gitcode_szdaniel_S6T\Hypot\cmake\device_task.cmake","1364","3452CC47D661D636E23C84E26A3E2D07FD29F64C9D7729CEBE1221A5F5C247EC"
"03_往届冠军仓库快照\R002_gitcode_szdaniel_S6T\Hypot\cmake\func.cmake","17515","FAF9CA84C4AA2B1FC5123B1E4878C62F210F2B8900DCEF4D6A931D7DA2CF488A"
"03_往届冠军仓库快照\R002_gitcode_szdaniel_S6T\Hypot\cmake\intf.cmake","1061","0C2533D6A98259B396930252585C65F1CD582D667171F20AFA4759FCDEB2C5A5"
"03_往届冠军仓库快照\R002_gitcode_szdaniel_S6T\Hypot\cmake\makeself.cmake","1411","E417E77228AE18A82CF2D551D63CBA5B8E001069DE18ECE287597D6E043B9573"
"03_往届冠军仓库快照\R002_gitcode_szdaniel_S6T\Hypot\cmake\util\__init__.py","158","3F8B7683A736D7274A9A5B95FA7AF6DBDE368599C327336EAADE4059BE3C850F"
"03_往届冠军仓库快照\R002_gitcode_szdaniel_S6T\Hypot\cmake\util\ascendc_bin_param_build.py","21488","5414E49F5154E7397C07D94EDFF6C0ECA72EB075AC157D0B4DDBCD1425751511"
"03_往届冠军仓库快照\R002_gitcode_szdaniel_S6T\Hypot\cmake\util\ascendc_compile_kernel.py","9322","ED84D36CB4A1BF791113E4AA05CC6F1F6439AAFE08A390622089A7D52C482403"
"03_往届冠军仓库快照\R002_gitcode_szdaniel_S6T\Hypot\cmake\util\ascendc_gen_options.py","3350","FBD8BC4332B2340FDB71F4BBAE452E93C3A54B43CEA86818643D9D9D61794D35"
"03_往届冠军仓库快照\R002_gitcode_szdaniel_S6T\Hypot\cmake\util\ascendc_get_op_name.py","620","FCA6F6025A4ACBF41CA583D29D86B2E8BCAEAE7BA1930C94B9291BFA55800F53"
"03_往届冠军仓库快照\R002_gitcode_szdaniel_S6T\Hypot\cmake\util\ascendc_impl_build.py","28353","4F3086C115B60D627C0081894A10E38D96EBD0149154A08BCBE064CDDBC162B3"
"03_往届冠军仓库快照\R002_gitcode_szdaniel_S6T\Hypot\cmake\util\ascendc_op_info.py","1224","F2622F78079FAFC0B268FAE4227697143C042ACA009C3E8D0BBA6C38CD25368C"
"03_往届冠军仓库快照\R002_gitcode_szdaniel_S6T\Hypot\cmake\util\ascendc_ops_config.py","10286","D5115115B7432FB649DF4087095325B043F42C46A035BDCAB0258D44F8835025"
"03_往届冠军仓库快照\R002_gitcode_szdaniel_S6T\Hypot\cmake\util\ascendc_pack_kernel.py","9706","3CABC5970DF1BD7E3AC67D9199D27178AA3F9554CDD8C4269369DE900ACC77A7"
"03_往届冠军仓库快照\R002_gitcode_szdaniel_S6T\Hypot\cmake\util\ascendc_pack_opregistry.py","12928","25E69163383C4F721A51CFD5509F7765F3AE5FA4FCF8BA6AF1B6203FD4D7AF2F"
"03_往届冠军仓库快照\R002_gitcode_szdaniel_S6T\Hypot\cmake\util\ascendc_replay_build.py","2712","165C9FE01344DC57176004A21AB38A23DB4B1186FE60B1A5AF63E9D4EE0BE263"
"03_往届冠军仓库快照\R002_gitcode_szdaniel_S6T\Hypot\cmake\util\batch_replay_impl.temp","3889","C1B37BD05B2BD1CBF093AF635F4B2F18540BF98ED7FF4B04C3287B1F1A0FCCE0"
"03_往届冠军仓库快照\R002_gitcode_szdaniel_S6T\Hypot\cmake\util\code_channel_infer.py","1597","EA76DA48CC19A3CFB3E06EA25FF1DBD03039E4FBE7C2D3690F6FEBC6F0C90E1B"
"03_往届冠军仓库快照\R002_gitcode_szdaniel_S6T\Hypot\cmake\util\const_var.py","1505","5769FF6128070F83BE6246019212F5930ABEDEA17A2A0D7AEC63C5B6659760B9"
"03_往届冠军仓库快照\R002_gitcode_szdaniel_S6T\Hypot\cmake\util\gen_impl_and_mrege_json.sh","646","8E62E9A6C1F4D5691417B9B25A4B77BCA4E8ADF26B1D677E1EEE7B013121DE8D"
"03_往届冠军仓库快照\R002_gitcode_szdaniel_S6T\Hypot\cmake\util\gen_ops_filter.sh","1506","CE87DD1E7FB96BD999C3DDC93CD36F29FBD6A3F3AB75E088C5FDDA1AFC3D3A28"
"03_往届冠军仓库快照\R002_gitcode_szdaniel_S6T\Hypot\cmake\util\gen_version_info.sh","353","1871CFEF3DD083C81966A95F98C812A19DF8FE0A4C83DFC3CA5BA03DB6E65A9A"
"03_往届冠军仓库快照\R002_gitcode_szdaniel_S6T\Hypot\cmake\util\insert_op_info.py","1098","A15BAB921F83F74CE42E828EC1D1DD3F4057823F48B44CB138F85ACD906472CB"
"03_往届冠军仓库快照\R002_gitcode_szdaniel_S6T\Hypot\cmake\util\insert_simplified_keys.py","6668","A1A460FE71424FBD78EF188ECC09C3B76BC9DAA99AE2D48D342DC0128FFA134F"
"03_往届冠军仓库快照\R002_gitcode_szdaniel_S6T\Hypot\cmake\util\kernel_entry.py","3947","9DF250FFEBB39AC528DB19D76CD1AFD852942AC81C41E48C02A6E3368B3DC7E5"
"03_往届冠军仓库快照\R002_gitcode_szdaniel_S6T\Hypot\cmake\util\kernel_impl.temp","240","660B98F6111CDD71260984CA38CC289710012291A414E21C4CF1BABB2F1A4AD1"
"03_往届冠军仓库快照\R002_gitcode_szdaniel_S6T\Hypot\cmake\util\makeself\COPYING","18431","189B1AF95D661151E054CEA10C91B3D754E4DE4D3FECFB074C1FB29476F7167B"
"03_往届冠军仓库快照\R002_gitcode_szdaniel_S6T\Hypot\cmake\util\makeself\make-release.sh","349","FBD10A2882B5BF82A407E855F0F088E469F4D142AFDD7B3DFDCC808798E374B9"
"03_往届冠军仓库快照\R002_gitcode_szdaniel_S6T\Hypot\cmake\util\makeself\makeself-header.sh","18618","93AE39674EC8EA07C00245F38CA18365B78787E10DF443049360C051B49B0A97"
"03_往届冠军仓库快照\R002_gitcode_szdaniel_S6T\Hypot\cmake\util\makeself\makeself.1","3189","1518183932195173D43E85ABC10CFB10366B0A1E3FC61A2D6136B68A78AB15FE"
"03_往届冠军仓库快照\R002_gitcode_szdaniel_S6T\Hypot\cmake\util\makeself\makeself.lsm","836","270D45704E0F94F39B67369371A063C4E793F4AF5996B273D30ABC281994C1D9"
"03_往届冠军仓库快照\R002_gitcode_szdaniel_S6T\Hypot\cmake\util\makeself\makeself.sh","25787","40482E4E390F2F3E1C1E06250C31C36814F054DF5254A5CBDD2FE89FD70D9C2B"
"03_往届冠军仓库快照\R002_gitcode_szdaniel_S6T\Hypot\cmake\util\makeself\README.md","22146","C12F14B92112511DE28B943EDDB8765D3D75D1AEDB23AA49442559C1BE273E4A"
"03_往届冠军仓库快照\R002_gitcode_szdaniel_S6T\Hypot\cmake\util\makeself\run-tests.sh","192","A9E7846C51870CA216D9620416C29F82466172876909E382CD7600215E766292"
"03_往届冠军仓库快照\R002_gitcode_szdaniel_S6T\Hypot\cmake\util\makeself\VERSION","7","6117CCF1F1DE058A9243D93A2A0FB0C13BFD3CD3D4DA8E8AAF3C85EABDBEF5B5"
"03_往届冠军仓库快照\R002_gitcode_szdaniel_S6T\Hypot\cmake\util\merge_aicpu_info_json.sh","1143","AEFF13DF06A408A231344AFDB046A914B0319D95C02547F93E5357B64CDA23EB"
"03_往届冠军仓库快照\R002_gitcode_szdaniel_S6T\Hypot\cmake\util\opdesc_parser.py","14595","E3CD4BFBCA992EF4E6DB4780D7189D0752540EFB385488E0B515A9C9CB9D0E49"
"03_往届冠军仓库快照\R002_gitcode_szdaniel_S6T\Hypot\cmake\util\parse_ini_to_json.py","13195","FA25B699BB3EB603849CCCAB152C791F72FF83D246F366DD8F064E9165EAA247"
"03_往届冠军仓库快照\R002_gitcode_szdaniel_S6T\Hypot\cmake\util\preset_parse.py","861","23C46E652B4411E735E7A6C10EE262E0508C41799E60660E60B5028F317535CB"
"03_往届冠军仓库快照\R002_gitcode_szdaniel_S6T\Hypot\cmake\util\replay_codegen.py","4527","56F4EEA8AA8CEB6E44795AB8DC5785D3D1D608697385D190564399AC6DC56A18"
"03_往届冠军仓库快照\R002_gitcode_szdaniel_S6T\Hypot\cmake\util\replay_impl.temp","4207","E66480E82316EEC24DDA34890235F281D0631CF13FBEC631788E586CA7B7B458"
"03_往届冠军仓库快照\R002_gitcode_szdaniel_S6T\Hypot\cmake\util\tiling_data_def_build.py","4172","93089EA6995DE374AEDBDED2781A75C8F0D2501E691890F269A0E0454F9F55C8"
"03_往届冠军仓库快照\R002_gitcode_szdaniel_S6T\Hypot\CMakeLists.txt","3307","8547C357858A1960295565B1A794B41E2CB475D4DEE5113C26CB7348D6AEFB55"
"03_往届冠军仓库快照\R002_gitcode_szdaniel_S6T\Hypot\CMakePresets.json","2233","63C45A9FA0CEBC8FEDBF94D6F5193CB0575BB7D3463253B09C5653465F5EFA62"
"03_往届冠军仓库快照\R002_gitcode_szdaniel_S6T\Hypot\framework\CMakeLists.txt","396","2B9117B8865AB55A4C4018C86AD230F5C4AFDED78FBBEE939CB0385501C022B6"
"03_往届冠军仓库快照\R002_gitcode_szdaniel_S6T\Hypot\framework\tf_plugin\CMakeLists.txt","593","632568F858CE5D11D8405EC4C32E23A6403F184247953721C447DB5BF98057C9"
"03_往届冠军仓库快照\R002_gitcode_szdaniel_S6T\Hypot\framework\tf_plugin\tensorflow_hypot_plugin.cc","877","918F9DB6EB9EB1B9E8BA2065378944C75C4534577034BB540ADA1E1BAE7E409C"
"03_往届冠军仓库快照\R002_gitcode_szdaniel_S6T\Hypot\op_host\CMakeLists.txt","6641","3F99E9B8934BF9C16722CC36EB95402AE05D12AE473A7F97F77F1ACA75121402"
"03_往届冠军仓库快照\R002_gitcode_szdaniel_S6T\Hypot\op_host\hypot_tiling.h","1447","CCB1767399F8566E0D12AE61E6E7943F72896A0074E1099941FBAE545C43393E"
"03_往届冠军仓库快照\R002_gitcode_szdaniel_S6T\Hypot\op_host\hypot.cpp","15490","C1ABD96C406ED2ED8C840D7091F1D2B5263D1D9521359A4CAD637C5AF4542501"
"03_往届冠军仓库快照\R002_gitcode_szdaniel_S6T\Hypot\op_kernel\CMakeLists.txt","160","28DB4CC809D625D8A352D6078635873484A8D90CF5645711D0FD4FDC6AA6DA81"
"03_往届冠军仓库快照\R002_gitcode_szdaniel_S6T\Hypot\op_kernel\hypot.cpp","65155","A1933A94632ECCDF337B27178BC460EBE37C62A4384F1AA5EB916A3B16512FBF"
"03_往届冠军仓库快照\R002_gitcode_szdaniel_S6T\Hypot\scripts\help.info","81","27067F1EC0A23A694AE80EC4A05BC68415A284FBAF509B1A9CC0234035C61E5B"
"03_往届冠军仓库快照\R002_gitcode_szdaniel_S6T\Hypot\scripts\install.sh","9881","02862BAF881E9EBFA0EB5F43BE11932391E2B1EDC1D6C1C508812B5410C04181"
"03_往届冠军仓库快照\R002_gitcode_szdaniel_S6T\Hypot\scripts\upgrade.sh","4151","DDF117CFD96BF93194F66A8C4C7A298A263254107D1EFAE8F2081F0626E4C1F7"
"03_往届冠军仓库快照\R002_gitcode_szdaniel_S6T\Logcumsumexp\build.sh","2326","0A0B0DFA0813B4960898E272DFBC8FBA05E9D7A7502BA0EDDBDD7888E8CDD9C6"
"03_往届冠军仓库快照\R002_gitcode_szdaniel_S6T\Logcumsumexp\cmake\config.cmake","2110","49EB451F738B9E71ED8C52A9D3A4212236FABA2851A2D00249B7994765F4226E"
"03_往届冠军仓库快照\R002_gitcode_szdaniel_S6T\Logcumsumexp\cmake\device_task.cmake","1364","3452CC47D661D636E23C84E26A3E2D07FD29F64C9D7729CEBE1221A5F5C247EC"
"03_往届冠军仓库快照\R002_gitcode_szdaniel_S6T\Logcumsumexp\cmake\func.cmake","17515","FAF9CA84C4AA2B1FC5123B1E4878C62F210F2B8900DCEF4D6A931D7DA2CF488A"
"03_往届冠军仓库快照\R002_gitcode_szdaniel_S6T\Logcumsumexp\cmake\intf.cmake","1061","0C2533D6A98259B396930252585C65F1CD582D667171F20AFA4759FCDEB2C5A5"
"03_往届冠军仓库快照\R002_gitcode_szdaniel_S6T\Logcumsumexp\cmake\makeself.cmake","1411","E417E77228AE18A82CF2D551D63CBA5B8E001069DE18ECE287597D6E043B9573"
"03_往届冠军仓库快照\R002_gitcode_szdaniel_S6T\Logcumsumexp\cmake\util\__init__.py","158","3F8B7683A736D7274A9A5B95FA7AF6DBDE368599C327336EAADE4059BE3C850F"
"03_往届冠军仓库快照\R002_gitcode_szdaniel_S6T\Logcumsumexp\cmake\util\ascendc_bin_param_build.py","21488","5414E49F5154E7397C07D94EDFF6C0ECA72EB075AC157D0B4DDBCD1425751511"
"03_往届冠军仓库快照\R002_gitcode_szdaniel_S6T\Logcumsumexp\cmake\util\ascendc_compile_kernel.py","9322","ED84D36CB4A1BF791113E4AA05CC6F1F6439AAFE08A390622089A7D52C482403"
"03_往届冠军仓库快照\R002_gitcode_szdaniel_S6T\Logcumsumexp\cmake\util\ascendc_gen_options.py","3350","FBD8BC4332B2340FDB71F4BBAE452E93C3A54B43CEA86818643D9D9D61794D35"
"03_往届冠军仓库快照\R002_gitcode_szdaniel_S6T\Logcumsumexp\cmake\util\ascendc_get_op_name.py","620","FCA6F6025A4ACBF41CA583D29D86B2E8BCAEAE7BA1930C94B9291BFA55800F53"
"03_往届冠军仓库快照\R002_gitcode_szdaniel_S6T\Logcumsumexp\cmake\util\ascendc_impl_build.py","28353","4F3086C115B60D627C0081894A10E38D96EBD0149154A08BCBE064CDDBC162B3"
"03_往届冠军仓库快照\R002_gitcode_szdaniel_S6T\Logcumsumexp\cmake\util\ascendc_op_info.py","1224","F2622F78079FAFC0B268FAE4227697143C042ACA009C3E8D0BBA6C38CD25368C"
"03_往届冠军仓库快照\R002_gitcode_szdaniel_S6T\Logcumsumexp\cmake\util\ascendc_ops_config.py","10286","D5115115B7432FB649DF4087095325B043F42C46A035BDCAB0258D44F8835025"
"03_往届冠军仓库快照\R002_gitcode_szdaniel_S6T\Logcumsumexp\cmake\util\ascendc_pack_kernel.py","9706","3CABC5970DF1BD7E3AC67D9199D27178AA3F9554CDD8C4269369DE900ACC77A7"
"03_往届冠军仓库快照\R002_gitcode_szdaniel_S6T\Logcumsumexp\cmake\util\ascendc_pack_opregistry.py","12928","25E69163383C4F721A51CFD5509F7765F3AE5FA4FCF8BA6AF1B6203FD4D7AF2F"
"03_往届冠军仓库快照\R002_gitcode_szdaniel_S6T\Logcumsumexp\cmake\util\ascendc_replay_build.py","2712","165C9FE01344DC57176004A21AB38A23DB4B1186FE60B1A5AF63E9D4EE0BE263"
"03_往届冠军仓库快照\R002_gitcode_szdaniel_S6T\Logcumsumexp\cmake\util\batch_replay_impl.temp","3889","C1B37BD05B2BD1CBF093AF635F4B2F18540BF98ED7FF4B04C3287B1F1A0FCCE0"
"03_往届冠军仓库快照\R002_gitcode_szdaniel_S6T\Logcumsumexp\cmake\util\code_channel_infer.py","1597","EA76DA48CC19A3CFB3E06EA25FF1DBD03039E4FBE7C2D3690F6FEBC6F0C90E1B"
"03_往届冠军仓库快照\R002_gitcode_szdaniel_S6T\Logcumsumexp\cmake\util\const_var.py","1505","5769FF6128070F83BE6246019212F5930ABEDEA17A2A0D7AEC63C5B6659760B9"
"03_往届冠军仓库快照\R002_gitcode_szdaniel_S6T\Logcumsumexp\cmake\util\gen_impl_and_mrege_json.sh","646","8E62E9A6C1F4D5691417B9B25A4B77BCA4E8ADF26B1D677E1EEE7B013121DE8D"
"03_往届冠军仓库快照\R002_gitcode_szdaniel_S6T\Logcumsumexp\cmake\util\gen_ops_filter.sh","1506","CE87DD1E7FB96BD999C3DDC93CD36F29FBD6A3F3AB75E088C5FDDA1AFC3D3A28"
"03_往届冠军仓库快照\R002_gitcode_szdaniel_S6T\Logcumsumexp\cmake\util\gen_version_info.sh","353","1871CFEF3DD083C81966A95F98C812A19DF8FE0A4C83DFC3CA5BA03DB6E65A9A"
"03_往届冠军仓库快照\R002_gitcode_szdaniel_S6T\Logcumsumexp\cmake\util\insert_op_info.py","1098","A15BAB921F83F74CE42E828EC1D1DD3F4057823F48B44CB138F85ACD906472CB"
"03_往届冠军仓库快照\R002_gitcode_szdaniel_S6T\Logcumsumexp\cmake\util\insert_simplified_keys.py","6668","A1A460FE71424FBD78EF188ECC09C3B76BC9DAA99AE2D48D342DC0128FFA134F"
"03_往届冠军仓库快照\R002_gitcode_szdaniel_S6T\Logcumsumexp\cmake\util\kernel_entry.py","3947","9DF250FFEBB39AC528DB19D76CD1AFD852942AC81C41E48C02A6E3368B3DC7E5"
"03_往届冠军仓库快照\R002_gitcode_szdaniel_S6T\Logcumsumexp\cmake\util\kernel_impl.temp","240","660B98F6111CDD71260984CA38CC289710012291A414E21C4CF1BABB2F1A4AD1"
"03_往届冠军仓库快照\R002_gitcode_szdaniel_S6T\Logcumsumexp\cmake\util\makeself\COPYING","18431","189B1AF95D661151E054CEA10C91B3D754E4DE4D3FECFB074C1FB29476F7167B"
"03_往届冠军仓库快照\R002_gitcode_szdaniel_S6T\Logcumsumexp\cmake\util\makeself\make-release.sh","349","FBD10A2882B5BF82A407E855F0F088E469F4D142AFDD7B3DFDCC808798E374B9"
"03_往届冠军仓库快照\R002_gitcode_szdaniel_S6T\Logcumsumexp\cmake\util\makeself\makeself-header.sh","18618","93AE39674EC8EA07C00245F38CA18365B78787E10DF443049360C051B49B0A97"
"03_往届冠军仓库快照\R002_gitcode_szdaniel_S6T\Logcumsumexp\cmake\util\makeself\makeself.1","3189","1518183932195173D43E85ABC10CFB10366B0A1E3FC61A2D6136B68A78AB15FE"
"03_往届冠军仓库快照\R002_gitcode_szdaniel_S6T\Logcumsumexp\cmake\util\makeself\makeself.lsm","836","270D45704E0F94F39B67369371A063C4E793F4AF5996B273D30ABC281994C1D9"
"03_往届冠军仓库快照\R002_gitcode_szdaniel_S6T\Logcumsumexp\cmake\util\makeself\makeself.sh","25787","40482E4E390F2F3E1C1E06250C31C36814F054DF5254A5CBDD2FE89FD70D9C2B"
"03_往届冠军仓库快照\R002_gitcode_szdaniel_S6T\Logcumsumexp\cmake\util\makeself\README.md","22146","C12F14B92112511DE28B943EDDB8765D3D75D1AEDB23AA49442559C1BE273E4A"
"03_往届冠军仓库快照\R002_gitcode_szdaniel_S6T\Logcumsumexp\cmake\util\makeself\run-tests.sh","192","A9E7846C51870CA216D9620416C29F82466172876909E382CD7600215E766292"
"03_往届冠军仓库快照\R002_gitcode_szdaniel_S6T\Logcumsumexp\cmake\util\makeself\VERSION","7","6117CCF1F1DE058A9243D93A2A0FB0C13BFD3CD3D4DA8E8AAF3C85EABDBEF5B5"
"03_往届冠军仓库快照\R002_gitcode_szdaniel_S6T\Logcumsumexp\cmake\util\merge_aicpu_info_json.sh","1143","AEFF13DF06A408A231344AFDB046A914B0319D95C02547F93E5357B64CDA23EB"
"03_往届冠军仓库快照\R002_gitcode_szdaniel_S6T\Logcumsumexp\cmake\util\opdesc_parser.py","14595","E3CD4BFBCA992EF4E6DB4780D7189D0752540EFB385488E0B515A9C9CB9D0E49"
"03_往届冠军仓库快照\R002_gitcode_szdaniel_S6T\Logcumsumexp\cmake\util\parse_ini_to_json.py","13195","FA25B699BB3EB603849CCCAB152C791F72FF83D246F366DD8F064E9165EAA247"
"03_往届冠军仓库快照\R002_gitcode_szdaniel_S6T\Logcumsumexp\cmake\util\preset_parse.py","861","23C46E652B4411E735E7A6C10EE262E0508C41799E60660E60B5028F317535CB"
"03_往届冠军仓库快照\R002_gitcode_szdaniel_S6T\Logcumsumexp\cmake\util\replay_codegen.py","4527","56F4EEA8AA8CEB6E44795AB8DC5785D3D1D608697385D190564399AC6DC56A18"
"03_往届冠军仓库快照\R002_gitcode_szdaniel_S6T\Logcumsumexp\cmake\util\replay_impl.temp","4207","E66480E82316EEC24DDA34890235F281D0631CF13FBEC631788E586CA7B7B458"
"03_往届冠军仓库快照\R002_gitcode_szdaniel_S6T\Logcumsumexp\cmake\util\tiling_data_def_build.py","4172","93089EA6995DE374AEDBDED2781A75C8F0D2501E691890F269A0E0454F9F55C8"
"03_往届冠军仓库快照\R002_gitcode_szdaniel_S6T\Logcumsumexp\CMakeLists.txt","3307","8547C357858A1960295565B1A794B41E2CB475D4DEE5113C26CB7348D6AEFB55"
"03_往届冠军仓库快照\R002_gitcode_szdaniel_S6T\Logcumsumexp\CMakePresets.json","2233","63C45A9FA0CEBC8FEDBF94D6F5193CB0575BB7D3463253B09C5653465F5EFA62"
"03_往届冠军仓库快照\R002_gitcode_szdaniel_S6T\Logcumsumexp\framework\CMakeLists.txt","396","2B9117B8865AB55A4C4018C86AD230F5C4AFDED78FBBEE939CB0385501C022B6"
"03_往届冠军仓库快照\R002_gitcode_szdaniel_S6T\Logcumsumexp\framework\tf_plugin\CMakeLists.txt","593","632568F858CE5D11D8405EC4C32E23A6403F184247953721C447DB5BF98057C9"
"03_往届冠军仓库快照\R002_gitcode_szdaniel_S6T\Logcumsumexp\framework\tf_plugin\tensorflow_logcumsumexp_plugin.cc","891","66582D4E4B99CF82C8742F17B440B99EA92708682E93C9EA5D5E3C376F721967"
"03_往届冠军仓库快照\R002_gitcode_szdaniel_S6T\Logcumsumexp\op_host\CMakeLists.txt","6641","3F99E9B8934BF9C16722CC36EB95402AE05D12AE473A7F97F77F1ACA75121402"
"03_往届冠军仓库快照\R002_gitcode_szdaniel_S6T\Logcumsumexp\op_host\logcumsumexp_tiling.h","852","8D6190DAF6F748BABB426A93938D756F916A72B0EBA259BC93B0121FD35F5E69"
"03_往届冠军仓库快照\R002_gitcode_szdaniel_S6T\Logcumsumexp\op_host\logcumsumexp.cpp","7075","DEF74DDCA545ED11A9364150D90CCD9F1173754A204BE2D598E9B4B95DAF22A3"
"03_往届冠军仓库快照\R002_gitcode_szdaniel_S6T\Logcumsumexp\op_kernel\CMakeLists.txt","160","28DB4CC809D625D8A352D6078635873484A8D90CF5645711D0FD4FDC6AA6DA81"
"03_往届冠军仓库快照\R002_gitcode_szdaniel_S6T\Logcumsumexp\op_kernel\logcumsumexp.cpp","24872","8759293111FF4E37B095A91E3CB8B41ADD37028D89BBCE9350C67DE30E275AC2"
"03_往届冠军仓库快照\R002_gitcode_szdaniel_S6T\Logcumsumexp\op_kernel\mymath.h","6234","96A9C71BD969557FE5B884158742CE0603D45A147C825648CFA0268FAC4EBAF8"
"03_往届冠军仓库快照\R002_gitcode_szdaniel_S6T\Logcumsumexp\scripts\help.info","81","27067F1EC0A23A694AE80EC4A05BC68415A284FBAF509B1A9CC0234035C61E5B"
"03_往届冠军仓库快照\R002_gitcode_szdaniel_S6T\Logcumsumexp\scripts\install.sh","9881","02862BAF881E9EBFA0EB5F43BE11932391E2B1EDC1D6C1C508812B5410C04181"
"03_往届冠军仓库快照\R002_gitcode_szdaniel_S6T\Logcumsumexp\scripts\upgrade.sh","4151","DDF117CFD96BF93194F66A8C4C7A298A263254107D1EFAE8F2081F0626E4C1F7"
"03_往届冠军仓库快照\R002_gitcode_szdaniel_S6T\README.md","3","92C99EC17B5C9F681870F86B9D103E73CE6F195B5FFC99506B45CD38EA850681"
"03_往届冠军仓库快照\R071_github_2044145178_AscendC_S4\.git\config","307","A4C37D66F27FDFD28639F646A4A6349384D56315D858C7123DAA05CDFA1C7A8E"
"03_往届冠军仓库快照\R071_github_2044145178_AscendC_S4\.git\description","73","85AB6C163D43A17EA9CF7788308BCA1466F1B0A8D1CC92E26E9BF63DA4062AEE"
"03_往届冠军仓库快照\R071_github_2044145178_AscendC_S4\.git\HEAD","23","F6F2B945F6C411B02BA3DA9C7ACE88DCF71B6AF65BA2E0D89AA82900042B5A10"
"03_往届冠军仓库快照\R071_github_2044145178_AscendC_S4\.git\hooks\applypatch-msg.sample","478","0223497A0B8B033AA58A3A521B8629869386CF7AB0E2F101963D328AA62193F7"
"03_往届冠军仓库快照\R071_github_2044145178_AscendC_S4\.git\hooks\commit-msg.sample","896","1F74D5E9292979B573EBD59741D46CB93FF391ACDD083D340B94370753D92437"
"03_往届冠军仓库快照\R071_github_2044145178_AscendC_S4\.git\hooks\fsmonitor-watchman.sample","4726","E0549964E93897B519BD8E333C037E51FFF0F88BA13E086A331592BF801FA1D0"
"03_往届冠军仓库快照\R071_github_2044145178_AscendC_S4\.git\hooks\post-update.sample","189","81765AF2DAEF323061DCBC5E61FC16481CB74B3BAC9AD8A174B186523586F6C5"
"03_往届冠军仓库快照\R071_github_2044145178_AscendC_S4\.git\hooks\pre-applypatch.sample","424","E15C5B469EA3E0A695BEA6F2C82BCF8E62821074939DDD85B77E0007FF165475"
"03_往届冠军仓库快照\R071_github_2044145178_AscendC_S4\.git\hooks\pre-commit.sample","1649","57185B7B9F05239D7AB52DB045F5B89EB31348D7B2177EAB214F5EB872E1971B"
"03_往届冠军仓库快照\R071_github_2044145178_AscendC_S4\.git\hooks\pre-merge-commit.sample","416","D3825A70337940EBBD0A5C072984E13245920CDF8898BD225C8D27A6DFC9CB53"
"03_往届冠军仓库快照\R071_github_2044145178_AscendC_S4\.git\hooks\pre-push.sample","1374","ECCE9C7E04D3F5DD9D8ADA81753DD1D549A9634B26770042B58DDA00217D086A"
"03_往届冠军仓库快照\R071_github_2044145178_AscendC_S4\.git\hooks\pre-rebase.sample","4898","4FEBCE867790052338076F4E66CC47EFB14879D18097D1D61C8261859EAAA7B3"
"03_往届冠军仓库快照\R071_github_2044145178_AscendC_S4\.git\hooks\pre-receive.sample","544","A4C3D2B9C7BB3FD8D1441C31BD4EE71A595D66B44FCF49DDB310252320169989"
"03_往届冠军仓库快照\R071_github_2044145178_AscendC_S4\.git\hooks\prepare-commit-msg.sample","1492","E9DDCAA4189FDDD25ED97FC8C789ECA7B6CA16390B2392AE3276F0C8E1AA4619"
"03_往届冠军仓库快照\R071_github_2044145178_AscendC_S4\.git\hooks\push-to-checkout.sample","2783","A53D0741798B287C6DD7AFA64AEE473F305E65D3F49463BB9D7408EC3B12BF5F"
"03_往届冠军仓库快照\R071_github_2044145178_AscendC_S4\.git\hooks\sendemail-validate.sample","2308","44EBFC923DC5466BC009602F0ECF067B9C65459ABFE8868DDC49B78E6CED7A92"
"03_往届冠军仓库快照\R071_github_2044145178_AscendC_S4\.git\hooks\update.sample","3650","8D5F2FA83E103CF08B57EAA67521DF9194F45CBDBCB37DA52AD586097A14D106"
"03_往届冠军仓库快照\R071_github_2044145178_AscendC_S4\.git\index","19754","7F17C2A0EDCB781A23B13941FCAF85555433594A14FBDB4FD37D65AD5FDE55CB"
"03_往届冠军仓库快照\R071_github_2044145178_AscendC_S4\.git\info\exclude","240","6671FE83B7A07C8932EE89164D1F2793B2318058EB8B98DC5C06EE0A5A3B0EC1"
"03_往届冠军仓库快照\R071_github_2044145178_AscendC_S4\.git\logs\HEAD","188","CBBF7629119046693BE17993FBA40930979F5023B8EBD0375521D8676BADDC77"
"03_往届冠军仓库快照\R071_github_2044145178_AscendC_S4\.git\logs\refs\heads\master","188","CBBF7629119046693BE17993FBA40930979F5023B8EBD0375521D8676BADDC77"
"03_往届冠军仓库快照\R071_github_2044145178_AscendC_S4\.git\logs\refs\remotes\origin\HEAD","188","CBBF7629119046693BE17993FBA40930979F5023B8EBD0375521D8676BADDC77"
"03_往届冠军仓库快照\R071_github_2044145178_AscendC_S4\.git\objects\pack\pack-50bf9e19025dc7bd4695827a83ada04d44e2f976.idx","22268","8AD32367DB3EBD640856A21B689814B4F578761E7310F5A8BCD59828D5567F0E"
"03_往届冠军仓库快照\R071_github_2044145178_AscendC_S4\.git\objects\pack\pack-50bf9e19025dc7bd4695827a83ada04d44e2f976.pack","2378093","82C9658447C0F0848EC86172C22E3C2481ED9A8E641ED9DA09FC8549180A0D98"
"03_往届冠军仓库快照\R071_github_2044145178_AscendC_S4\.git\objects\pack\pack-50bf9e19025dc7bd4695827a83ada04d44e2f976.rev","3080","B19A73ADCC85B29C01658CBB3271EB9E86A74304DEB6BDBD1C5C9F98CEA9BF78"
"03_往届冠军仓库快照\R071_github_2044145178_AscendC_S4\.git\packed-refs","114","796019ACC7C653722D32E9C83357472EA9D809D0E25AAC9742615308F5F3149C"
"03_往届冠军仓库快照\R071_github_2044145178_AscendC_S4\.git\refs\heads\master","41","81563DAB64C4926B34685799863376420503A867E19209FBB6E4D2BC3F245DEE"
"03_往届冠军仓库快照\R071_github_2044145178_AscendC_S4\.git\refs\remotes\origin\HEAD","32","CDC65E67690C4C6475174E5EC662B70655246A2F3924354778835AB3BE70AA76"
"03_往届冠军仓库快照\R071_github_2044145178_AscendC_S4\Eye\build.sh","2707","B7AC6755E9B89CBFEDA9CC450F4D96930DF2A7CD573283F032D40358FF0E075B"
"03_往届冠军仓库快照\R071_github_2044145178_AscendC_S4\Eye\cmake\config.cmake","1362","D47496C06D8A1E69BAE74E6CFAC6F130ED436BC1252A9C4C56D9893C9FA09FCE"
"03_往届冠军仓库快照\R071_github_2044145178_AscendC_S4\Eye\cmake\func.cmake","9720","D62D7295F92B883696871DA3291BF89CB01304BC9CE55A3418E2E45ACA849FD7"
"03_往届冠军仓库快照\R071_github_2044145178_AscendC_S4\Eye\cmake\intf.cmake","1061","0C2533D6A98259B396930252585C65F1CD582D667171F20AFA4759FCDEB2C5A5"
"03_往届冠军仓库快照\R071_github_2044145178_AscendC_S4\Eye\cmake\makeself.cmake","1411","E417E77228AE18A82CF2D551D63CBA5B8E001069DE18ECE287597D6E043B9573"
"03_往届冠军仓库快照\R071_github_2044145178_AscendC_S4\Eye\cmake\util\__init__.py","158","3F8B7683A736D7274A9A5B95FA7AF6DBDE368599C327336EAADE4059BE3C850F"
"03_往届冠军仓库快照\R071_github_2044145178_AscendC_S4\Eye\cmake\util\__pycache__\const_var.cpython-39.pyc","1618","66CD176BE6995DE6FAFFB63BE04C365D7612F7B64A53462A704500AD98C7DAF3"
"03_往届冠军仓库快照\R071_github_2044145178_AscendC_S4\Eye\cmake\util\__pycache__\opdesc_parser.cpython-39.pyc","11169","AE0FC5165C42B6A3997703DD333736941B3ED76F211781CF81DB5BE7995A1587"
"03_往届冠军仓库快照\R071_github_2044145178_AscendC_S4\Eye\cmake\util\ascendc_bin_param_build.py","21488","5414E49F5154E7397C07D94EDFF6C0ECA72EB075AC157D0B4DDBCD1425751511"
"03_往届冠军仓库快照\R071_github_2044145178_AscendC_S4\Eye\cmake\util\ascendc_gen_options.py","3350","FBD8BC4332B2340FDB71F4BBAE452E93C3A54B43CEA86818643D9D9D61794D35"
"03_往届冠军仓库快照\R071_github_2044145178_AscendC_S4\Eye\cmake\util\ascendc_impl_build.py","28353","4F3086C115B60D627C0081894A10E38D96EBD0149154A08BCBE064CDDBC162B3"
"03_往届冠军仓库快照\R071_github_2044145178_AscendC_S4\Eye\cmake\util\ascendc_ops_config.py","10286","D5115115B7432FB649DF4087095325B043F42C46A035BDCAB0258D44F8835025"
"03_往届冠军仓库快照\R071_github_2044145178_AscendC_S4\Eye\cmake\util\ascendc_replay_build.py","2712","165C9FE01344DC57176004A21AB38A23DB4B1186FE60B1A5AF63E9D4EE0BE263"
"03_往届冠军仓库快照\R071_github_2044145178_AscendC_S4\Eye\cmake\util\batch_replay_impl.temp","3889","C1B37BD05B2BD1CBF093AF635F4B2F18540BF98ED7FF4B04C3287B1F1A0FCCE0"
"03_往届冠军仓库快照\R071_github_2044145178_AscendC_S4\Eye\cmake\util\code_channel_infer.py","1597","EA76DA48CC19A3CFB3E06EA25FF1DBD03039E4FBE7C2D3690F6FEBC6F0C90E1B"
"03_往届冠军仓库快照\R071_github_2044145178_AscendC_S4\Eye\cmake\util\const_var.py","1505","5769FF6128070F83BE6246019212F5930ABEDEA17A2A0D7AEC63C5B6659760B9"
"03_往届冠军仓库快照\R071_github_2044145178_AscendC_S4\Eye\cmake\util\gen_impl_and_mrege_json.sh","646","8E62E9A6C1F4D5691417B9B25A4B77BCA4E8ADF26B1D677E1EEE7B013121DE8D"
"03_往届冠军仓库快照\R071_github_2044145178_AscendC_S4\Eye\cmake\util\gen_ops_filter.sh","1506","CE87DD1E7FB96BD999C3DDC93CD36F29FBD6A3F3AB75E088C5FDDA1AFC3D3A28"
"03_往届冠军仓库快照\R071_github_2044145178_AscendC_S4\Eye\cmake\util\gen_version_info.sh","353","1871CFEF3DD083C81966A95F98C812A19DF8FE0A4C83DFC3CA5BA03DB6E65A9A"
"03_往届冠军仓库快照\R071_github_2044145178_AscendC_S4\Eye\cmake\util\insert_op_info.py","1098","A15BAB921F83F74CE42E828EC1D1DD3F4057823F48B44CB138F85ACD906472CB"
"03_往届冠军仓库快照\R071_github_2044145178_AscendC_S4\Eye\cmake\util\insert_simplified_keys.py","6668","A1A460FE71424FBD78EF188ECC09C3B76BC9DAA99AE2D48D342DC0128FFA134F"
"03_往届冠军仓库快照\R071_github_2044145178_AscendC_S4\Eye\cmake\util\kernel_entry.py","3947","9DF250FFEBB39AC528DB19D76CD1AFD852942AC81C41E48C02A6E3368B3DC7E5"
"03_往届冠军仓库快照\R071_github_2044145178_AscendC_S4\Eye\cmake\util\kernel_impl.temp","240","660B98F6111CDD71260984CA38CC289710012291A414E21C4CF1BABB2F1A4AD1"
"03_往届冠军仓库快照\R071_github_2044145178_AscendC_S4\Eye\cmake\util\makeself\COPYING","18431","189B1AF95D661151E054CEA10C91B3D754E4DE4D3FECFB074C1FB29476F7167B"
"03_往届冠军仓库快照\R071_github_2044145178_AscendC_S4\Eye\cmake\util\makeself\make-release.sh","349","FBD10A2882B5BF82A407E855F0F088E469F4D142AFDD7B3DFDCC808798E374B9"
"03_往届冠军仓库快照\R071_github_2044145178_AscendC_S4\Eye\cmake\util\makeself\makeself-header.sh","18618","93AE39674EC8EA07C00245F38CA18365B78787E10DF443049360C051B49B0A97"
"03_往届冠军仓库快照\R071_github_2044145178_AscendC_S4\Eye\cmake\util\makeself\makeself.1","3189","1518183932195173D43E85ABC10CFB10366B0A1E3FC61A2D6136B68A78AB15FE"
"03_往届冠军仓库快照\R071_github_2044145178_AscendC_S4\Eye\cmake\util\makeself\makeself.lsm","836","270D45704E0F94F39B67369371A063C4E793F4AF5996B273D30ABC281994C1D9"
"03_往届冠军仓库快照\R071_github_2044145178_AscendC_S4\Eye\cmake\util\makeself\makeself.sh","25787","40482E4E390F2F3E1C1E06250C31C36814F054DF5254A5CBDD2FE89FD70D9C2B"
"03_往届冠军仓库快照\R071_github_2044145178_AscendC_S4\Eye\cmake\util\makeself\README.md","22146","C12F14B92112511DE28B943EDDB8765D3D75D1AEDB23AA49442559C1BE273E4A"
"03_往届冠军仓库快照\R071_github_2044145178_AscendC_S4\Eye\cmake\util\makeself\run-tests.sh","192","A9E7846C51870CA216D9620416C29F82466172876909E382CD7600215E766292"
"03_往届冠军仓库快照\R071_github_2044145178_AscendC_S4\Eye\cmake\util\makeself\VERSION","7","6117CCF1F1DE058A9243D93A2A0FB0C13BFD3CD3D4DA8E8AAF3C85EABDBEF5B5"
"03_往届冠军仓库快照\R071_github_2044145178_AscendC_S4\Eye\cmake\util\merge_aicpu_info_json.sh","1143","AEFF13DF06A408A231344AFDB046A914B0319D95C02547F93E5357B64CDA23EB"
"03_往届冠军仓库快照\R071_github_2044145178_AscendC_S4\Eye\cmake\util\opdesc_parser.py","14527","5FE25154FF62E9FE1DD3D6F517B0E2A03C1F7FCA148C57C402444BDD67B300D4"
"03_往届冠军仓库快照\R071_github_2044145178_AscendC_S4\Eye\cmake\util\parse_ini_to_json.py","13195","FA25B699BB3EB603849CCCAB152C791F72FF83D246F366DD8F064E9165EAA247"
"03_往届冠军仓库快照\R071_github_2044145178_AscendC_S4\Eye\cmake\util\preset_parse.py","861","23C46E652B4411E735E7A6C10EE262E0508C41799E60660E60B5028F317535CB"
"03_往届冠军仓库快照\R071_github_2044145178_AscendC_S4\Eye\cmake\util\replay_codegen.py","4527","56F4EEA8AA8CEB6E44795AB8DC5785D3D1D608697385D190564399AC6DC56A18"
"03_往届冠军仓库快照\R071_github_2044145178_AscendC_S4\Eye\cmake\util\replay_impl.temp","4207","E66480E82316EEC24DDA34890235F281D0631CF13FBEC631788E586CA7B7B458"
"03_往届冠军仓库快照\R071_github_2044145178_AscendC_S4\Eye\cmake\util\tiling_data_def_build.py","4172","93089EA6995DE374AEDBDED2781A75C8F0D2501E691890F269A0E0454F9F55C8"
"03_往届冠军仓库快照\R071_github_2044145178_AscendC_S4\Eye\CMakeLists.txt","3194","15A37B346CD1584B6DC8D139B436BE3D33BC3EF5D9FEBC8520F255DD0049FAF2"
"03_往届冠军仓库快照\R071_github_2044145178_AscendC_S4\Eye\CMakePresets.json","2089","121003AB881D5F8D2EE912B1DACA1AB67DBCAB431D82515D1806CBA8F4ED9539"
"03_往届冠军仓库快照\R071_github_2044145178_AscendC_S4\Eye\framework\CMakeLists.txt","396","2B9117B8865AB55A4C4018C86AD230F5C4AFDED78FBBEE939CB0385501C022B6"
"03_往届冠军仓库快照\R071_github_2044145178_AscendC_S4\Eye\framework\tf_plugin\CMakeLists.txt","593","632568F858CE5D11D8405EC4C32E23A6403F184247953721C447DB5BF98057C9"
"03_往届冠军仓库快照\R071_github_2044145178_AscendC_S4\Eye\framework\tf_plugin\tensorflow_eye_plugin.cc","873","EB56420981B02DABA31366D7506B9298CB2BC8F09B93ABC0EBFD385BAB29CE31"
"03_往届冠军仓库快照\R071_github_2044145178_AscendC_S4\Eye\op_host\.ipynb_checkpoints\eye_tiling-checkpoint.h","791","45F0920A7A3041991AF367B58AD07A0381FB083E94911F9BBB81EFD6A75BA8CD"
"03_往届冠军仓库快照\R071_github_2044145178_AscendC_S4\Eye\op_host\.ipynb_checkpoints\eye-checkpoint.cpp","6966","6A4E3AC5A22956D8C494123182F24D7CF10C2F6FD4EB7E48CF16AC06BEC06BA0"
"03_往届冠军仓库快照\R071_github_2044145178_AscendC_S4\Eye\op_host\CMakeLists.txt","3399","BDC23150BEDFD045F74B1B6F30EB630F2CEC5842A9ED7801707161EA2D8B295A"
"03_往届冠军仓库快照\R071_github_2044145178_AscendC_S4\Eye\op_host\eye_tiling.h","791","45F0920A7A3041991AF367B58AD07A0381FB083E94911F9BBB81EFD6A75BA8CD"
"03_往届冠军仓库快照\R071_github_2044145178_AscendC_S4\Eye\op_host\eye.cpp","6966","6A4E3AC5A22956D8C494123182F24D7CF10C2F6FD4EB7E48CF16AC06BEC06BA0"
"03_往届冠军仓库快照\R071_github_2044145178_AscendC_S4\Eye\op_kernel\.ipynb_checkpoints\CMakeLists-checkpoint.txt","2758","734B2C7EFA66073F407CDDBD9C06D9DA10A9B29126099D57F6D4BACEB9A27253"
"03_往届冠军仓库快照\R071_github_2044145178_AscendC_S4\Eye\op_kernel\.ipynb_checkpoints\eye-checkpoint.cpp","17853","F0E558A7BAC5646C8443780D8D6D90741B5BB2FAFDF5805E242A77BB54B8D8B2"
"03_往届冠军仓库快照\R071_github_2044145178_AscendC_S4\Eye\op_kernel\CMakeLists.txt","2758","734B2C7EFA66073F407CDDBD9C06D9DA10A9B29126099D57F6D4BACEB9A27253"
"03_往届冠军仓库快照\R071_github_2044145178_AscendC_S4\Eye\op_kernel\eye.cpp","17853","F0E558A7BAC5646C8443780D8D6D90741B5BB2FAFDF5805E242A77BB54B8D8B2"
"03_往届冠军仓库快照\R071_github_2044145178_AscendC_S4\Eye\scripts\help.info","81","27067F1EC0A23A694AE80EC4A05BC68415A284FBAF509B1A9CC0234035C61E5B"
"03_往届冠军仓库快照\R071_github_2044145178_AscendC_S4\Eye\scripts\install.sh","9881","02862BAF881E9EBFA0EB5F43BE11932391E2B1EDC1D6C1C508812B5410C04181"
"03_往届冠军仓库快照\R071_github_2044145178_AscendC_S4\Eye\scripts\upgrade.sh","4151","DDF117CFD96BF93194F66A8C4C7A298A263254107D1EFAE8F2081F0626E4C1F7"
"03_往届冠军仓库快照\R071_github_2044145178_AscendC_S4\Heaviside\build.sh","2707","B7AC6755E9B89CBFEDA9CC450F4D96930DF2A7CD573283F032D40358FF0E075B"
"03_往届冠军仓库快照\R071_github_2044145178_AscendC_S4\Heaviside\cmake\.ipynb_checkpoints\func-checkpoint.cmake","9720","D62D7295F92B883696871DA3291BF89CB01304BC9CE55A3418E2E45ACA849FD7"
"03_往届冠军仓库快照\R071_github_2044145178_AscendC_S4\Heaviside\cmake\.ipynb_checkpoints\makeself-checkpoint.cmake","1411","E417E77228AE18A82CF2D551D63CBA5B8E001069DE18ECE287597D6E043B9573"
"03_往届冠军仓库快照\R071_github_2044145178_AscendC_S4\Heaviside\cmake\config.cmake","1362","D47496C06D8A1E69BAE74E6CFAC6F130ED436BC1252A9C4C56D9893C9FA09FCE"
"03_往届冠军仓库快照\R071_github_2044145178_AscendC_S4\Heaviside\cmake\func.cmake","9720","D62D7295F92B883696871DA3291BF89CB01304BC9CE55A3418E2E45ACA849FD7"
"03_往届冠军仓库快照\R071_github_2044145178_AscendC_S4\Heaviside\cmake\intf.cmake","1061","0C2533D6A98259B396930252585C65F1CD582D667171F20AFA4759FCDEB2C5A5"
"03_往届冠军仓库快照\R071_github_2044145178_AscendC_S4\Heaviside\cmake\makeself.cmake","1411","E417E77228AE18A82CF2D551D63CBA5B8E001069DE18ECE287597D6E043B9573"
"03_往届冠军仓库快照\R071_github_2044145178_AscendC_S4\Heaviside\cmake\util\__init__.py","158","3F8B7683A736D7274A9A5B95FA7AF6DBDE368599C327336EAADE4059BE3C850F"
"03_往届冠军仓库快照\R071_github_2044145178_AscendC_S4\Heaviside\cmake\util\__pycache__\const_var.cpython-39.pyc","1624","9375491A1DC21B0D48F0ADA02496045A55D2A93F4547C33C67001193C65BA438"
"03_往届冠军仓库快照\R071_github_2044145178_AscendC_S4\Heaviside\cmake\util\__pycache__\opdesc_parser.cpython-39.pyc","11175","06C4B9974149EC90B02AB58909BB6C5B026D158D1BBF9A01D73FD645514D8510"
"03_往届冠军仓库快照\R071_github_2044145178_AscendC_S4\Heaviside\cmake\util\ascendc_bin_param_build.py","21488","5414E49F5154E7397C07D94EDFF6C0ECA72EB075AC157D0B4DDBCD1425751511"
"03_往届冠军仓库快照\R071_github_2044145178_AscendC_S4\Heaviside\cmake\util\ascendc_gen_options.py","3350","FBD8BC4332B2340FDB71F4BBAE452E93C3A54B43CEA86818643D9D9D61794D35"
"03_往届冠军仓库快照\R071_github_2044145178_AscendC_S4\Heaviside\cmake\util\ascendc_impl_build.py","28353","4F3086C115B60D627C0081894A10E38D96EBD0149154A08BCBE064CDDBC162B3"
"03_往届冠军仓库快照\R071_github_2044145178_AscendC_S4\Heaviside\cmake\util\ascendc_ops_config.py","10286","D5115115B7432FB649DF4087095325B043F42C46A035BDCAB0258D44F8835025"
"03_往届冠军仓库快照\R071_github_2044145178_AscendC_S4\Heaviside\cmake\util\ascendc_replay_build.py","2712","165C9FE01344DC57176004A21AB38A23DB4B1186FE60B1A5AF63E9D4EE0BE263"
"03_往届冠军仓库快照\R071_github_2044145178_AscendC_S4\Heaviside\cmake\util\batch_replay_impl.temp","3889","C1B37BD05B2BD1CBF093AF635F4B2F18540BF98ED7FF4B04C3287B1F1A0FCCE0"
"03_往届冠军仓库快照\R071_github_2044145178_AscendC_S4\Heaviside\cmake\util\code_channel_infer.py","1597","EA76DA48CC19A3CFB3E06EA25FF1DBD03039E4FBE7C2D3690F6FEBC6F0C90E1B"
"03_往届冠军仓库快照\R071_github_2044145178_AscendC_S4\Heaviside\cmake\util\const_var.py","1505","5769FF6128070F83BE6246019212F5930ABEDEA17A2A0D7AEC63C5B6659760B9"
"03_往届冠军仓库快照\R071_github_2044145178_AscendC_S4\Heaviside\cmake\util\gen_impl_and_mrege_json.sh","646","8E62E9A6C1F4D5691417B9B25A4B77BCA4E8ADF26B1D677E1EEE7B013121DE8D"
"03_往届冠军仓库快照\R071_github_2044145178_AscendC_S4\Heaviside\cmake\util\gen_ops_filter.sh","1506","CE87DD1E7FB96BD999C3DDC93CD36F29FBD6A3F3AB75E088C5FDDA1AFC3D3A28"
"03_往届冠军仓库快照\R071_github_2044145178_AscendC_S4\Heaviside\cmake\util\gen_version_info.sh","353","1871CFEF3DD083C81966A95F98C812A19DF8FE0A4C83DFC3CA5BA03DB6E65A9A"
"03_往届冠军仓库快照\R071_github_2044145178_AscendC_S4\Heaviside\cmake\util\insert_op_info.py","1098","A15BAB921F83F74CE42E828EC1D1DD3F4057823F48B44CB138F85ACD906472CB"
"03_往届冠军仓库快照\R071_github_2044145178_AscendC_S4\Heaviside\cmake\util\insert_simplified_keys.py","6668","A1A460FE71424FBD78EF188ECC09C3B76BC9DAA99AE2D48D342DC0128FFA134F"
"03_往届冠军仓库快照\R071_github_2044145178_AscendC_S4\Heaviside\cmake\util\kernel_entry.py","3947","9DF250FFEBB39AC528DB19D76CD1AFD852942AC81C41E48C02A6E3368B3DC7E5"
"03_往届冠军仓库快照\R071_github_2044145178_AscendC_S4\Heaviside\cmake\util\kernel_impl.temp","240","660B98F6111CDD71260984CA38CC289710012291A414E21C4CF1BABB2F1A4AD1"
"03_往届冠军仓库快照\R071_github_2044145178_AscendC_S4\Heaviside\cmake\util\makeself\COPYING","18431","189B1AF95D661151E054CEA10C91B3D754E4DE4D3FECFB074C1FB29476F7167B"
"03_往届冠军仓库快照\R071_github_2044145178_AscendC_S4\Heaviside\cmake\util\makeself\make-release.sh","349","FBD10A2882B5BF82A407E855F0F088E469F4D142AFDD7B3DFDCC808798E374B9"
"03_往届冠军仓库快照\R071_github_2044145178_AscendC_S4\Heaviside\cmake\util\makeself\makeself-header.sh","18618","93AE39674EC8EA07C00245F38CA18365B78787E10DF443049360C051B49B0A97"
"03_往届冠军仓库快照\R071_github_2044145178_AscendC_S4\Heaviside\cmake\util\makeself\makeself.1","3189","1518183932195173D43E85ABC10CFB10366B0A1E3FC61A2D6136B68A78AB15FE"
"03_往届冠军仓库快照\R071_github_2044145178_AscendC_S4\Heaviside\cmake\util\makeself\makeself.lsm","836","270D45704E0F94F39B67369371A063C4E793F4AF5996B273D30ABC281994C1D9"
"03_往届冠军仓库快照\R071_github_2044145178_AscendC_S4\Heaviside\cmake\util\makeself\makeself.sh","25787","40482E4E390F2F3E1C1E06250C31C36814F054DF5254A5CBDD2FE89FD70D9C2B"
"03_往届冠军仓库快照\R071_github_2044145178_AscendC_S4\Heaviside\cmake\util\makeself\README.md","22146","C12F14B92112511DE28B943EDDB8765D3D75D1AEDB23AA49442559C1BE273E4A"
"03_往届冠军仓库快照\R071_github_2044145178_AscendC_S4\Heaviside\cmake\util\makeself\run-tests.sh","192","A9E7846C51870CA216D9620416C29F82466172876909E382CD7600215E766292"
"03_往届冠军仓库快照\R071_github_2044145178_AscendC_S4\Heaviside\cmake\util\makeself\VERSION","7","6117CCF1F1DE058A9243D93A2A0FB0C13BFD3CD3D4DA8E8AAF3C85EABDBEF5B5"
"03_往届冠军仓库快照\R071_github_2044145178_AscendC_S4\Heaviside\cmake\util\merge_aicpu_info_json.sh","1143","AEFF13DF06A408A231344AFDB046A914B0319D95C02547F93E5357B64CDA23EB"
"03_往届冠军仓库快照\R071_github_2044145178_AscendC_S4\Heaviside\cmake\util\opdesc_parser.py","14527","5FE25154FF62E9FE1DD3D6F517B0E2A03C1F7FCA148C57C402444BDD67B300D4"
"03_往届冠军仓库快照\R071_github_2044145178_AscendC_S4\Heaviside\cmake\util\parse_ini_to_json.py","13195","FA25B699BB3EB603849CCCAB152C791F72FF83D246F366DD8F064E9165EAA247"
"03_往届冠军仓库快照\R071_github_2044145178_AscendC_S4\Heaviside\cmake\util\preset_parse.py","861","23C46E652B4411E735E7A6C10EE262E0508C41799E60660E60B5028F317535CB"
"03_往届冠军仓库快照\R071_github_2044145178_AscendC_S4\Heaviside\cmake\util\replay_codegen.py","4527","56F4EEA8AA8CEB6E44795AB8DC5785D3D1D608697385D190564399AC6DC56A18"
"03_往届冠军仓库快照\R071_github_2044145178_AscendC_S4\Heaviside\cmake\util\replay_impl.temp","4207","E66480E82316EEC24DDA34890235F281D0631CF13FBEC631788E586CA7B7B458"
"03_往届冠军仓库快照\R071_github_2044145178_AscendC_S4\Heaviside\cmake\util\tiling_data_def_build.py","4172","93089EA6995DE374AEDBDED2781A75C8F0D2501E691890F269A0E0454F9F55C8"
"03_往届冠军仓库快照\R071_github_2044145178_AscendC_S4\Heaviside\CMakeLists.txt","3194","15A37B346CD1584B6DC8D139B436BE3D33BC3EF5D9FEBC8520F255DD0049FAF2"
"03_往届冠军仓库快照\R071_github_2044145178_AscendC_S4\Heaviside\CMakePresets.json","2089","121003AB881D5F8D2EE912B1DACA1AB67DBCAB431D82515D1806CBA8F4ED9539"
"03_往届冠军仓库快照\R071_github_2044145178_AscendC_S4\Heaviside\framework\CMakeLists.txt","396","2B9117B8865AB55A4C4018C86AD230F5C4AFDED78FBBEE939CB0385501C022B6"
"03_往届冠军仓库快照\R071_github_2044145178_AscendC_S4\Heaviside\framework\tf_plugin\CMakeLists.txt","593","632568F858CE5D11D8405EC4C32E23A6403F184247953721C447DB5BF98057C9"
"03_往届冠军仓库快照\R071_github_2044145178_AscendC_S4\Heaviside\framework\tf_plugin\tensorflow_heaviside_plugin.cc","885","4EC80BE678AC505B60E2296223D2AEB2B92308D945B401FAFDAA7FA5197F1A2E"
"03_往届冠军仓库快照\R071_github_2044145178_AscendC_S4\Heaviside\op_host\.ipynb_checkpoints\CMakeLists-checkpoint.txt","3399","BDC23150BEDFD045F74B1B6F30EB630F2CEC5842A9ED7801707161EA2D8B295A"
"03_往届冠军仓库快照\R071_github_2044145178_AscendC_S4\Heaviside\op_host\.ipynb_checkpoints\heaviside_tiling-checkpoint.h","749","FAFC7730D08F22711FF2AF9120CAE797448F1065F9C93EDA4890BBC9D5A7486F"
"03_往届冠军仓库快照\R071_github_2044145178_AscendC_S4\Heaviside\op_host\.ipynb_checkpoints\heaviside-checkpoint.cpp","7470","89528E8C15C035BB45FA7795E9258F0D4007921D3C6C74741E60C9319FCA37FD"
"03_往届冠军仓库快照\R071_github_2044145178_AscendC_S4\Heaviside\op_host\CMakeLists.txt","3399","BDC23150BEDFD045F74B1B6F30EB630F2CEC5842A9ED7801707161EA2D8B295A"
"03_往届冠军仓库快照\R071_github_2044145178_AscendC_S4\Heaviside\op_host\heaviside_tiling.h","749","FAFC7730D08F22711FF2AF9120CAE797448F1065F9C93EDA4890BBC9D5A7486F"
"03_往届冠军仓库快照\R071_github_2044145178_AscendC_S4\Heaviside\op_host\heaviside.cpp","7470","89528E8C15C035BB45FA7795E9258F0D4007921D3C6C74741E60C9319FCA37FD"
"03_往届冠军仓库快照\R071_github_2044145178_AscendC_S4\Heaviside\op_kernel\.ipynb_checkpoints\CMakeLists-checkpoint.txt","2859","2E784D7B39B4158B9B88B09A80F6E9604EA40ECB7F6B5515644791EFF197DC8A"
"03_往届冠军仓库快照\R071_github_2044145178_AscendC_S4\Heaviside\op_kernel\.ipynb_checkpoints\heaviside-checkpoint.cpp","13880","C4613C20E3D8D7EFE949B0C0A0E3FB155883539F5DC1B971CC50692D355FDC4A"
"03_往届冠军仓库快照\R071_github_2044145178_AscendC_S4\Heaviside\op_kernel\CMakeLists.txt","2859","2E784D7B39B4158B9B88B09A80F6E9604EA40ECB7F6B5515644791EFF197DC8A"
"03_往届冠军仓库快照\R071_github_2044145178_AscendC_S4\Heaviside\op_kernel\heaviside.cpp","13880","C4613C20E3D8D7EFE949B0C0A0E3FB155883539F5DC1B971CC50692D355FDC4A"
"03_往届冠军仓库快照\R071_github_2044145178_AscendC_S4\Heaviside\scripts\.ipynb_checkpoints\install-checkpoint.sh","9881","02862BAF881E9EBFA0EB5F43BE11932391E2B1EDC1D6C1C508812B5410C04181"
"03_往届冠军仓库快照\R071_github_2044145178_AscendC_S4\Heaviside\scripts\help.info","81","27067F1EC0A23A694AE80EC4A05BC68415A284FBAF509B1A9CC0234035C61E5B"
"03_往届冠军仓库快照\R071_github_2044145178_AscendC_S4\Heaviside\scripts\install.sh","9881","02862BAF881E9EBFA0EB5F43BE11932391E2B1EDC1D6C1C508812B5410C04181"
"03_往届冠军仓库快照\R071_github_2044145178_AscendC_S4\Heaviside\scripts\upgrade.sh","4151","DDF117CFD96BF93194F66A8C4C7A298A263254107D1EFAE8F2081F0626E4C1F7"
"03_往届冠军仓库快照\R071_github_2044145178_AscendC_S4\README.md","14","067BC9275FF83A5C0D633257E991374C5A7E384165E3F59301B9304C85A5134C"
"03_往届冠军仓库快照\R071_github_2044145178_AscendC_S4\ScatterReduce\build.sh","2707","B7AC6755E9B89CBFEDA9CC450F4D96930DF2A7CD573283F032D40358FF0E075B"
"03_往届冠军仓库快照\R071_github_2044145178_AscendC_S4\ScatterReduce\cmake\config.cmake","1362","D47496C06D8A1E69BAE74E6CFAC6F130ED436BC1252A9C4C56D9893C9FA09FCE"
"03_往届冠军仓库快照\R071_github_2044145178_AscendC_S4\ScatterReduce\cmake\func.cmake","9720","D62D7295F92B883696871DA3291BF89CB01304BC9CE55A3418E2E45ACA849FD7"
"03_往届冠军仓库快照\R071_github_2044145178_AscendC_S4\ScatterReduce\cmake\intf.cmake","1061","0C2533D6A98259B396930252585C65F1CD582D667171F20AFA4759FCDEB2C5A5"
"03_往届冠军仓库快照\R071_github_2044145178_AscendC_S4\ScatterReduce\cmake\makeself.cmake","1411","E417E77228AE18A82CF2D551D63CBA5B8E001069DE18ECE287597D6E043B9573"
"03_往届冠军仓库快照\R071_github_2044145178_AscendC_S4\ScatterReduce\cmake\util\__init__.py","158","3F8B7683A736D7274A9A5B95FA7AF6DBDE368599C327336EAADE4059BE3C850F"
"03_往届冠军仓库快照\R071_github_2044145178_AscendC_S4\ScatterReduce\cmake\util\__pycache__\const_var.cpython-39.pyc","1628","C5D6D36FDF0FC697D0DB76162D69A9463EF301F47E894D84D35298232DAD1C28"
"03_往届冠军仓库快照\R071_github_2044145178_AscendC_S4\ScatterReduce\cmake\util\__pycache__\opdesc_parser.cpython-39.pyc","11179","3E292352C7793ADBA6D84CD7C6EF6E34CBC786F38927C5E8A4F04A1BE3B4BEA0"
"03_往届冠军仓库快照\R071_github_2044145178_AscendC_S4\ScatterReduce\cmake\util\ascendc_bin_param_build.py","21488","5414E49F5154E7397C07D94EDFF6C0ECA72EB075AC157D0B4DDBCD1425751511"
"03_往届冠军仓库快照\R071_github_2044145178_AscendC_S4\ScatterReduce\cmake\util\ascendc_gen_options.py","3350","FBD8BC4332B2340FDB71F4BBAE452E93C3A54B43CEA86818643D9D9D61794D35"
"03_往届冠军仓库快照\R071_github_2044145178_AscendC_S4\ScatterReduce\cmake\util\ascendc_impl_build.py","28353","4F3086C115B60D627C0081894A10E38D96EBD0149154A08BCBE064CDDBC162B3"
"03_往届冠军仓库快照\R071_github_2044145178_AscendC_S4\ScatterReduce\cmake\util\ascendc_ops_config.py","10286","D5115115B7432FB649DF4087095325B043F42C46A035BDCAB0258D44F8835025"
"03_往届冠军仓库快照\R071_github_2044145178_AscendC_S4\ScatterReduce\cmake\util\ascendc_replay_build.py","2712","165C9FE01344DC57176004A21AB38A23DB4B1186FE60B1A5AF63E9D4EE0BE263"
"03_往届冠军仓库快照\R071_github_2044145178_AscendC_S4\ScatterReduce\cmake\util\batch_replay_impl.temp","3889","C1B37BD05B2BD1CBF093AF635F4B2F18540BF98ED7FF4B04C3287B1F1A0FCCE0"
"03_往届冠军仓库快照\R071_github_2044145178_AscendC_S4\ScatterReduce\cmake\util\code_channel_infer.py","1597","EA76DA48CC19A3CFB3E06EA25FF1DBD03039E4FBE7C2D3690F6FEBC6F0C90E1B"
"03_往届冠军仓库快照\R071_github_2044145178_AscendC_S4\ScatterReduce\cmake\util\const_var.py","1505","5769FF6128070F83BE6246019212F5930ABEDEA17A2A0D7AEC63C5B6659760B9"
"03_往届冠军仓库快照\R071_github_2044145178_AscendC_S4\ScatterReduce\cmake\util\gen_impl_and_mrege_json.sh","646","8E62E9A6C1F4D5691417B9B25A4B77BCA4E8ADF26B1D677E1EEE7B013121DE8D"
"03_往届冠军仓库快照\R071_github_2044145178_AscendC_S4\ScatterReduce\cmake\util\gen_ops_filter.sh","1506","CE87DD1E7FB96BD999C3DDC93CD36F29FBD6A3F3AB75E088C5FDDA1AFC3D3A28"
"03_往届冠军仓库快照\R071_github_2044145178_AscendC_S4\ScatterReduce\cmake\util\gen_version_info.sh","353","1871CFEF3DD083C81966A95F98C812A19DF8FE0A4C83DFC3CA5BA03DB6E65A9A"
"03_往届冠军仓库快照\R071_github_2044145178_AscendC_S4\ScatterReduce\cmake\util\insert_op_info.py","1098","A15BAB921F83F74CE42E828EC1D1DD3F4057823F48B44CB138F85ACD906472CB"
"03_往届冠军仓库快照\R071_github_2044145178_AscendC_S4\ScatterReduce\cmake\util\insert_simplified_keys.py","6668","A1A460FE71424FBD78EF188ECC09C3B76BC9DAA99AE2D48D342DC0128FFA134F"
"03_往届冠军仓库快照\R071_github_2044145178_AscendC_S4\ScatterReduce\cmake\util\kernel_entry.py","3947","9DF250FFEBB39AC528DB19D76CD1AFD852942AC81C41E48C02A6E3368B3DC7E5"
"03_往届冠军仓库快照\R071_github_2044145178_AscendC_S4\ScatterReduce\cmake\util\kernel_impl.temp","240","660B98F6111CDD71260984CA38CC289710012291A414E21C4CF1BABB2F1A4AD1"
"03_往届冠军仓库快照\R071_github_2044145178_AscendC_S4\ScatterReduce\cmake\util\makeself\COPYING","18431","189B1AF95D661151E054CEA10C91B3D754E4DE4D3FECFB074C1FB29476F7167B"
"03_往届冠军仓库快照\R071_github_2044145178_AscendC_S4\ScatterReduce\cmake\util\makeself\make-release.sh","349","FBD10A2882B5BF82A407E855F0F088E469F4D142AFDD7B3DFDCC808798E374B9"
"03_往届冠军仓库快照\R071_github_2044145178_AscendC_S4\ScatterReduce\cmake\util\makeself\makeself-header.sh","18618","93AE39674EC8EA07C00245F38CA18365B78787E10DF443049360C051B49B0A97"
"03_往届冠军仓库快照\R071_github_2044145178_AscendC_S4\ScatterReduce\cmake\util\makeself\makeself.1","3189","1518183932195173D43E85ABC10CFB10366B0A1E3FC61A2D6136B68A78AB15FE"
"03_往届冠军仓库快照\R071_github_2044145178_AscendC_S4\ScatterReduce\cmake\util\makeself\makeself.lsm","836","270D45704E0F94F39B67369371A063C4E793F4AF5996B273D30ABC281994C1D9"
"03_往届冠军仓库快照\R071_github_2044145178_AscendC_S4\ScatterReduce\cmake\util\makeself\makeself.sh","25787","40482E4E390F2F3E1C1E06250C31C36814F054DF5254A5CBDD2FE89FD70D9C2B"
"03_往届冠军仓库快照\R071_github_2044145178_AscendC_S4\ScatterReduce\cmake\util\makeself\README.md","22146","C12F14B92112511DE28B943EDDB8765D3D75D1AEDB23AA49442559C1BE273E4A"
"03_往届冠军仓库快照\R071_github_2044145178_AscendC_S4\ScatterReduce\cmake\util\makeself\run-tests.sh","192","A9E7846C51870CA216D9620416C29F82466172876909E382CD7600215E766292"
"03_往届冠军仓库快照\R071_github_2044145178_AscendC_S4\ScatterReduce\cmake\util\makeself\VERSION","7","6117CCF1F1DE058A9243D93A2A0FB0C13BFD3CD3D4DA8E8AAF3C85EABDBEF5B5"
"03_往届冠军仓库快照\R071_github_2044145178_AscendC_S4\ScatterReduce\cmake\util\merge_aicpu_info_json.sh","1143","AEFF13DF06A408A231344AFDB046A914B0319D95C02547F93E5357B64CDA23EB"
"03_往届冠军仓库快照\R071_github_2044145178_AscendC_S4\ScatterReduce\cmake\util\opdesc_parser.py","14527","5FE25154FF62E9FE1DD3D6F517B0E2A03C1F7FCA148C57C402444BDD67B300D4"
"03_往届冠军仓库快照\R071_github_2044145178_AscendC_S4\ScatterReduce\cmake\util\parse_ini_to_json.py","13195","FA25B699BB3EB603849CCCAB152C791F72FF83D246F366DD8F064E9165EAA247"
"03_往届冠军仓库快照\R071_github_2044145178_AscendC_S4\ScatterReduce\cmake\util\preset_parse.py","861","23C46E652B4411E735E7A6C10EE262E0508C41799E60660E60B5028F317535CB"
"03_往届冠军仓库快照\R071_github_2044145178_AscendC_S4\ScatterReduce\cmake\util\replay_codegen.py","4527","56F4EEA8AA8CEB6E44795AB8DC5785D3D1D608697385D190564399AC6DC56A18"
"03_往届冠军仓库快照\R071_github_2044145178_AscendC_S4\ScatterReduce\cmake\util\replay_impl.temp","4207","E66480E82316EEC24DDA34890235F281D0631CF13FBEC631788E586CA7B7B458"
"03_往届冠军仓库快照\R071_github_2044145178_AscendC_S4\ScatterReduce\cmake\util\tiling_data_def_build.py","4172","93089EA6995DE374AEDBDED2781A75C8F0D2501E691890F269A0E0454F9F55C8"
"03_往届冠军仓库快照\R071_github_2044145178_AscendC_S4\ScatterReduce\CMakeLists.txt","3194","15A37B346CD1584B6DC8D139B436BE3D33BC3EF5D9FEBC8520F255DD0049FAF2"
"03_往届冠军仓库快照\R071_github_2044145178_AscendC_S4\ScatterReduce\CMakePresets.json","2089","121003AB881D5F8D2EE912B1DACA1AB67DBCAB431D82515D1806CBA8F4ED9539"
"03_往届冠军仓库快照\R071_github_2044145178_AscendC_S4\ScatterReduce\framework\CMakeLists.txt","396","2B9117B8865AB55A4C4018C86AD230F5C4AFDED78FBBEE939CB0385501C022B6"
"03_往届冠军仓库快照\R071_github_2044145178_AscendC_S4\ScatterReduce\framework\tf_plugin\CMakeLists.txt","593","632568F858CE5D11D8405EC4C32E23A6403F184247953721C447DB5BF98057C9"
"03_往届冠军仓库快照\R071_github_2044145178_AscendC_S4\ScatterReduce\framework\tf_plugin\tensorflow_scatter_reduce_plugin.cc","893","80FA22AD51F9461D8CA0189FBB0548535A88AB37B347D678E51730F0A9725816"
"03_往届冠军仓库快照\R071_github_2044145178_AscendC_S4\ScatterReduce\op_host\.ipynb_checkpoints\scatter_reduce_tiling-checkpoint.h","657","0E184534EAAE1BA6C0D1A79D88684A1C0E26FE4B2623A4EC2BD8C128A2C73D57"
"03_往届冠军仓库快照\R071_github_2044145178_AscendC_S4\ScatterReduce\op_host\.ipynb_checkpoints\scatter_reduce-checkpoint.cpp","5982","42A9E100B8DEC625B66FCBFB7D1A076BC20EB250E1D2EF2BD44EEAB2AFFA71F7"
"03_往届冠军仓库快照\R071_github_2044145178_AscendC_S4\ScatterReduce\op_host\CMakeLists.txt","3399","BDC23150BEDFD045F74B1B6F30EB630F2CEC5842A9ED7801707161EA2D8B295A"
"03_往届冠军仓库快照\R071_github_2044145178_AscendC_S4\ScatterReduce\op_host\scatter_reduce_tiling.h","657","0E184534EAAE1BA6C0D1A79D88684A1C0E26FE4B2623A4EC2BD8C128A2C73D57"
"03_往届冠军仓库快照\R071_github_2044145178_AscendC_S4\ScatterReduce\op_host\scatter_reduce.cpp","5982","42A9E100B8DEC625B66FCBFB7D1A076BC20EB250E1D2EF2BD44EEAB2AFFA71F7"
"03_往届冠军仓库快照\R071_github_2044145178_AscendC_S4\ScatterReduce\op_kernel\.ipynb_checkpoints\CMakeLists-checkpoint.txt","2838","2A1CE1288AB9383C8F897A89E8ED8C9BA35F508F1DE5FBC76B38F265776EC64D"
"03_往届冠军仓库快照\R071_github_2044145178_AscendC_S4\ScatterReduce\op_kernel\.ipynb_checkpoints\scatter_reduce-checkpoint.cpp","37518","844170A27B03E51C04F32A9CEF1B4759D0B519B43DF5753ACB0A3ABEA5977202"
"03_往届冠军仓库快照\R071_github_2044145178_AscendC_S4\ScatterReduce\op_kernel\CMakeLists.txt","2838","2A1CE1288AB9383C8F897A89E8ED8C9BA35F508F1DE5FBC76B38F265776EC64D"
"03_往届冠军仓库快照\R071_github_2044145178_AscendC_S4\ScatterReduce\op_kernel\scatter_reduce.cpp","37518","844170A27B03E51C04F32A9CEF1B4759D0B519B43DF5753ACB0A3ABEA5977202"
"03_往届冠军仓库快照\R071_github_2044145178_AscendC_S4\ScatterReduce\scripts\help.info","81","27067F1EC0A23A694AE80EC4A05BC68415A284FBAF509B1A9CC0234035C61E5B"
"03_往届冠军仓库快照\R071_github_2044145178_AscendC_S4\ScatterReduce\scripts\install.sh","9881","02862BAF881E9EBFA0EB5F43BE11932391E2B1EDC1D6C1C508812B5410C04181"
"03_往届冠军仓库快照\R071_github_2044145178_AscendC_S4\ScatterReduce\scripts\upgrade.sh","4151","DDF117CFD96BF93194F66A8C4C7A298A263254107D1EFAE8F2081F0626E4C1F7"
"03_往届冠军仓库快照\R072_github_2044145178_AscendC_S5\.git\config","307","B5173876A2C835050708CF02D4F1D8FEFF9B68FE2D0A6B617D0EB31DCC78850A"
"03_往届冠军仓库快照\R072_github_2044145178_AscendC_S5\.git\description","73","85AB6C163D43A17EA9CF7788308BCA1466F1B0A8D1CC92E26E9BF63DA4062AEE"
"03_往届冠军仓库快照\R072_github_2044145178_AscendC_S5\.git\HEAD","23","F6F2B945F6C411B02BA3DA9C7ACE88DCF71B6AF65BA2E0D89AA82900042B5A10"
"03_往届冠军仓库快照\R072_github_2044145178_AscendC_S5\.git\hooks\applypatch-msg.sample","478","0223497A0B8B033AA58A3A521B8629869386CF7AB0E2F101963D328AA62193F7"
"03_往届冠军仓库快照\R072_github_2044145178_AscendC_S5\.git\hooks\commit-msg.sample","896","1F74D5E9292979B573EBD59741D46CB93FF391ACDD083D340B94370753D92437"
"03_往届冠军仓库快照\R072_github_2044145178_AscendC_S5\.git\hooks\fsmonitor-watchman.sample","4726","E0549964E93897B519BD8E333C037E51FFF0F88BA13E086A331592BF801FA1D0"
"03_往届冠军仓库快照\R072_github_2044145178_AscendC_S5\.git\hooks\post-update.sample","189","81765AF2DAEF323061DCBC5E61FC16481CB74B3BAC9AD8A174B186523586F6C5"
"03_往届冠军仓库快照\R072_github_2044145178_AscendC_S5\.git\hooks\pre-applypatch.sample","424","E15C5B469EA3E0A695BEA6F2C82BCF8E62821074939DDD85B77E0007FF165475"
"03_往届冠军仓库快照\R072_github_2044145178_AscendC_S5\.git\hooks\pre-commit.sample","1649","57185B7B9F05239D7AB52DB045F5B89EB31348D7B2177EAB214F5EB872E1971B"
"03_往届冠军仓库快照\R072_github_2044145178_AscendC_S5\.git\hooks\pre-merge-commit.sample","416","D3825A70337940EBBD0A5C072984E13245920CDF8898BD225C8D27A6DFC9CB53"
"03_往届冠军仓库快照\R072_github_2044145178_AscendC_S5\.git\hooks\pre-push.sample","1374","ECCE9C7E04D3F5DD9D8ADA81753DD1D549A9634B26770042B58DDA00217D086A"
"03_往届冠军仓库快照\R072_github_2044145178_AscendC_S5\.git\hooks\pre-rebase.sample","4898","4FEBCE867790052338076F4E66CC47EFB14879D18097D1D61C8261859EAAA7B3"
"03_往届冠军仓库快照\R072_github_2044145178_AscendC_S5\.git\hooks\pre-receive.sample","544","A4C3D2B9C7BB3FD8D1441C31BD4EE71A595D66B44FCF49DDB310252320169989"
"03_往届冠军仓库快照\R072_github_2044145178_AscendC_S5\.git\hooks\prepare-commit-msg.sample","1492","E9DDCAA4189FDDD25ED97FC8C789ECA7B6CA16390B2392AE3276F0C8E1AA4619"
"03_往届冠军仓库快照\R072_github_2044145178_AscendC_S5\.git\hooks\push-to-checkout.sample","2783","A53D0741798B287C6DD7AFA64AEE473F305E65D3F49463BB9D7408EC3B12BF5F"
"03_往届冠军仓库快照\R072_github_2044145178_AscendC_S5\.git\hooks\sendemail-validate.sample","2308","44EBFC923DC5466BC009602F0ECF067B9C65459ABFE8868DDC49B78E6CED7A92"
"03_往届冠军仓库快照\R072_github_2044145178_AscendC_S5\.git\hooks\update.sample","3650","8D5F2FA83E103CF08B57EAA67521DF9194F45CBDBCB37DA52AD586097A14D106"
"03_往届冠军仓库快照\R072_github_2044145178_AscendC_S5\.git\index","5309","696812FC5F56A9FD7510A3004628DE8A0B0E3C61B9E5826C90A2EDA9C9825980"
"03_往届冠军仓库快照\R072_github_2044145178_AscendC_S5\.git\info\exclude","240","6671FE83B7A07C8932EE89164D1F2793B2318058EB8B98DC5C06EE0A5A3B0EC1"
"03_往届冠军仓库快照\R072_github_2044145178_AscendC_S5\.git\logs\HEAD","188","235AEA30451ABFC73B06B4A472F753D93905BB20B5D5D46D68B7F707F86A86BE"
"03_往届冠军仓库快照\R072_github_2044145178_AscendC_S5\.git\logs\refs\heads\master","188","235AEA30451ABFC73B06B4A472F753D93905BB20B5D5D46D68B7F707F86A86BE"
"03_往届冠军仓库快照\R072_github_2044145178_AscendC_S5\.git\logs\refs\remotes\origin\HEAD","188","235AEA30451ABFC73B06B4A472F753D93905BB20B5D5D46D68B7F707F86A86BE"
"03_往届冠军仓库快照\R072_github_2044145178_AscendC_S5\.git\objects\pack\pack-614c7da2aed499b49613fef57c6cfdc20dc8e34d.idx","2724","52C4E8DD2368A1E4034607742F9646A38EE3E4392BA0821EF331A9F685E3EFBD"
"03_往届冠军仓库快照\R072_github_2044145178_AscendC_S5\.git\objects\pack\pack-614c7da2aed499b49613fef57c6cfdc20dc8e34d.pack","46128","DC7D2632523454FE232FCC217833B5FA1A1928CFC5933971230E3DC242533466"
"03_往届冠军仓库快照\R072_github_2044145178_AscendC_S5\.git\objects\pack\pack-614c7da2aed499b49613fef57c6cfdc20dc8e34d.rev","288","24451007C143229AB5DDB53083FD6EEEAA7D274B6278EC3B0C13AAFF49BB5648"
"03_往届冠军仓库快照\R072_github_2044145178_AscendC_S5\.git\packed-refs","114","15318FC147566F49F267BC6CD28AF7161F756EA2FD508B38E33E3274DA031B62"
"03_往届冠军仓库快照\R072_github_2044145178_AscendC_S5\.git\refs\heads\master","41","DCD7369A3C6F4B1A21B12AB366CD5E41BEF586E935F8098860BB4B4656FBA9A1"
"03_往届冠军仓库快照\R072_github_2044145178_AscendC_S5\.git\refs\remotes\origin\HEAD","32","CDC65E67690C4C6475174E5EC662B70655246A2F3924354778835AB3BE70AA76"
"03_往届冠军仓库快照\R072_github_2044145178_AscendC_S5\BitwiseLeftShift\op_host\bitwise_left_shift_tiling.h","628","18EE3455B14EB34E4BC5EC4F9C3F2810FE13A421C169BF855387551EDAF4A187"
"03_往届冠军仓库快照\R072_github_2044145178_AscendC_S5\BitwiseLeftShift\op_host\bitwise_left_shift.cpp","5318","69E9151FA5044C3EB616B0B3DFDF3C7764DC3E1C920C0E79E0271C83840C740E"
"03_往届冠军仓库快照\R072_github_2044145178_AscendC_S5\BitwiseLeftShift\op_host\CMakeLists.txt","6641","3F99E9B8934BF9C16722CC36EB95402AE05D12AE473A7F97F77F1ACA75121402"
"03_往届冠军仓库快照\R072_github_2044145178_AscendC_S5\BitwiseLeftShift\op_kernel\bitwise_left_shift_16.h","4939","8339C5240DC78BE87F66F432D66C6C719484261071C4BEBAD05E32232E80696B"
"03_往届冠军仓库快照\R072_github_2044145178_AscendC_S5\BitwiseLeftShift\op_kernel\bitwise_left_shift_32_big.h","4180","EF48AC00F16806B2E10DC5EA71552732D64E135645A8A978160BAD495CE7F9CE"
"03_往届冠军仓库快照\R072_github_2044145178_AscendC_S5\BitwiseLeftShift\op_kernel\bitwise_left_shift_64_spec.h","15041","504FA5FCF506F534E06BB5FCDA64C6001702D013224581BB95FD1CB0D218B56B"
"03_往届冠军仓库快照\R072_github_2044145178_AscendC_S5\BitwiseLeftShift\op_kernel\bitwise_left_shift_64.h","6295","FE22EB5EBD6CDC57D43B0460302662C9C65652CE30D8487D1F5B6124F2EDDB5D"
"03_往届冠军仓库快照\R072_github_2044145178_AscendC_S5\BitwiseLeftShift\op_kernel\bitwise_left_shift_8.h","5873","AF7856D44048862E0D1AEB550B4AF4ACC39BEEE7A1800C075FE3A293831C5748"
"03_往届冠军仓库快照\R072_github_2044145178_AscendC_S5\BitwiseLeftShift\op_kernel\bitwise_left_shift_sca.h","6345","0E49361CB45BD86DBCFF70101419AF58B600A7B797FA3CB8E118D85F48C88242"
"03_往届冠军仓库快照\R072_github_2044145178_AscendC_S5\BitwiseLeftShift\op_kernel\bitwise_left_shift-Copy1.cpp","6308","F30550AC507E69C4931127888C6FCB4F358726DF49CF77FCE4A64BDC0FFC8278"
"03_往届冠军仓库快照\R072_github_2044145178_AscendC_S5\BitwiseLeftShift\op_kernel\bitwise_left_shift.cpp","6770","DD39BD65B6EA137BE80B68F56788DE29C406D11681545E6F70523AE8B2CB01E9"
"03_往届冠军仓库快照\R072_github_2044145178_AscendC_S5\BitwiseLeftShift\op_kernel\CMakeLists.txt","160","28DB4CC809D625D8A352D6078635873484A8D90CF5645711D0FD4FDC6AA6DA81"
"03_往届冠军仓库快照\R072_github_2044145178_AscendC_S5\Copysign\op_host\CMakeLists.txt","6641","3F99E9B8934BF9C16722CC36EB95402AE05D12AE473A7F97F77F1ACA75121402"
"03_往届冠军仓库快照\R072_github_2044145178_AscendC_S5\Copysign\op_host\copysign_tiling.h","606","9F4286DDAAB31FC4B088F5D7CB54EC1F33F4363123AEC79227ED29DAEC965E52"
"03_往届冠军仓库快照\R072_github_2044145178_AscendC_S5\Copysign\op_host\copysign.cpp","4788","1FA71159227CE375AF02AA7A60702250C2DCB9E6C6A7632CC6EB3013DD79E1DE"
"03_往届冠军仓库快照\R072_github_2044145178_AscendC_S5\Copysign\op_kernel\CMakeLists.txt","160","28DB4CC809D625D8A352D6078635873484A8D90CF5645711D0FD4FDC6AA6DA81"
"03_往届冠军仓库快照\R072_github_2044145178_AscendC_S5\Copysign\op_kernel\copysign_broadcast_aligned.h","14576","6BBD7541BB838E0E4D3ECCCC94A660A3D612728566E674A2A43B61CF8798C2AA"
"03_往届冠军仓库快照\R072_github_2044145178_AscendC_S5\Copysign\op_kernel\copysign_broadcast_sca.h","7414","2405DEA191E70376B7EDF7751DA8AC71EC3DF8382061610DC0E270926C360D49"
"03_往届冠军仓库快照\R072_github_2044145178_AscendC_S5\Copysign\op_kernel\copysign_broadcast_spec.h","10348","A352B58C0F47B3BCB82F2091ACE8FD2700815719F98F27F2B283E450F0E55C8B"
"03_往届冠军仓库快照\R072_github_2044145178_AscendC_S5\Copysign\op_kernel\copysign_broadcast.h","14343","A046A4788E2296947F7A95769A00554010254351E712ED78C7F97D3A7A1AA912"
"03_往届冠军仓库快照\R072_github_2044145178_AscendC_S5\Copysign\op_kernel\copysign.cpp","6500","31268721182F45847C2C3359E10AD7B758D6FEE0F19B794C27BE599415107FAC"
"03_往届冠军仓库快照\R072_github_2044145178_AscendC_S5\GluGradJvp\op_host\CMakeLists.txt","6641","3F99E9B8934BF9C16722CC36EB95402AE05D12AE473A7F97F77F1ACA75121402"
"03_往届冠军仓库快照\R072_github_2044145178_AscendC_S5\GluGradJvp\op_host\glu_grad_jvp_tiling.h","452","2C68718E33F9AF428250C939837B64FF5F3C1506D8026B855816444D4C56B0BD"
"03_往届冠军仓库快照\R072_github_2044145178_AscendC_S5\GluGradJvp\op_host\glu_grad_jvp.cpp","5379","D5E0D59B67E1D29C32508621DB37C0F732C2BDD307E8E556D62902BF0A18FB1F"
"03_往届冠军仓库快照\R072_github_2044145178_AscendC_S5\GluGradJvp\op_kernel\CMakeLists.txt","160","28DB4CC809D625D8A352D6078635873484A8D90CF5645711D0FD4FDC6AA6DA81"
"03_往届冠军仓库快照\R072_github_2044145178_AscendC_S5\GluGradJvp\op_kernel\glu_grad_jvp_16.h","10016","1C03AF56C78003BA11C01B065D0C269D26BCFA0419D4DD0B1E579F28776B7885"
"03_往届冠军仓库快照\R072_github_2044145178_AscendC_S5\GluGradJvp\op_kernel\glu_grad_jvp_fp32_small.h","8445","BD28378FA4BB11496C44A7EC0F4F0CA5F6785BDCDD51F78B23A6B7F0775308DA"
"03_往届冠军仓库快照\R072_github_2044145178_AscendC_S5\GluGradJvp\op_kernel\glu_grad_jvp_fp32.h","9017","1997179F21CEA364D9A04F6A2D8D7C53968DBB341783E21D71D2714FC616300A"
"03_往届冠军仓库快照\R072_github_2044145178_AscendC_S5\GluGradJvp\op_kernel\glu_grad_jvp_sca.h","4880","D8925B76C671EC90121B84220AE2FC422D1C19D536BDD1F4B7178329A931B229"
"03_往届冠军仓库快照\R072_github_2044145178_AscendC_S5\GluGradJvp\op_kernel\glu_grad_jvp.cpp","1254","02DF1935FFE367ED728727177C3F4C71627A1D9DE2BBB90BE83BCD8E7E94273C"
"03_往届冠军仓库快照\R072_github_2044145178_AscendC_S5\GluJvp\op_host\glu_jvp_tiling.h","1172","332FC6172CAD5D1F6513EDDBA7B353EE28E091647CD4B91FD80B09A3030CDB35"
"03_往届冠军仓库快照\R072_github_2044145178_AscendC_S5\GluJvp\op_host\glu_jvp.cpp","6656","D4F3E2B6EAA469F5753718D12C21206DFDBAECC9E9BE820EB11EFFD91C0340F2"
"03_往届冠军仓库快照\R072_github_2044145178_AscendC_S5\GluJvp\op_kernel\glu_jvp_bf16.h","7819","21AE949740850CD2AAAA6481E575B5873A47952050CFB763A19B1E910AE273AD"
"03_往届冠军仓库快照\R072_github_2044145178_AscendC_S5\GluJvp\op_kernel\glu_jvp_fp32_spec.h","6062","7E177732DF3341F16A02562D7D51F36764027DE00E82E0AFC1BA7E952D7F86DB"
"03_往届冠军仓库快照\R072_github_2044145178_AscendC_S5\GluJvp\op_kernel\glu_jvp_fp32.h","6097","0A20B5050962766C62C2049986CB3E33C9D6281F0D7419F0AA1C110ED712C387"
"03_往届冠军仓库快照\R072_github_2044145178_AscendC_S5\GluJvp\op_kernel\glu_jvp_sca.h","4218","2333520C4E8D0AD7373687DF3C2B54D8ED16C2414C36CC047BD2819CFE489B6E"
"03_往届冠军仓库快照\R072_github_2044145178_AscendC_S5\GluJvp\op_kernel\glu_jvp.cpp","2081","5764A9C8D50481055B5F7E083D4F4B2268B81EA58B13AB674A84903037EE259E"
"03_往届冠军仓库快照\R072_github_2044145178_AscendC_S5\Lcm\op_host\CMakeLists.txt","6641","3F99E9B8934BF9C16722CC36EB95402AE05D12AE473A7F97F77F1ACA75121402"
"03_往届冠军仓库快照\R072_github_2044145178_AscendC_S5\Lcm\op_host\lcm_tiling.h","589","F55B7C605D73526033922E3809977B75E407E9A08D6F0A66E0B37C6E700F55A7"
"03_往届冠军仓库快照\R072_github_2044145178_AscendC_S5\Lcm\op_host\lcm.cpp","5112","DDE4A3DEF43D2B53780BE3A3F31E9837F4400F348A2E5092BC08DEB1AB33D352"
"03_往届冠军仓库快照\R072_github_2044145178_AscendC_S5\Lcm\op_kernel\CMakeLists.txt","160","28DB4CC809D625D8A352D6078635873484A8D90CF5645711D0FD4FDC6AA6DA81"
"03_往届冠军仓库快照\R072_github_2044145178_AscendC_S5\Lcm\op_kernel\lcm_broadcast_sca.h","8577","9EE7E08714456CDB2D392F69D63787AEEE2C17168C291ACD9559591EE76F5D9E"
"03_往届冠军仓库快照\R072_github_2044145178_AscendC_S5\Lcm\op_kernel\lcm_broadcast_spec.h","25148","D7B0200E764FF6F444F760A708CD9299B2658068CF243821E9B3C6F5FD68D0D6"
"03_往届冠军仓库快照\R072_github_2044145178_AscendC_S5\Lcm\op_kernel\lcm_int32.h","10022","58ADBBD61579FF4D6FDF2EDEC5ADD97A98DE8B53142C4015B878B3CC8BDDE511"
"03_往届冠军仓库快照\R072_github_2044145178_AscendC_S5\Lcm\op_kernel\lcm.cpp","7955","B7BC131D4290B7069B2F49E1318BB693864C45BE29FA5BEB21E27CFDF2387B6E"
"03_往届冠军仓库快照\R072_github_2044145178_AscendC_S5\README.md","14","703C56041F7A392A14E4AED332E016312EA601E60B94AEEB0F8643FF0C3858C4"
"03_往届冠军仓库快照\R073_github_ascend-124_s4\.git\config","295","4D5B6E6E0578C1DFA272626E82AF8C0C905A2578C07C0334E6E8CFCCA5AE704A"
"03_往届冠军仓库快照\R073_github_ascend-124_s4\.git\description","73","85AB6C163D43A17EA9CF7788308BCA1466F1B0A8D1CC92E26E9BF63DA4062AEE"
"03_往届冠军仓库快照\R073_github_ascend-124_s4\.git\HEAD","21","28D25BF82AF4C0E2B72F50959B2BEB859E3E60B9630A5E8C603DAD4DDB2B6E80"
"03_往届冠军仓库快照\R073_github_ascend-124_s4\.git\hooks\applypatch-msg.sample","478","0223497A0B8B033AA58A3A521B8629869386CF7AB0E2F101963D328AA62193F7"
"03_往届冠军仓库快照\R073_github_ascend-124_s4\.git\hooks\commit-msg.sample","896","1F74D5E9292979B573EBD59741D46CB93FF391ACDD083D340B94370753D92437"
"03_往届冠军仓库快照\R073_github_ascend-124_s4\.git\hooks\fsmonitor-watchman.sample","4726","E0549964E93897B519BD8E333C037E51FFF0F88BA13E086A331592BF801FA1D0"
"03_往届冠军仓库快照\R073_github_ascend-124_s4\.git\hooks\post-update.sample","189","81765AF2DAEF323061DCBC5E61FC16481CB74B3BAC9AD8A174B186523586F6C5"
"03_往届冠军仓库快照\R073_github_ascend-124_s4\.git\hooks\pre-applypatch.sample","424","E15C5B469EA3E0A695BEA6F2C82BCF8E62821074939DDD85B77E0007FF165475"
"03_往届冠军仓库快照\R073_github_ascend-124_s4\.git\hooks\pre-commit.sample","1649","57185B7B9F05239D7AB52DB045F5B89EB31348D7B2177EAB214F5EB872E1971B"
"03_往届冠军仓库快照\R073_github_ascend-124_s4\.git\hooks\pre-merge-commit.sample","416","D3825A70337940EBBD0A5C072984E13245920CDF8898BD225C8D27A6DFC9CB53"
"03_往届冠军仓库快照\R073_github_ascend-124_s4\.git\hooks\pre-push.sample","1374","ECCE9C7E04D3F5DD9D8ADA81753DD1D549A9634B26770042B58DDA00217D086A"
"03_往届冠军仓库快照\R073_github_ascend-124_s4\.git\hooks\pre-rebase.sample","4898","4FEBCE867790052338076F4E66CC47EFB14879D18097D1D61C8261859EAAA7B3"
"03_往届冠军仓库快照\R073_github_ascend-124_s4\.git\hooks\pre-receive.sample","544","A4C3D2B9C7BB3FD8D1441C31BD4EE71A595D66B44FCF49DDB310252320169989"
"03_往届冠军仓库快照\R073_github_ascend-124_s4\.git\hooks\prepare-commit-msg.sample","1492","E9DDCAA4189FDDD25ED97FC8C789ECA7B6CA16390B2392AE3276F0C8E1AA4619"
"03_往届冠军仓库快照\R073_github_ascend-124_s4\.git\hooks\push-to-checkout.sample","2783","A53D0741798B287C6DD7AFA64AEE473F305E65D3F49463BB9D7408EC3B12BF5F"
"03_往届冠军仓库快照\R073_github_ascend-124_s4\.git\hooks\sendemail-validate.sample","2308","44EBFC923DC5466BC009602F0ECF067B9C65459ABFE8868DDC49B78E6CED7A92"
"03_往届冠军仓库快照\R073_github_ascend-124_s4\.git\hooks\update.sample","3650","8D5F2FA83E103CF08B57EAA67521DF9194F45CBDBCB37DA52AD586097A14D106"
"03_往届冠军仓库快照\R073_github_ascend-124_s4\.git\index","4977","2A25CF57FA5BFB266518FB2767917370772AE3915EF41B255AB2AF93075345FF"
"03_往届冠军仓库快照\R073_github_ascend-124_s4\.git\info\exclude","240","6671FE83B7A07C8932EE89164D1F2793B2318058EB8B98DC5C06EE0A5A3B0EC1"
"03_往届冠军仓库快照\R073_github_ascend-124_s4\.git\logs\HEAD","180","50F075F72D4F99A715D4057696AEAC3A88F84DB26D8C01C455BFE4A3ED49605D"
"03_往届冠军仓库快照\R073_github_ascend-124_s4\.git\logs\refs\heads\main","180","50F075F72D4F99A715D4057696AEAC3A88F84DB26D8C01C455BFE4A3ED49605D"
"03_往届冠军仓库快照\R073_github_ascend-124_s4\.git\logs\refs\remotes\origin\HEAD","180","50F075F72D4F99A715D4057696AEAC3A88F84DB26D8C01C455BFE4A3ED49605D"
"03_往届冠军仓库快照\R073_github_ascend-124_s4\.git\objects\pack\pack-511207b9cc986650cdbb7c84767e776210aa6205.idx","2696","883F254080705540CABD8BE518CDDEB63D6EB8AC8060DEC64A53F5D2E261B684"
"03_往届冠军仓库快照\R073_github_ascend-124_s4\.git\objects\pack\pack-511207b9cc986650cdbb7c84767e776210aa6205.pack","77458","3A2BB84B76BD3642CA98827474BE24703ECE81FA1B5BC68E24B0F91EA7D15AFD"
"03_往届冠军仓库快照\R073_github_ascend-124_s4\.git\objects\pack\pack-511207b9cc986650cdbb7c84767e776210aa6205.rev","284","4476A7D0B51B054E52113446A108C042691F7DBB6D611AB120565F24D5CA6E63"
"03_往届冠军仓库快照\R073_github_ascend-124_s4\.git\packed-refs","112","57F5C272CC559DAE8CF2CB553687D7AC9EDCD865E674CF40A450B50BF333E83F"
"03_往届冠军仓库快照\R073_github_ascend-124_s4\.git\refs\heads\main","41","542B884FDA690BD36A0E0739602D17EC89FDCF4FE9B5CFC008EB46102C800D20"
"03_往届冠军仓库快照\R073_github_ascend-124_s4\.git\refs\remotes\origin\HEAD","30","2BB6A24AA0FC6C484100F5D51A29BBAD841CD2C755F5D93FAA204E5DBB4EB2B4"
"03_往届冠军仓库快照\R073_github_ascend-124_s4\Eye\build.sh","2027","FDBB5EB0CB0B16E316BC8986E306E1011C824F31DD25265FE6E9ED05E0C26774"
"03_往届冠军仓库快照\R073_github_ascend-124_s4\Eye\cmake\config.cmake","1248","15BB975EC53389AF41AE32D73982C767AE1DF26D7E917F2456EBEF0B51BB3BC5"
"03_往届冠军仓库快照\R073_github_ascend-124_s4\Eye\cmake\func.cmake","9313","F3CBA5BC9C108A3E5C01ED6FCC1DBFCF5AC5B51015E28012984D8B66676C93BB"
"03_往届冠军仓库快照\R073_github_ascend-124_s4\Eye\cmake\intf.cmake","1016","B79CCEE2CE03DC821022CB768A963E0667247C85B9CDF011DF913CD100B75834"
"03_往届冠军仓库快照\R073_github_ascend-124_s4\Eye\cmake\makeself.cmake","1411","E417E77228AE18A82CF2D551D63CBA5B8E001069DE18ECE287597D6E043B9573"
"03_往届冠军仓库快照\R073_github_ascend-124_s4\Eye\cmake\util\__init__.py","158","3F8B7683A736D7274A9A5B95FA7AF6DBDE368599C327336EAADE4059BE3C850F"
"03_往届冠军仓库快照\R073_github_ascend-124_s4\Eye\cmake\util\ascendc_bin_param_build.py","12229","B4AAB83F6DC38D516B98349A1C65D4F265473F744FDDB68C553729AC35A31789"
"03_往届冠军仓库快照\R073_github_ascend-124_s4\Eye\cmake\util\ascendc_gen_options.py","3350","FBD8BC4332B2340FDB71F4BBAE452E93C3A54B43CEA86818643D9D9D61794D35"
"03_往届冠军仓库快照\R073_github_ascend-124_s4\Eye\cmake\util\ascendc_impl_build.py","24215","9E93E284E6ECEF6210A8EC4B67BD84A4E70735CB4AC4E0B9701B522DDD912EF7"
"03_往届冠军仓库快照\R073_github_ascend-124_s4\Eye\cmake\util\ascendc_ops_config.py","9751","EF2EC2F8D2779D9179A7A460D45DE0769DB7C9E52CE5D4B53092860B9368AA19"
"03_往届冠军仓库快照\R073_github_ascend-124_s4\Eye\cmake\util\ascendc_replay_build.py","2712","165C9FE01344DC57176004A21AB38A23DB4B1186FE60B1A5AF63E9D4EE0BE263"
"03_往届冠军仓库快照\R073_github_ascend-124_s4\Eye\cmake\util\batch_replay_impl.temp","3889","C1B37BD05B2BD1CBF093AF635F4B2F18540BF98ED7FF4B04C3287B1F1A0FCCE0"
"03_往届冠军仓库快照\R073_github_ascend-124_s4\Eye\cmake\util\code_channel_infer.py","1636","42CD201DE4873771C8D44FDB4C7D89625001BE616436B6053665CB107AAB091D"
"03_往届冠军仓库快照\R073_github_ascend-124_s4\Eye\cmake\util\const_var.py","1590","BB06279278AC849ED2A68F22883FCD4046771EB4AABC0B6AEF286CC73317B113"
"03_往届冠军仓库快照\R073_github_ascend-124_s4\Eye\cmake\util\gen_impl_and_mrege_json.sh","646","8E62E9A6C1F4D5691417B9B25A4B77BCA4E8ADF26B1D677E1EEE7B013121DE8D"
"03_往届冠军仓库快照\R073_github_ascend-124_s4\Eye\cmake\util\gen_ops_filter.sh","1506","CE87DD1E7FB96BD999C3DDC93CD36F29FBD6A3F3AB75E088C5FDDA1AFC3D3A28"
"03_往届冠军仓库快照\R073_github_ascend-124_s4\Eye\cmake\util\gen_version_info.sh","353","1871CFEF3DD083C81966A95F98C812A19DF8FE0A4C83DFC3CA5BA03DB6E65A9A"
"03_往届冠军仓库快照\R073_github_ascend-124_s4\Eye\cmake\util\insert_op_info.py","1098","A15BAB921F83F74CE42E828EC1D1DD3F4057823F48B44CB138F85ACD906472CB"
"03_往届冠军仓库快照\R073_github_ascend-124_s4\Eye\cmake\util\insert_simplified_keys.py","6668","A1A460FE71424FBD78EF188ECC09C3B76BC9DAA99AE2D48D342DC0128FFA134F"
"03_往届冠军仓库快照\R073_github_ascend-124_s4\Eye\cmake\util\kernel_entry.py","3947","9DF250FFEBB39AC528DB19D76CD1AFD852942AC81C41E48C02A6E3368B3DC7E5"
"03_往届冠军仓库快照\R073_github_ascend-124_s4\Eye\cmake\util\kernel_impl.temp","240","660B98F6111CDD71260984CA38CC289710012291A414E21C4CF1BABB2F1A4AD1"
"03_往届冠军仓库快照\R073_github_ascend-124_s4\Eye\cmake\util\makeself\COPYING","18431","189B1AF95D661151E054CEA10C91B3D754E4DE4D3FECFB074C1FB29476F7167B"
"03_往届冠军仓库快照\R073_github_ascend-124_s4\Eye\cmake\util\makeself\make-release.sh","349","FBD10A2882B5BF82A407E855F0F088E469F4D142AFDD7B3DFDCC808798E374B9"
"03_往届冠军仓库快照\R073_github_ascend-124_s4\Eye\cmake\util\makeself\makeself-header.sh","18618","93AE39674EC8EA07C00245F38CA18365B78787E10DF443049360C051B49B0A97"
"03_往届冠军仓库快照\R073_github_ascend-124_s4\Eye\cmake\util\makeself\makeself.1","3189","1518183932195173D43E85ABC10CFB10366B0A1E3FC61A2D6136B68A78AB15FE"
"03_往届冠军仓库快照\R073_github_ascend-124_s4\Eye\cmake\util\makeself\makeself.lsm","836","270D45704E0F94F39B67369371A063C4E793F4AF5996B273D30ABC281994C1D9"
"03_往届冠军仓库快照\R073_github_ascend-124_s4\Eye\cmake\util\makeself\makeself.sh","25787","40482E4E390F2F3E1C1E06250C31C36814F054DF5254A5CBDD2FE89FD70D9C2B"
"03_往届冠军仓库快照\R073_github_ascend-124_s4\Eye\cmake\util\makeself\README.md","22146","C12F14B92112511DE28B943EDDB8765D3D75D1AEDB23AA49442559C1BE273E4A"
"03_往届冠军仓库快照\R073_github_ascend-124_s4\Eye\cmake\util\makeself\run-tests.sh","192","A9E7846C51870CA216D9620416C29F82466172876909E382CD7600215E766292"
"03_往届冠军仓库快照\R073_github_ascend-124_s4\Eye\cmake\util\makeself\VERSION","7","6117CCF1F1DE058A9243D93A2A0FB0C13BFD3CD3D4DA8E8AAF3C85EABDBEF5B5"
"03_往届冠军仓库快照\R073_github_ascend-124_s4\Eye\cmake\util\merge_aicpu_info_json.sh","1143","AEFF13DF06A408A231344AFDB046A914B0319D95C02547F93E5357B64CDA23EB"
"03_往届冠军仓库快照\R073_github_ascend-124_s4\Eye\cmake\util\opdesc_parser.py","13515","8713C57A3D3AB1D379CFC8B6A69BF294F8CB5603236E2B8CFF08F5CC188CCD0B"
"03_往届冠军仓库快照\R073_github_ascend-124_s4\Eye\cmake\util\parse_ini_to_json.py","13195","FA25B699BB3EB603849CCCAB152C791F72FF83D246F366DD8F064E9165EAA247"
"03_往届冠军仓库快照\R073_github_ascend-124_s4\Eye\cmake\util\preset_parse.py","861","23C46E652B4411E735E7A6C10EE262E0508C41799E60660E60B5028F317535CB"
"03_往届冠军仓库快照\R073_github_ascend-124_s4\Eye\cmake\util\replay_codegen.py","4527","56F4EEA8AA8CEB6E44795AB8DC5785D3D1D608697385D190564399AC6DC56A18"
"03_往届冠军仓库快照\R073_github_ascend-124_s4\Eye\cmake\util\replay_impl.temp","4207","E66480E82316EEC24DDA34890235F281D0631CF13FBEC631788E586CA7B7B458"
"03_往届冠军仓库快照\R073_github_ascend-124_s4\Eye\cmake\util\tiling_data_def_build.py","4172","93089EA6995DE374AEDBDED2781A75C8F0D2501E691890F269A0E0454F9F55C8"
"03_往届冠军仓库快照\R073_github_ascend-124_s4\Eye\CMakeLists.txt","3194","15A37B346CD1584B6DC8D139B436BE3D33BC3EF5D9FEBC8520F255DD0049FAF2"
"03_往届冠军仓库快照\R073_github_ascend-124_s4\Eye\CMakePresets.json","2091","A4568FB2347D39E71D1F7472C61DBA3042CFCB75139AF36FD0F4737C4D333EFD"
"03_往届冠军仓库快照\R073_github_ascend-124_s4\Eye\framework\CMakeLists.txt","396","2B9117B8865AB55A4C4018C86AD230F5C4AFDED78FBBEE939CB0385501C022B6"
"03_往届冠军仓库快照\R073_github_ascend-124_s4\Eye\op_host\CMakeLists.txt","3029","4929FC399116C903CEC5FF2C9ED73D8217F71A0FEE0FFDBB97FC026DCD311DF1"
"03_往届冠军仓库快照\R073_github_ascend-124_s4\Eye\op_host\eye_tiling.h","335","34F7F9FC5256778BDBF880D43E67B0ADD763AF91914431481BBF77115330EDF5"
"03_往届冠军仓库快照\R073_github_ascend-124_s4\Eye\op_host\eye.cpp","2807","2BC1F39D80ED1739D5114E804612DDA35725C49F0C62E6C7B5BA93ED58A3EA80"
"03_往届冠军仓库快照\R073_github_ascend-124_s4\Eye\op_kernel\CMakeLists.txt","2758","734B2C7EFA66073F407CDDBD9C06D9DA10A9B29126099D57F6D4BACEB9A27253"
"03_往届冠军仓库快照\R073_github_ascend-124_s4\Eye\op_kernel\eye.cpp","4303","016C53EB529CC8E331464B6FE3D797E704F8364577B3ADEC119C69F071EC49FB"
"03_往届冠军仓库快照\R073_github_ascend-124_s4\Eye\scripts\help.info","81","27067F1EC0A23A694AE80EC4A05BC68415A284FBAF509B1A9CC0234035C61E5B"
"03_往届冠军仓库快照\R073_github_ascend-124_s4\Eye\scripts\install.sh","9429","8F949706F677F855B9FAF279441572C4E82B304FBE0FDA9027264794A75C4664"
"03_往届冠军仓库快照\R073_github_ascend-124_s4\Eye\scripts\upgrade.sh","3990","28AAB6534B3D6D98C83A8947EE5E266CD94BD1C0A515ADC562D0911F1A774023"
"03_往届冠军仓库快照\R074_github_ascend-124_s5\.git\config","295","658154DB77F237C622EBAE8729B8CB897413A0F152D916AF40DEBF27BA8BA10C"
"03_往届冠军仓库快照\R074_github_ascend-124_s5\.git\description","73","85AB6C163D43A17EA9CF7788308BCA1466F1B0A8D1CC92E26E9BF63DA4062AEE"
"03_往届冠军仓库快照\R074_github_ascend-124_s5\.git\HEAD","21","28D25BF82AF4C0E2B72F50959B2BEB859E3E60B9630A5E8C603DAD4DDB2B6E80"
"03_往届冠军仓库快照\R074_github_ascend-124_s5\.git\hooks\applypatch-msg.sample","478","0223497A0B8B033AA58A3A521B8629869386CF7AB0E2F101963D328AA62193F7"
"03_往届冠军仓库快照\R074_github_ascend-124_s5\.git\hooks\commit-msg.sample","896","1F74D5E9292979B573EBD59741D46CB93FF391ACDD083D340B94370753D92437"
"03_往届冠军仓库快照\R074_github_ascend-124_s5\.git\hooks\fsmonitor-watchman.sample","4726","E0549964E93897B519BD8E333C037E51FFF0F88BA13E086A331592BF801FA1D0"
"03_往届冠军仓库快照\R074_github_ascend-124_s5\.git\hooks\post-update.sample","189","81765AF2DAEF323061DCBC5E61FC16481CB74B3BAC9AD8A174B186523586F6C5"
"03_往届冠军仓库快照\R074_github_ascend-124_s5\.git\hooks\pre-applypatch.sample","424","E15C5B469EA3E0A695BEA6F2C82BCF8E62821074939DDD85B77E0007FF165475"
"03_往届冠军仓库快照\R074_github_ascend-124_s5\.git\hooks\pre-commit.sample","1649","57185B7B9F05239D7AB52DB045F5B89EB31348D7B2177EAB214F5EB872E1971B"
"03_往届冠军仓库快照\R074_github_ascend-124_s5\.git\hooks\pre-merge-commit.sample","416","D3825A70337940EBBD0A5C072984E13245920CDF8898BD225C8D27A6DFC9CB53"
"03_往届冠军仓库快照\R074_github_ascend-124_s5\.git\hooks\pre-push.sample","1374","ECCE9C7E04D3F5DD9D8ADA81753DD1D549A9634B26770042B58DDA00217D086A"
"03_往届冠军仓库快照\R074_github_ascend-124_s5\.git\hooks\pre-rebase.sample","4898","4FEBCE867790052338076F4E66CC47EFB14879D18097D1D61C8261859EAAA7B3"
"03_往届冠军仓库快照\R074_github_ascend-124_s5\.git\hooks\pre-receive.sample","544","A4C3D2B9C7BB3FD8D1441C31BD4EE71A595D66B44FCF49DDB310252320169989"
"03_往届冠军仓库快照\R074_github_ascend-124_s5\.git\hooks\prepare-commit-msg.sample","1492","E9DDCAA4189FDDD25ED97FC8C789ECA7B6CA16390B2392AE3276F0C8E1AA4619"
"03_往届冠军仓库快照\R074_github_ascend-124_s5\.git\hooks\push-to-checkout.sample","2783","A53D0741798B287C6DD7AFA64AEE473F305E65D3F49463BB9D7408EC3B12BF5F"
"03_往届冠军仓库快照\R074_github_ascend-124_s5\.git\hooks\sendemail-validate.sample","2308","44EBFC923DC5466BC009602F0ECF067B9C65459ABFE8868DDC49B78E6CED7A92"
"03_往届冠军仓库快照\R074_github_ascend-124_s5\.git\hooks\update.sample","3650","8D5F2FA83E103CF08B57EAA67521DF9194F45CBDBCB37DA52AD586097A14D106"
"03_往届冠军仓库快照\R074_github_ascend-124_s5\.git\index","6334","FB8E63877500377D2296AAC561E04EA57E66D7A640B2EF418E14DA51FCBED4D3"
"03_往届冠军仓库快照\R074_github_ascend-124_s5\.git\info\exclude","240","6671FE83B7A07C8932EE89164D1F2793B2318058EB8B98DC5C06EE0A5A3B0EC1"
"03_往届冠军仓库快照\R074_github_ascend-124_s5\.git\logs\HEAD","180","5CA4A3816C9C4A167A64F070AE2978986B4B14D35BA7BFC0E0A468975D938E50"
"03_往届冠军仓库快照\R074_github_ascend-124_s5\.git\logs\refs\heads\main","180","5CA4A3816C9C4A167A64F070AE2978986B4B14D35BA7BFC0E0A468975D938E50"
"03_往届冠军仓库快照\R074_github_ascend-124_s5\.git\logs\refs\remotes\origin\HEAD","180","5CA4A3816C9C4A167A64F070AE2978986B4B14D35BA7BFC0E0A468975D938E50"
"03_往届冠军仓库快照\R074_github_ascend-124_s5\.git\objects\pack\pack-c56648d5360b66be264ac2b006e0feac09fe9c10.idx","2864","21796A33952BF4ED6DA5EC78738D3327B873CDAEB044C181020F32687E16772C"
"03_往届冠军仓库快照\R074_github_ascend-124_s5\.git\objects\pack\pack-c56648d5360b66be264ac2b006e0feac09fe9c10.pack","92862","D16070F0C50EC5ABD3195429D5FA7BFA38FC223B435BF8A2390008DE311F9626"
"03_往届冠军仓库快照\R074_github_ascend-124_s5\.git\objects\pack\pack-c56648d5360b66be264ac2b006e0feac09fe9c10.rev","308","B58F858C5BDD42F8EACB7DE4A622C84192716D5CA1ABF3FC50C45B4381B2A141"
"03_往届冠军仓库快照\R074_github_ascend-124_s5\.git\packed-refs","112","1DD26DD3150852C1EAFA1D35EE4338E4327B0DD48A07212A06952846673B9451"
"03_往届冠军仓库快照\R074_github_ascend-124_s5\.git\refs\heads\main","41","FDC967998CDAD10D22F84FD58592530564A78BDD696E218D08488F3488A1375A"
"03_往届冠军仓库快照\R074_github_ascend-124_s5\.git\refs\remotes\origin\HEAD","30","2BB6A24AA0FC6C484100F5D51A29BBAD841CD2C755F5D93FAA204E5DBB4EB2B4"
"03_往届冠军仓库快照\R074_github_ascend-124_s5\BitwiseLeftShift\build.sh","2326","0A0B0DFA0813B4960898E272DFBC8FBA05E9D7A7502BA0EDDBDD7888E8CDD9C6"
"03_往届冠军仓库快照\R074_github_ascend-124_s5\BitwiseLeftShift\cmake\config.cmake","2107","222F7C0F33244BB696CBB64E8269709CEB007E185920DE4BDD1FDB10F99E59FB"
"03_往届冠军仓库快照\R074_github_ascend-124_s5\BitwiseLeftShift\cmake\device_task.cmake","1364","3452CC47D661D636E23C84E26A3E2D07FD29F64C9D7729CEBE1221A5F5C247EC"
"03_往届冠军仓库快照\R074_github_ascend-124_s5\BitwiseLeftShift\cmake\func.cmake","17515","FAF9CA84C4AA2B1FC5123B1E4878C62F210F2B8900DCEF4D6A931D7DA2CF488A"
"03_往届冠军仓库快照\R074_github_ascend-124_s5\BitwiseLeftShift\cmake\intf.cmake","1061","0C2533D6A98259B396930252585C65F1CD582D667171F20AFA4759FCDEB2C5A5"
"03_往届冠军仓库快照\R074_github_ascend-124_s5\BitwiseLeftShift\cmake\makeself.cmake","1411","E417E77228AE18A82CF2D551D63CBA5B8E001069DE18ECE287597D6E043B9573"
"03_往届冠军仓库快照\R074_github_ascend-124_s5\BitwiseLeftShift\cmake\util\__init__.py","158","3F8B7683A736D7274A9A5B95FA7AF6DBDE368599C327336EAADE4059BE3C850F"
"03_往届冠军仓库快照\R074_github_ascend-124_s5\BitwiseLeftShift\cmake\util\ascendc_bin_param_build.py","21488","5414E49F5154E7397C07D94EDFF6C0ECA72EB075AC157D0B4DDBCD1425751511"
"03_往届冠军仓库快照\R074_github_ascend-124_s5\BitwiseLeftShift\cmake\util\ascendc_compile_kernel.py","9322","ED84D36CB4A1BF791113E4AA05CC6F1F6439AAFE08A390622089A7D52C482403"
"03_往届冠军仓库快照\R074_github_ascend-124_s5\BitwiseLeftShift\cmake\util\ascendc_gen_options.py","3350","FBD8BC4332B2340FDB71F4BBAE452E93C3A54B43CEA86818643D9D9D61794D35"
"03_往届冠军仓库快照\R074_github_ascend-124_s5\BitwiseLeftShift\cmake\util\ascendc_get_op_name.py","620","FCA6F6025A4ACBF41CA583D29D86B2E8BCAEAE7BA1930C94B9291BFA55800F53"
"03_往届冠军仓库快照\R074_github_ascend-124_s5\BitwiseLeftShift\cmake\util\ascendc_impl_build.py","28353","4F3086C115B60D627C0081894A10E38D96EBD0149154A08BCBE064CDDBC162B3"
"03_往届冠军仓库快照\R074_github_ascend-124_s5\BitwiseLeftShift\cmake\util\ascendc_op_info.py","1224","F2622F78079FAFC0B268FAE4227697143C042ACA009C3E8D0BBA6C38CD25368C"
"03_往届冠军仓库快照\R074_github_ascend-124_s5\BitwiseLeftShift\cmake\util\ascendc_ops_config.py","10286","D5115115B7432FB649DF4087095325B043F42C46A035BDCAB0258D44F8835025"
"03_往届冠军仓库快照\R074_github_ascend-124_s5\BitwiseLeftShift\cmake\util\ascendc_pack_kernel.py","9706","3CABC5970DF1BD7E3AC67D9199D27178AA3F9554CDD8C4269369DE900ACC77A7"
"03_往届冠军仓库快照\R074_github_ascend-124_s5\BitwiseLeftShift\cmake\util\ascendc_pack_opregistry.py","12928","25E69163383C4F721A51CFD5509F7765F3AE5FA4FCF8BA6AF1B6203FD4D7AF2F"
"03_往届冠军仓库快照\R074_github_ascend-124_s5\BitwiseLeftShift\cmake\util\ascendc_replay_build.py","2712","165C9FE01344DC57176004A21AB38A23DB4B1186FE60B1A5AF63E9D4EE0BE263"
"03_往届冠军仓库快照\R074_github_ascend-124_s5\BitwiseLeftShift\cmake\util\batch_replay_impl.temp","3889","C1B37BD05B2BD1CBF093AF635F4B2F18540BF98ED7FF4B04C3287B1F1A0FCCE0"
"03_往届冠军仓库快照\R074_github_ascend-124_s5\BitwiseLeftShift\cmake\util\code_channel_infer.py","1597","EA76DA48CC19A3CFB3E06EA25FF1DBD03039E4FBE7C2D3690F6FEBC6F0C90E1B"
"03_往届冠军仓库快照\R074_github_ascend-124_s5\BitwiseLeftShift\cmake\util\const_var.py","1505","5769FF6128070F83BE6246019212F5930ABEDEA17A2A0D7AEC63C5B6659760B9"
"03_往届冠军仓库快照\R074_github_ascend-124_s5\BitwiseLeftShift\cmake\util\gen_impl_and_mrege_json.sh","646","8E62E9A6C1F4D5691417B9B25A4B77BCA4E8ADF26B1D677E1EEE7B013121DE8D"
"03_往届冠军仓库快照\R074_github_ascend-124_s5\BitwiseLeftShift\cmake\util\gen_ops_filter.sh","1506","CE87DD1E7FB96BD999C3DDC93CD36F29FBD6A3F3AB75E088C5FDDA1AFC3D3A28"
"03_往届冠军仓库快照\R074_github_ascend-124_s5\BitwiseLeftShift\cmake\util\gen_version_info.sh","353","1871CFEF3DD083C81966A95F98C812A19DF8FE0A4C83DFC3CA5BA03DB6E65A9A"
"03_往届冠军仓库快照\R074_github_ascend-124_s5\BitwiseLeftShift\cmake\util\insert_op_info.py","1098","A15BAB921F83F74CE42E828EC1D1DD3F4057823F48B44CB138F85ACD906472CB"
"03_往届冠军仓库快照\R074_github_ascend-124_s5\BitwiseLeftShift\cmake\util\insert_simplified_keys.py","6668","A1A460FE71424FBD78EF188ECC09C3B76BC9DAA99AE2D48D342DC0128FFA134F"
"03_往届冠军仓库快照\R074_github_ascend-124_s5\BitwiseLeftShift\cmake\util\kernel_entry.py","3947","9DF250FFEBB39AC528DB19D76CD1AFD852942AC81C41E48C02A6E3368B3DC7E5"
"03_往届冠军仓库快照\R074_github_ascend-124_s5\BitwiseLeftShift\cmake\util\kernel_impl.temp","240","660B98F6111CDD71260984CA38CC289710012291A414E21C4CF1BABB2F1A4AD1"
"03_往届冠军仓库快照\R074_github_ascend-124_s5\BitwiseLeftShift\cmake\util\makeself\COPYING","18431","189B1AF95D661151E054CEA10C91B3D754E4DE4D3FECFB074C1FB29476F7167B"
"03_往届冠军仓库快照\R074_github_ascend-124_s5\BitwiseLeftShift\cmake\util\makeself\make-release.sh","349","FBD10A2882B5BF82A407E855F0F088E469F4D142AFDD7B3DFDCC808798E374B9"
"03_往届冠军仓库快照\R074_github_ascend-124_s5\BitwiseLeftShift\cmake\util\makeself\makeself-header.sh","18618","93AE39674EC8EA07C00245F38CA18365B78787E10DF443049360C051B49B0A97"
"03_往届冠军仓库快照\R074_github_ascend-124_s5\BitwiseLeftShift\cmake\util\makeself\makeself.1","3189","1518183932195173D43E85ABC10CFB10366B0A1E3FC61A2D6136B68A78AB15FE"
"03_往届冠军仓库快照\R074_github_ascend-124_s5\BitwiseLeftShift\cmake\util\makeself\makeself.lsm","836","270D45704E0F94F39B67369371A063C4E793F4AF5996B273D30ABC281994C1D9"
"03_往届冠军仓库快照\R074_github_ascend-124_s5\BitwiseLeftShift\cmake\util\makeself\makeself.sh","25787","40482E4E390F2F3E1C1E06250C31C36814F054DF5254A5CBDD2FE89FD70D9C2B"
"03_往届冠军仓库快照\R074_github_ascend-124_s5\BitwiseLeftShift\cmake\util\makeself\README.md","22146","C12F14B92112511DE28B943EDDB8765D3D75D1AEDB23AA49442559C1BE273E4A"
"03_往届冠军仓库快照\R074_github_ascend-124_s5\BitwiseLeftShift\cmake\util\makeself\run-tests.sh","192","A9E7846C51870CA216D9620416C29F82466172876909E382CD7600215E766292"
"03_往届冠军仓库快照\R074_github_ascend-124_s5\BitwiseLeftShift\cmake\util\makeself\VERSION","7","6117CCF1F1DE058A9243D93A2A0FB0C13BFD3CD3D4DA8E8AAF3C85EABDBEF5B5"
"03_往届冠军仓库快照\R074_github_ascend-124_s5\BitwiseLeftShift\cmake\util\merge_aicpu_info_json.sh","1143","AEFF13DF06A408A231344AFDB046A914B0319D95C02547F93E5357B64CDA23EB"
"03_往届冠军仓库快照\R074_github_ascend-124_s5\BitwiseLeftShift\cmake\util\opdesc_parser.py","14595","E3CD4BFBCA992EF4E6DB4780D7189D0752540EFB385488E0B515A9C9CB9D0E49"
"03_往届冠军仓库快照\R074_github_ascend-124_s5\BitwiseLeftShift\cmake\util\parse_ini_to_json.py","13195","FA25B699BB3EB603849CCCAB152C791F72FF83D246F366DD8F064E9165EAA247"
"03_往届冠军仓库快照\R074_github_ascend-124_s5\BitwiseLeftShift\cmake\util\preset_parse.py","861","23C46E652B4411E735E7A6C10EE262E0508C41799E60660E60B5028F317535CB"
"03_往届冠军仓库快照\R074_github_ascend-124_s5\BitwiseLeftShift\cmake\util\replay_codegen.py","4527","56F4EEA8AA8CEB6E44795AB8DC5785D3D1D608697385D190564399AC6DC56A18"
"03_往届冠军仓库快照\R074_github_ascend-124_s5\BitwiseLeftShift\cmake\util\replay_impl.temp","4207","E66480E82316EEC24DDA34890235F281D0631CF13FBEC631788E586CA7B7B458"
"03_往届冠军仓库快照\R074_github_ascend-124_s5\BitwiseLeftShift\cmake\util\tiling_data_def_build.py","4172","93089EA6995DE374AEDBDED2781A75C8F0D2501E691890F269A0E0454F9F55C8"
"03_往届冠军仓库快照\R074_github_ascend-124_s5\BitwiseLeftShift\CMakeLists.txt","3307","8547C357858A1960295565B1A794B41E2CB475D4DEE5113C26CB7348D6AEFB55"
"03_往届冠军仓库快照\R074_github_ascend-124_s5\BitwiseLeftShift\CMakePresets.json","2234","238F0F85A6778D35FE8D169CE421415F4AD53CB033DF11699F8AA4D4F28D5CF9"
"03_往届冠军仓库快照\R074_github_ascend-124_s5\BitwiseLeftShift\framework\CMakeLists.txt","396","2B9117B8865AB55A4C4018C86AD230F5C4AFDED78FBBEE939CB0385501C022B6"
"03_往届冠军仓库快照\R074_github_ascend-124_s5\BitwiseLeftShift\op_host\bitwise_left_shift_tiling.h","377","B938CE67703B17D4316ED0C7E08D632653280B88341E7235985F0D8CBC6DEAD3"
"03_往届冠军仓库快照\R074_github_ascend-124_s5\BitwiseLeftShift\op_host\bitwise_left_shift.cpp","4397","D6FBDBC7F14EE1243F4AF00AC8BE29ECC67C71BF9EB69CCD533D8097F2AC64B3"
"03_往届冠军仓库快照\R074_github_ascend-124_s5\BitwiseLeftShift\op_host\CMakeLists.txt","6641","3F99E9B8934BF9C16722CC36EB95402AE05D12AE473A7F97F77F1ACA75121402"
"03_往届冠军仓库快照\R074_github_ascend-124_s5\BitwiseLeftShift\op_kernel\bitwise_left_shift.cpp","23301","1A02D1DA029AF905CA3F72235BC904A9929A107260FA4188E1300835439489F5"
"03_往届冠军仓库快照\R074_github_ascend-124_s5\BitwiseLeftShift\op_kernel\CMakeLists.txt","160","28DB4CC809D625D8A352D6078635873484A8D90CF5645711D0FD4FDC6AA6DA81"
"03_往届冠军仓库快照\R074_github_ascend-124_s5\BitwiseLeftShift\scripts\help.info","81","27067F1EC0A23A694AE80EC4A05BC68415A284FBAF509B1A9CC0234035C61E5B"
"03_往届冠军仓库快照\R074_github_ascend-124_s5\BitwiseLeftShift\scripts\install.sh","9881","02862BAF881E9EBFA0EB5F43BE11932391E2B1EDC1D6C1C508812B5410C04181"
"03_往届冠军仓库快照\R074_github_ascend-124_s5\BitwiseLeftShift\scripts\upgrade.sh","4151","DDF117CFD96BF93194F66A8C4C7A298A263254107D1EFAE8F2081F0626E4C1F7"
"03_往届冠军仓库快照\R075_github_ascend-124_s6\.git\config","295","8168835098E732ECAB0DA4517B488C2F53B638024F9E3E70ED4512B2D936AC3D"
"03_往届冠军仓库快照\R075_github_ascend-124_s6\.git\description","73","85AB6C163D43A17EA9CF7788308BCA1466F1B0A8D1CC92E26E9BF63DA4062AEE"
"03_往届冠军仓库快照\R075_github_ascend-124_s6\.git\HEAD","21","28D25BF82AF4C0E2B72F50959B2BEB859E3E60B9630A5E8C603DAD4DDB2B6E80"
"03_往届冠军仓库快照\R075_github_ascend-124_s6\.git\hooks\applypatch-msg.sample","478","0223497A0B8B033AA58A3A521B8629869386CF7AB0E2F101963D328AA62193F7"
"03_往届冠军仓库快照\R075_github_ascend-124_s6\.git\hooks\commit-msg.sample","896","1F74D5E9292979B573EBD59741D46CB93FF391ACDD083D340B94370753D92437"
"03_往届冠军仓库快照\R075_github_ascend-124_s6\.git\hooks\fsmonitor-watchman.sample","4726","E0549964E93897B519BD8E333C037E51FFF0F88BA13E086A331592BF801FA1D0"
"03_往届冠军仓库快照\R075_github_ascend-124_s6\.git\hooks\post-update.sample","189","81765AF2DAEF323061DCBC5E61FC16481CB74B3BAC9AD8A174B186523586F6C5"
"03_往届冠军仓库快照\R075_github_ascend-124_s6\.git\hooks\pre-applypatch.sample","424","E15C5B469EA3E0A695BEA6F2C82BCF8E62821074939DDD85B77E0007FF165475"
"03_往届冠军仓库快照\R075_github_ascend-124_s6\.git\hooks\pre-commit.sample","1649","57185B7B9F05239D7AB52DB045F5B89EB31348D7B2177EAB214F5EB872E1971B"
"03_往届冠军仓库快照\R075_github_ascend-124_s6\.git\hooks\pre-merge-commit.sample","416","D3825A70337940EBBD0A5C072984E13245920CDF8898BD225C8D27A6DFC9CB53"
"03_往届冠军仓库快照\R075_github_ascend-124_s6\.git\hooks\pre-push.sample","1374","ECCE9C7E04D3F5DD9D8ADA81753DD1D549A9634B26770042B58DDA00217D086A"
"03_往届冠军仓库快照\R075_github_ascend-124_s6\.git\hooks\pre-rebase.sample","4898","4FEBCE867790052338076F4E66CC47EFB14879D18097D1D61C8261859EAAA7B3"
"03_往届冠军仓库快照\R075_github_ascend-124_s6\.git\hooks\pre-receive.sample","544","A4C3D2B9C7BB3FD8D1441C31BD4EE71A595D66B44FCF49DDB310252320169989"
"03_往届冠军仓库快照\R075_github_ascend-124_s6\.git\hooks\prepare-commit-msg.sample","1492","E9DDCAA4189FDDD25ED97FC8C789ECA7B6CA16390B2392AE3276F0C8E1AA4619"
"03_往届冠军仓库快照\R075_github_ascend-124_s6\.git\hooks\push-to-checkout.sample","2783","A53D0741798B287C6DD7AFA64AEE473F305E65D3F49463BB9D7408EC3B12BF5F"
"03_往届冠军仓库快照\R075_github_ascend-124_s6\.git\hooks\sendemail-validate.sample","2308","44EBFC923DC5466BC009602F0ECF067B9C65459ABFE8868DDC49B78E6CED7A92"
"03_往届冠军仓库快照\R075_github_ascend-124_s6\.git\hooks\update.sample","3650","8D5F2FA83E103CF08B57EAA67521DF9194F45CBDBCB37DA52AD586097A14D106"
"03_往届冠军仓库快照\R075_github_ascend-124_s6\.git\index","11252","FF9F4FFB7C3DDFE99B8C923F7DB8B4BF7799244BAD642E873AAEBE0874925C14"
"03_往届冠军仓库快照\R075_github_ascend-124_s6\.git\info\exclude","240","6671FE83B7A07C8932EE89164D1F2793B2318058EB8B98DC5C06EE0A5A3B0EC1"
"03_往届冠军仓库快照\R075_github_ascend-124_s6\.git\logs\HEAD","180","493DA99088560CEE0AF600AC3584BF55D8752972EA0B9283CD1B51E316B98931"
"03_往届冠军仓库快照\R075_github_ascend-124_s6\.git\logs\refs\heads\main","180","493DA99088560CEE0AF600AC3584BF55D8752972EA0B9283CD1B51E316B98931"
"03_往届冠军仓库快照\R075_github_ascend-124_s6\.git\logs\refs\remotes\origin\HEAD","180","493DA99088560CEE0AF600AC3584BF55D8752972EA0B9283CD1B51E316B98931"
"03_往届冠军仓库快照\R075_github_ascend-124_s6\.git\objects\pack\pack-4b46308ee67a0b2ee265b83ddbb920f6814e7727.idx","3088","C012FED1A531C7C28EBE5AACA43EC39F83A0CC829341976590A54757B1EEFA45"
"03_往届冠军仓库快照\R075_github_ascend-124_s6\.git\objects\pack\pack-4b46308ee67a0b2ee265b83ddbb920f6814e7727.pack","100476","3B71923F0BDC16164DB804D51FCA24E42140CA9AF5902115C4553D919477661C"
"03_往届冠军仓库快照\R075_github_ascend-124_s6\.git\objects\pack\pack-4b46308ee67a0b2ee265b83ddbb920f6814e7727.rev","340","4C09F79CABC309607E5A337D74AE5CBBB9D8C88548065BFF2D98EF3682050879"
"03_往届冠军仓库快照\R075_github_ascend-124_s6\.git\packed-refs","112","0067E21C1E01533BF0216D26FF89A678D615149C1605851343A9D5C8F1D73C3E"
"03_往届冠军仓库快照\R075_github_ascend-124_s6\.git\refs\heads\main","41","6DA73CDEEBB47E76D88C731974EFD66C5ADE7EE22B4C700891F9113E41B196AF"
"03_往届冠军仓库快照\R075_github_ascend-124_s6\.git\refs\remotes\origin\HEAD","30","2BB6A24AA0FC6C484100F5D51A29BBAD841CD2C755F5D93FAA204E5DBB4EB2B4"
"03_往届冠军仓库快照\R075_github_ascend-124_s6\Fmin\build.sh","2326","0A0B0DFA0813B4960898E272DFBC8FBA05E9D7A7502BA0EDDBDD7888E8CDD9C6"
"03_往届冠军仓库快照\R075_github_ascend-124_s6\Fmin\cmake\config.cmake","2107","222F7C0F33244BB696CBB64E8269709CEB007E185920DE4BDD1FDB10F99E59FB"
"03_往届冠军仓库快照\R075_github_ascend-124_s6\Fmin\cmake\device_task.cmake","1364","3452CC47D661D636E23C84E26A3E2D07FD29F64C9D7729CEBE1221A5F5C247EC"
"03_往届冠军仓库快照\R075_github_ascend-124_s6\Fmin\cmake\func.cmake","17515","FAF9CA84C4AA2B1FC5123B1E4878C62F210F2B8900DCEF4D6A931D7DA2CF488A"
"03_往届冠军仓库快照\R075_github_ascend-124_s6\Fmin\cmake\intf.cmake","1061","0C2533D6A98259B396930252585C65F1CD582D667171F20AFA4759FCDEB2C5A5"
"03_往届冠军仓库快照\R075_github_ascend-124_s6\Fmin\cmake\makeself.cmake","1411","E417E77228AE18A82CF2D551D63CBA5B8E001069DE18ECE287597D6E043B9573"
"03_往届冠军仓库快照\R075_github_ascend-124_s6\Fmin\cmake\util\__init__.py","158","3F8B7683A736D7274A9A5B95FA7AF6DBDE368599C327336EAADE4059BE3C850F"
"03_往届冠军仓库快照\R075_github_ascend-124_s6\Fmin\cmake\util\ascendc_bin_param_build.py","21488","5414E49F5154E7397C07D94EDFF6C0ECA72EB075AC157D0B4DDBCD1425751511"
"03_往届冠军仓库快照\R075_github_ascend-124_s6\Fmin\cmake\util\ascendc_compile_kernel.py","9322","ED84D36CB4A1BF791113E4AA05CC6F1F6439AAFE08A390622089A7D52C482403"
"03_往届冠军仓库快照\R075_github_ascend-124_s6\Fmin\cmake\util\ascendc_gen_options.py","3350","FBD8BC4332B2340FDB71F4BBAE452E93C3A54B43CEA86818643D9D9D61794D35"
"03_往届冠军仓库快照\R075_github_ascend-124_s6\Fmin\cmake\util\ascendc_get_op_name.py","620","FCA6F6025A4ACBF41CA583D29D86B2E8BCAEAE7BA1930C94B9291BFA55800F53"
"03_往届冠军仓库快照\R075_github_ascend-124_s6\Fmin\cmake\util\ascendc_impl_build.py","28353","4F3086C115B60D627C0081894A10E38D96EBD0149154A08BCBE064CDDBC162B3"
"03_往届冠军仓库快照\R075_github_ascend-124_s6\Fmin\cmake\util\ascendc_op_info.py","1224","F2622F78079FAFC0B268FAE4227697143C042ACA009C3E8D0BBA6C38CD25368C"
"03_往届冠军仓库快照\R075_github_ascend-124_s6\Fmin\cmake\util\ascendc_ops_config.py","10286","D5115115B7432FB649DF4087095325B043F42C46A035BDCAB0258D44F8835025"
"03_往届冠军仓库快照\R075_github_ascend-124_s6\Fmin\cmake\util\ascendc_pack_kernel.py","9706","3CABC5970DF1BD7E3AC67D9199D27178AA3F9554CDD8C4269369DE900ACC77A7"
"03_往届冠军仓库快照\R075_github_ascend-124_s6\Fmin\cmake\util\ascendc_pack_opregistry.py","12928","25E69163383C4F721A51CFD5509F7765F3AE5FA4FCF8BA6AF1B6203FD4D7AF2F"
"03_往届冠军仓库快照\R075_github_ascend-124_s6\Fmin\cmake\util\ascendc_replay_build.py","2712","165C9FE01344DC57176004A21AB38A23DB4B1186FE60B1A5AF63E9D4EE0BE263"
"03_往届冠军仓库快照\R075_github_ascend-124_s6\Fmin\cmake\util\batch_replay_impl.temp","3889","C1B37BD05B2BD1CBF093AF635F4B2F18540BF98ED7FF4B04C3287B1F1A0FCCE0"
"03_往届冠军仓库快照\R075_github_ascend-124_s6\Fmin\cmake\util\code_channel_infer.py","1597","EA76DA48CC19A3CFB3E06EA25FF1DBD03039E4FBE7C2D3690F6FEBC6F0C90E1B"
"03_往届冠军仓库快照\R075_github_ascend-124_s6\Fmin\cmake\util\const_var.py","1505","5769FF6128070F83BE6246019212F5930ABEDEA17A2A0D7AEC63C5B6659760B9"
"03_往届冠军仓库快照\R075_github_ascend-124_s6\Fmin\cmake\util\gen_impl_and_mrege_json.sh","646","8E62E9A6C1F4D5691417B9B25A4B77BCA4E8ADF26B1D677E1EEE7B013121DE8D"
"03_往届冠军仓库快照\R075_github_ascend-124_s6\Fmin\cmake\util\gen_ops_filter.sh","1506","CE87DD1E7FB96BD999C3DDC93CD36F29FBD6A3F3AB75E088C5FDDA1AFC3D3A28"
"03_往届冠军仓库快照\R075_github_ascend-124_s6\Fmin\cmake\util\gen_version_info.sh","353","1871CFEF3DD083C81966A95F98C812A19DF8FE0A4C83DFC3CA5BA03DB6E65A9A"
"03_往届冠军仓库快照\R075_github_ascend-124_s6\Fmin\cmake\util\insert_op_info.py","1098","A15BAB921F83F74CE42E828EC1D1DD3F4057823F48B44CB138F85ACD906472CB"
"03_往届冠军仓库快照\R075_github_ascend-124_s6\Fmin\cmake\util\insert_simplified_keys.py","6668","A1A460FE71424FBD78EF188ECC09C3B76BC9DAA99AE2D48D342DC0128FFA134F"
"03_往届冠军仓库快照\R075_github_ascend-124_s6\Fmin\cmake\util\kernel_entry.py","3947","9DF250FFEBB39AC528DB19D76CD1AFD852942AC81C41E48C02A6E3368B3DC7E5"
"03_往届冠军仓库快照\R075_github_ascend-124_s6\Fmin\cmake\util\kernel_impl.temp","240","660B98F6111CDD71260984CA38CC289710012291A414E21C4CF1BABB2F1A4AD1"
"03_往届冠军仓库快照\R075_github_ascend-124_s6\Fmin\cmake\util\makeself\COPYING","18431","189B1AF95D661151E054CEA10C91B3D754E4DE4D3FECFB074C1FB29476F7167B"
"03_往届冠军仓库快照\R075_github_ascend-124_s6\Fmin\cmake\util\makeself\make-release.sh","349","FBD10A2882B5BF82A407E855F0F088E469F4D142AFDD7B3DFDCC808798E374B9"
"03_往届冠军仓库快照\R075_github_ascend-124_s6\Fmin\cmake\util\makeself\makeself-header.sh","18618","93AE39674EC8EA07C00245F38CA18365B78787E10DF443049360C051B49B0A97"
"03_往届冠军仓库快照\R075_github_ascend-124_s6\Fmin\cmake\util\makeself\makeself.1","3189","1518183932195173D43E85ABC10CFB10366B0A1E3FC61A2D6136B68A78AB15FE"
"03_往届冠军仓库快照\R075_github_ascend-124_s6\Fmin\cmake\util\makeself\makeself.lsm","836","270D45704E0F94F39B67369371A063C4E793F4AF5996B273D30ABC281994C1D9"
"03_往届冠军仓库快照\R075_github_ascend-124_s6\Fmin\cmake\util\makeself\makeself.sh","25787","40482E4E390F2F3E1C1E06250C31C36814F054DF5254A5CBDD2FE89FD70D9C2B"
"03_往届冠军仓库快照\R075_github_ascend-124_s6\Fmin\cmake\util\makeself\README.md","22146","C12F14B92112511DE28B943EDDB8765D3D75D1AEDB23AA49442559C1BE273E4A"
"03_往届冠军仓库快照\R075_github_ascend-124_s6\Fmin\cmake\util\makeself\run-tests.sh","192","A9E7846C51870CA216D9620416C29F82466172876909E382CD7600215E766292"
"03_往届冠军仓库快照\R075_github_ascend-124_s6\Fmin\cmake\util\makeself\VERSION","7","6117CCF1F1DE058A9243D93A2A0FB0C13BFD3CD3D4DA8E8AAF3C85EABDBEF5B5"
"03_往届冠军仓库快照\R075_github_ascend-124_s6\Fmin\cmake\util\merge_aicpu_info_json.sh","1143","AEFF13DF06A408A231344AFDB046A914B0319D95C02547F93E5357B64CDA23EB"
"03_往届冠军仓库快照\R075_github_ascend-124_s6\Fmin\cmake\util\opdesc_parser.py","14595","E3CD4BFBCA992EF4E6DB4780D7189D0752540EFB385488E0B515A9C9CB9D0E49"
"03_往届冠军仓库快照\R075_github_ascend-124_s6\Fmin\cmake\util\parse_ini_to_json.py","13195","FA25B699BB3EB603849CCCAB152C791F72FF83D246F366DD8F064E9165EAA247"
"03_往届冠军仓库快照\R075_github_ascend-124_s6\Fmin\cmake\util\preset_parse.py","861","23C46E652B4411E735E7A6C10EE262E0508C41799E60660E60B5028F317535CB"
"03_往届冠军仓库快照\R075_github_ascend-124_s6\Fmin\cmake\util\replay_codegen.py","4527","56F4EEA8AA8CEB6E44795AB8DC5785D3D1D608697385D190564399AC6DC56A18"
"03_往届冠军仓库快照\R075_github_ascend-124_s6\Fmin\cmake\util\replay_impl.temp","4207","E66480E82316EEC24DDA34890235F281D0631CF13FBEC631788E586CA7B7B458"
"03_往届冠军仓库快照\R075_github_ascend-124_s6\Fmin\cmake\util\tiling_data_def_build.py","4172","93089EA6995DE374AEDBDED2781A75C8F0D2501E691890F269A0E0454F9F55C8"
"03_往届冠军仓库快照\R075_github_ascend-124_s6\Fmin\CMakeLists.txt","3307","8547C357858A1960295565B1A794B41E2CB475D4DEE5113C26CB7348D6AEFB55"
"03_往届冠军仓库快照\R075_github_ascend-124_s6\Fmin\CMakePresets.json","2234","238F0F85A6778D35FE8D169CE421415F4AD53CB033DF11699F8AA4D4F28D5CF9"
"03_往届冠军仓库快照\R075_github_ascend-124_s6\Fmin\framework\CMakeLists.txt","396","2B9117B8865AB55A4C4018C86AD230F5C4AFDED78FBBEE939CB0385501C022B6"
"03_往届冠军仓库快照\R075_github_ascend-124_s6\Fmin\op_host\CMakeLists.txt","6641","3F99E9B8934BF9C16722CC36EB95402AE05D12AE473A7F97F77F1ACA75121402"
"03_往届冠军仓库快照\R075_github_ascend-124_s6\Fmin\op_host\fmin_tiling.h","606","928BE0E0AEE90B932C2085B0F1D4BDF85431E2230C1E6706AE42920DD94E7E33"
"03_往届冠军仓库快照\R075_github_ascend-124_s6\Fmin\op_host\fmin.cpp","7318","1409B00850264A81984A2C8940B634AA9D9D3CE66B9CBC4827DC9C49371F1DAD"
"03_往届冠军仓库快照\R075_github_ascend-124_s6\Fmin\op_kernel\CMakeLists.txt","160","28DB4CC809D625D8A352D6078635873484A8D90CF5645711D0FD4FDC6AA6DA81"
"03_往届冠军仓库快照\R075_github_ascend-124_s6\Fmin\op_kernel\fmin.cpp","66610","774819E555BF5A2ADA7A6BE73246DB7BEE149381A45C2257FAFDDD439FBC1CBD"
"03_往届冠军仓库快照\R075_github_ascend-124_s6\Fmin\scripts\help.info","81","27067F1EC0A23A694AE80EC4A05BC68415A284FBAF509B1A9CC0234035C61E5B"
"03_往届冠军仓库快照\R075_github_ascend-124_s6\Fmin\scripts\install.sh","9881","02862BAF881E9EBFA0EB5F43BE11932391E2B1EDC1D6C1C508812B5410C04181"
"03_往届冠军仓库快照\R075_github_ascend-124_s6\Fmin\scripts\upgrade.sh","4151","DDF117CFD96BF93194F66A8C4C7A298A263254107D1EFAE8F2081F0626E4C1F7"
"03_往届冠军仓库快照\R075_github_ascend-124_s6\Hypot\build.sh","2326","0A0B0DFA0813B4960898E272DFBC8FBA05E9D7A7502BA0EDDBDD7888E8CDD9C6"
"03_往届冠军仓库快照\R075_github_ascend-124_s6\Hypot\cmake\config.cmake","2107","222F7C0F33244BB696CBB64E8269709CEB007E185920DE4BDD1FDB10F99E59FB"
"03_往届冠军仓库快照\R075_github_ascend-124_s6\Hypot\cmake\device_task.cmake","1364","3452CC47D661D636E23C84E26A3E2D07FD29F64C9D7729CEBE1221A5F5C247EC"
"03_往届冠军仓库快照\R075_github_ascend-124_s6\Hypot\cmake\func.cmake","17515","FAF9CA84C4AA2B1FC5123B1E4878C62F210F2B8900DCEF4D6A931D7DA2CF488A"
"03_往届冠军仓库快照\R075_github_ascend-124_s6\Hypot\cmake\intf.cmake","1061","0C2533D6A98259B396930252585C65F1CD582D667171F20AFA4759FCDEB2C5A5"
"03_往届冠军仓库快照\R075_github_ascend-124_s6\Hypot\cmake\makeself.cmake","1411","E417E77228AE18A82CF2D551D63CBA5B8E001069DE18ECE287597D6E043B9573"
"03_往届冠军仓库快照\R075_github_ascend-124_s6\Hypot\cmake\util\__init__.py","158","3F8B7683A736D7274A9A5B95FA7AF6DBDE368599C327336EAADE4059BE3C850F"
"03_往届冠军仓库快照\R075_github_ascend-124_s6\Hypot\cmake\util\ascendc_bin_param_build.py","21488","5414E49F5154E7397C07D94EDFF6C0ECA72EB075AC157D0B4DDBCD1425751511"
"03_往届冠军仓库快照\R075_github_ascend-124_s6\Hypot\cmake\util\ascendc_compile_kernel.py","9322","ED84D36CB4A1BF791113E4AA05CC6F1F6439AAFE08A390622089A7D52C482403"
"03_往届冠军仓库快照\R075_github_ascend-124_s6\Hypot\cmake\util\ascendc_gen_options.py","3350","FBD8BC4332B2340FDB71F4BBAE452E93C3A54B43CEA86818643D9D9D61794D35"
"03_往届冠军仓库快照\R075_github_ascend-124_s6\Hypot\cmake\util\ascendc_get_op_name.py","620","FCA6F6025A4ACBF41CA583D29D86B2E8BCAEAE7BA1930C94B9291BFA55800F53"
"03_往届冠军仓库快照\R075_github_ascend-124_s6\Hypot\cmake\util\ascendc_impl_build.py","28353","4F3086C115B60D627C0081894A10E38D96EBD0149154A08BCBE064CDDBC162B3"
"03_往届冠军仓库快照\R075_github_ascend-124_s6\Hypot\cmake\util\ascendc_op_info.py","1224","F2622F78079FAFC0B268FAE4227697143C042ACA009C3E8D0BBA6C38CD25368C"
"03_往届冠军仓库快照\R075_github_ascend-124_s6\Hypot\cmake\util\ascendc_ops_config.py","10286","D5115115B7432FB649DF4087095325B043F42C46A035BDCAB0258D44F8835025"
"03_往届冠军仓库快照\R075_github_ascend-124_s6\Hypot\cmake\util\ascendc_pack_kernel.py","9706","3CABC5970DF1BD7E3AC67D9199D27178AA3F9554CDD8C4269369DE900ACC77A7"
"03_往届冠军仓库快照\R075_github_ascend-124_s6\Hypot\cmake\util\ascendc_pack_opregistry.py","12928","25E69163383C4F721A51CFD5509F7765F3AE5FA4FCF8BA6AF1B6203FD4D7AF2F"
"03_往届冠军仓库快照\R075_github_ascend-124_s6\Hypot\cmake\util\ascendc_replay_build.py","2712","165C9FE01344DC57176004A21AB38A23DB4B1186FE60B1A5AF63E9D4EE0BE263"
"03_往届冠军仓库快照\R075_github_ascend-124_s6\Hypot\cmake\util\batch_replay_impl.temp","3889","C1B37BD05B2BD1CBF093AF635F4B2F18540BF98ED7FF4B04C3287B1F1A0FCCE0"
"03_往届冠军仓库快照\R075_github_ascend-124_s6\Hypot\cmake\util\code_channel_infer.py","1597","EA76DA48CC19A3CFB3E06EA25FF1DBD03039E4FBE7C2D3690F6FEBC6F0C90E1B"
"03_往届冠军仓库快照\R075_github_ascend-124_s6\Hypot\cmake\util\const_var.py","1505","5769FF6128070F83BE6246019212F5930ABEDEA17A2A0D7AEC63C5B6659760B9"
"03_往届冠军仓库快照\R075_github_ascend-124_s6\Hypot\cmake\util\gen_impl_and_mrege_json.sh","646","8E62E9A6C1F4D5691417B9B25A4B77BCA4E8ADF26B1D677E1EEE7B013121DE8D"
"03_往届冠军仓库快照\R075_github_ascend-124_s6\Hypot\cmake\util\gen_ops_filter.sh","1506","CE87DD1E7FB96BD999C3DDC93CD36F29FBD6A3F3AB75E088C5FDDA1AFC3D3A28"
"03_往届冠军仓库快照\R075_github_ascend-124_s6\Hypot\cmake\util\gen_version_info.sh","353","1871CFEF3DD083C81966A95F98C812A19DF8FE0A4C83DFC3CA5BA03DB6E65A9A"
"03_往届冠军仓库快照\R075_github_ascend-124_s6\Hypot\cmake\util\insert_op_info.py","1098","A15BAB921F83F74CE42E828EC1D1DD3F4057823F48B44CB138F85ACD906472CB"
"03_往届冠军仓库快照\R075_github_ascend-124_s6\Hypot\cmake\util\insert_simplified_keys.py","6668","A1A460FE71424FBD78EF188ECC09C3B76BC9DAA99AE2D48D342DC0128FFA134F"
"03_往届冠军仓库快照\R075_github_ascend-124_s6\Hypot\cmake\util\kernel_entry.py","3947","9DF250FFEBB39AC528DB19D76CD1AFD852942AC81C41E48C02A6E3368B3DC7E5"
"03_往届冠军仓库快照\R075_github_ascend-124_s6\Hypot\cmake\util\kernel_impl.temp","240","660B98F6111CDD71260984CA38CC289710012291A414E21C4CF1BABB2F1A4AD1"
"03_往届冠军仓库快照\R075_github_ascend-124_s6\Hypot\cmake\util\makeself\COPYING","18431","189B1AF95D661151E054CEA10C91B3D754E4DE4D3FECFB074C1FB29476F7167B"
"03_往届冠军仓库快照\R075_github_ascend-124_s6\Hypot\cmake\util\makeself\make-release.sh","349","FBD10A2882B5BF82A407E855F0F088E469F4D142AFDD7B3DFDCC808798E374B9"
"03_往届冠军仓库快照\R075_github_ascend-124_s6\Hypot\cmake\util\makeself\makeself-header.sh","18618","93AE39674EC8EA07C00245F38CA18365B78787E10DF443049360C051B49B0A97"
"03_往届冠军仓库快照\R075_github_ascend-124_s6\Hypot\cmake\util\makeself\makeself.1","3189","1518183932195173D43E85ABC10CFB10366B0A1E3FC61A2D6136B68A78AB15FE"
"03_往届冠军仓库快照\R075_github_ascend-124_s6\Hypot\cmake\util\makeself\makeself.lsm","836","270D45704E0F94F39B67369371A063C4E793F4AF5996B273D30ABC281994C1D9"
"03_往届冠军仓库快照\R075_github_ascend-124_s6\Hypot\cmake\util\makeself\makeself.sh","25787","40482E4E390F2F3E1C1E06250C31C36814F054DF5254A5CBDD2FE89FD70D9C2B"
"03_往届冠军仓库快照\R075_github_ascend-124_s6\Hypot\cmake\util\makeself\README.md","22146","C12F14B92112511DE28B943EDDB8765D3D75D1AEDB23AA49442559C1BE273E4A"
"03_往届冠军仓库快照\R075_github_ascend-124_s6\Hypot\cmake\util\makeself\run-tests.sh","192","A9E7846C51870CA216D9620416C29F82466172876909E382CD7600215E766292"
"03_往届冠军仓库快照\R075_github_ascend-124_s6\Hypot\cmake\util\makeself\VERSION","7","6117CCF1F1DE058A9243D93A2A0FB0C13BFD3CD3D4DA8E8AAF3C85EABDBEF5B5"
"03_往届冠军仓库快照\R075_github_ascend-124_s6\Hypot\cmake\util\merge_aicpu_info_json.sh","1143","AEFF13DF06A408A231344AFDB046A914B0319D95C02547F93E5357B64CDA23EB"
"03_往届冠军仓库快照\R075_github_ascend-124_s6\Hypot\cmake\util\opdesc_parser.py","14595","E3CD4BFBCA992EF4E6DB4780D7189D0752540EFB385488E0B515A9C9CB9D0E49"
"03_往届冠军仓库快照\R075_github_ascend-124_s6\Hypot\cmake\util\parse_ini_to_json.py","13195","FA25B699BB3EB603849CCCAB152C791F72FF83D246F366DD8F064E9165EAA247"
"03_往届冠军仓库快照\R075_github_ascend-124_s6\Hypot\cmake\util\preset_parse.py","861","23C46E652B4411E735E7A6C10EE262E0508C41799E60660E60B5028F317535CB"
"03_往届冠军仓库快照\R075_github_ascend-124_s6\Hypot\cmake\util\replay_codegen.py","4527","56F4EEA8AA8CEB6E44795AB8DC5785D3D1D608697385D190564399AC6DC56A18"
"03_往届冠军仓库快照\R075_github_ascend-124_s6\Hypot\cmake\util\replay_impl.temp","4207","E66480E82316EEC24DDA34890235F281D0631CF13FBEC631788E586CA7B7B458"
"03_往届冠军仓库快照\R075_github_ascend-124_s6\Hypot\cmake\util\tiling_data_def_build.py","4172","93089EA6995DE374AEDBDED2781A75C8F0D2501E691890F269A0E0454F9F55C8"
"03_往届冠军仓库快照\R075_github_ascend-124_s6\Hypot\CMakeLists.txt","3307","8547C357858A1960295565B1A794B41E2CB475D4DEE5113C26CB7348D6AEFB55"
"03_往届冠军仓库快照\R075_github_ascend-124_s6\Hypot\CMakePresets.json","2234","238F0F85A6778D35FE8D169CE421415F4AD53CB033DF11699F8AA4D4F28D5CF9"
"03_往届冠军仓库快照\R075_github_ascend-124_s6\Hypot\framework\CMakeLists.txt","396","2B9117B8865AB55A4C4018C86AD230F5C4AFDED78FBBEE939CB0385501C022B6"
"03_往届冠军仓库快照\R075_github_ascend-124_s6\Hypot\op_host\CMakeLists.txt","6641","3F99E9B8934BF9C16722CC36EB95402AE05D12AE473A7F97F77F1ACA75121402"
"03_往届冠军仓库快照\R075_github_ascend-124_s6\Hypot\op_host\hypot_tiling.h","609","09B13022FBD849A25350498D9A0EBBC4FC0AA6FC2DD9E14C21FE3F5F4D6A1CB9"
"03_往届冠军仓库快照\R075_github_ascend-124_s6\Hypot\op_host\hypot.cpp","6944","AC70ECE7DE7F4590FDC163C1A7BC4D133C01CE144155FC31EEE894B747712F9A"
"03_往届冠军仓库快照\R075_github_ascend-124_s6\Hypot\op_kernel\CMakeLists.txt","160","28DB4CC809D625D8A352D6078635873484A8D90CF5645711D0FD4FDC6AA6DA81"
"03_往届冠军仓库快照\R075_github_ascend-124_s6\Hypot\op_kernel\hypot.cpp","25967","AD646CE3D5800A7122788D90C2F5E2A89F2D7D37F4F224D3E8B7FE1A77762E01"
"03_往届冠军仓库快照\R075_github_ascend-124_s6\Hypot\scripts\help.info","81","27067F1EC0A23A694AE80EC4A05BC68415A284FBAF509B1A9CC0234035C61E5B"
"03_往届冠军仓库快照\R075_github_ascend-124_s6\Hypot\scripts\install.sh","9881","02862BAF881E9EBFA0EB5F43BE11932391E2B1EDC1D6C1C508812B5410C04181"
"03_往届冠军仓库快照\R075_github_ascend-124_s6\Hypot\scripts\upgrade.sh","4151","DDF117CFD96BF93194F66A8C4C7A298A263254107D1EFAE8F2081F0626E4C1F7"
"03_往届冠军仓库快照\R076_github_asfsdsf_AscendC-S6\.git\config","304","E8CF59B33B94D209ED31719BB58294FB7FE0FF06DD13E1D276CE288CC2D9608F"
"03_往届冠军仓库快照\R076_github_asfsdsf_AscendC-S6\.git\description","73","85AB6C163D43A17EA9CF7788308BCA1466F1B0A8D1CC92E26E9BF63DA4062AEE"
"03_往届冠军仓库快照\R076_github_asfsdsf_AscendC-S6\.git\HEAD","23","F6F2B945F6C411B02BA3DA9C7ACE88DCF71B6AF65BA2E0D89AA82900042B5A10"
"03_往届冠军仓库快照\R076_github_asfsdsf_AscendC-S6\.git\hooks\applypatch-msg.sample","478","0223497A0B8B033AA58A3A521B8629869386CF7AB0E2F101963D328AA62193F7"
"03_往届冠军仓库快照\R076_github_asfsdsf_AscendC-S6\.git\hooks\commit-msg.sample","896","1F74D5E9292979B573EBD59741D46CB93FF391ACDD083D340B94370753D92437"
"03_往届冠军仓库快照\R076_github_asfsdsf_AscendC-S6\.git\hooks\fsmonitor-watchman.sample","4726","E0549964E93897B519BD8E333C037E51FFF0F88BA13E086A331592BF801FA1D0"
"03_往届冠军仓库快照\R076_github_asfsdsf_AscendC-S6\.git\hooks\post-update.sample","189","81765AF2DAEF323061DCBC5E61FC16481CB74B3BAC9AD8A174B186523586F6C5"
"03_往届冠军仓库快照\R076_github_asfsdsf_AscendC-S6\.git\hooks\pre-applypatch.sample","424","E15C5B469EA3E0A695BEA6F2C82BCF8E62821074939DDD85B77E0007FF165475"
"03_往届冠军仓库快照\R076_github_asfsdsf_AscendC-S6\.git\hooks\pre-commit.sample","1649","57185B7B9F05239D7AB52DB045F5B89EB31348D7B2177EAB214F5EB872E1971B"
"03_往届冠军仓库快照\R076_github_asfsdsf_AscendC-S6\.git\hooks\pre-merge-commit.sample","416","D3825A70337940EBBD0A5C072984E13245920CDF8898BD225C8D27A6DFC9CB53"
"03_往届冠军仓库快照\R076_github_asfsdsf_AscendC-S6\.git\hooks\pre-push.sample","1374","ECCE9C7E04D3F5DD9D8ADA81753DD1D549A9634B26770042B58DDA00217D086A"
"03_往届冠军仓库快照\R076_github_asfsdsf_AscendC-S6\.git\hooks\pre-rebase.sample","4898","4FEBCE867790052338076F4E66CC47EFB14879D18097D1D61C8261859EAAA7B3"
"03_往届冠军仓库快照\R076_github_asfsdsf_AscendC-S6\.git\hooks\pre-receive.sample","544","A4C3D2B9C7BB3FD8D1441C31BD4EE71A595D66B44FCF49DDB310252320169989"
"03_往届冠军仓库快照\R076_github_asfsdsf_AscendC-S6\.git\hooks\prepare-commit-msg.sample","1492","E9DDCAA4189FDDD25ED97FC8C789ECA7B6CA16390B2392AE3276F0C8E1AA4619"
"03_往届冠军仓库快照\R076_github_asfsdsf_AscendC-S6\.git\hooks\push-to-checkout.sample","2783","A53D0741798B287C6DD7AFA64AEE473F305E65D3F49463BB9D7408EC3B12BF5F"
"03_往届冠军仓库快照\R076_github_asfsdsf_AscendC-S6\.git\hooks\sendemail-validate.sample","2308","44EBFC923DC5466BC009602F0ECF067B9C65459ABFE8868DDC49B78E6CED7A92"
"03_往届冠军仓库快照\R076_github_asfsdsf_AscendC-S6\.git\hooks\update.sample","3650","8D5F2FA83E103CF08B57EAA67521DF9194F45CBDBCB37DA52AD586097A14D106"
"03_往届冠军仓库快照\R076_github_asfsdsf_AscendC-S6\.git\index","6620","3C487BBDDDA21A3738E3EDE979404C3E0D3F2E75AEE49C6F6BE1B6E51EACD234"
"03_往届冠军仓库快照\R076_github_asfsdsf_AscendC-S6\.git\info\exclude","240","6671FE83B7A07C8932EE89164D1F2793B2318058EB8B98DC5C06EE0A5A3B0EC1"
"03_往届冠军仓库快照\R076_github_asfsdsf_AscendC-S6\.git\logs\HEAD","185","9E41A95B00D8497BFDB6206B1AB88F0672E320BD82D1C82C5B648F8C5627E324"
"03_往届冠军仓库快照\R076_github_asfsdsf_AscendC-S6\.git\logs\refs\heads\master","185","9E41A95B00D8497BFDB6206B1AB88F0672E320BD82D1C82C5B648F8C5627E324"
"03_往届冠军仓库快照\R076_github_asfsdsf_AscendC-S6\.git\logs\refs\remotes\origin\HEAD","185","9E41A95B00D8497BFDB6206B1AB88F0672E320BD82D1C82C5B648F8C5627E324"
"03_往届冠军仓库快照\R076_github_asfsdsf_AscendC-S6\.git\objects\pack\pack-a483aa7c75ed7d21ef235144542cc8c13c41a738.idx","4208","27DD03328054B81748F1C888A5D8D60C5CB06B45713E5FA78C332F3F88216FDC"
"03_往届冠军仓库快照\R076_github_asfsdsf_AscendC-S6\.git\objects\pack\pack-a483aa7c75ed7d21ef235144542cc8c13c41a738.pack","104818","444D123D100AA57E51E0552C252986B3000DAC21B9ACDBF425CD0FED9EFFD048"
"03_往届冠军仓库快照\R076_github_asfsdsf_AscendC-S6\.git\objects\pack\pack-a483aa7c75ed7d21ef235144542cc8c13c41a738.rev","500","B75E525073A10E9D3212B481711EC3125A73E43DD3790F570F48DD21CDB901C3"
"03_往届冠军仓库快照\R076_github_asfsdsf_AscendC-S6\.git\packed-refs","114","E1DCA07D24483A7D378E6BA088EFD4C1350B54665EE066AB76ED17DE07462E87"
"03_往届冠军仓库快照\R076_github_asfsdsf_AscendC-S6\.git\refs\heads\master","41","462E2CE90C01BFA928179FFE23B5A1F87E94362BDE2626B051259720441F34F9"
"03_往届冠军仓库快照\R076_github_asfsdsf_AscendC-S6\.git\refs\remotes\origin\HEAD","32","CDC65E67690C4C6475174E5EC662B70655246A2F3924354778835AB3BE70AA76"
"03_往届冠军仓库快照\R076_github_asfsdsf_AscendC-S6\LICENSE","1088","18D0AD64A9F008852958B6BFFF530305350CBB8CB67CD25DC405BDD07E010D06"
"03_往届冠军仓库快照\R076_github_asfsdsf_AscendC-S6\Logcumsumexp\build.sh","2326","0A0B0DFA0813B4960898E272DFBC8FBA05E9D7A7502BA0EDDBDD7888E8CDD9C6"
"03_往届冠军仓库快照\R076_github_asfsdsf_AscendC-S6\Logcumsumexp\cmake\config.cmake","2110","49EB451F738B9E71ED8C52A9D3A4212236FABA2851A2D00249B7994765F4226E"
"03_往届冠军仓库快照\R076_github_asfsdsf_AscendC-S6\Logcumsumexp\cmake\device_task.cmake","1364","3452CC47D661D636E23C84E26A3E2D07FD29F64C9D7729CEBE1221A5F5C247EC"
"03_往届冠军仓库快照\R076_github_asfsdsf_AscendC-S6\Logcumsumexp\cmake\func.cmake","17515","FAF9CA84C4AA2B1FC5123B1E4878C62F210F2B8900DCEF4D6A931D7DA2CF488A"
"03_往届冠军仓库快照\R076_github_asfsdsf_AscendC-S6\Logcumsumexp\cmake\intf.cmake","1061","0C2533D6A98259B396930252585C65F1CD582D667171F20AFA4759FCDEB2C5A5"
"03_往届冠军仓库快照\R076_github_asfsdsf_AscendC-S6\Logcumsumexp\cmake\makeself.cmake","1411","E417E77228AE18A82CF2D551D63CBA5B8E001069DE18ECE287597D6E043B9573"
"03_往届冠军仓库快照\R076_github_asfsdsf_AscendC-S6\Logcumsumexp\cmake\util\__init__.py","158","3F8B7683A736D7274A9A5B95FA7AF6DBDE368599C327336EAADE4059BE3C850F"
"03_往届冠军仓库快照\R076_github_asfsdsf_AscendC-S6\Logcumsumexp\cmake\util\ascendc_bin_param_build.py","23468","4951DE3236720A73F0CFE886AB63B1291B87702B439BA746BC597B5679ABB6E8"
"03_往届冠军仓库快照\R076_github_asfsdsf_AscendC-S6\Logcumsumexp\cmake\util\ascendc_compile_kernel.py","9322","ED84D36CB4A1BF791113E4AA05CC6F1F6439AAFE08A390622089A7D52C482403"
"03_往届冠军仓库快照\R076_github_asfsdsf_AscendC-S6\Logcumsumexp\cmake\util\ascendc_gen_options.py","3561","41FF24B460F48102CAD77ADB50A5EB629B92C8AC46D1F67BA94BC4F767443784"
"03_往届冠军仓库快照\R076_github_asfsdsf_AscendC-S6\Logcumsumexp\cmake\util\ascendc_get_op_name.py","620","FCA6F6025A4ACBF41CA583D29D86B2E8BCAEAE7BA1930C94B9291BFA55800F53"
"03_往届冠军仓库快照\R076_github_asfsdsf_AscendC-S6\Logcumsumexp\cmake\util\ascendc_impl_build.py","30351","69B6D60718AB1E99E2A6DFAF2DDE8A1DC8162C28A1A5BF95EB49705AE3E10B5C"
"03_往届冠军仓库快照\R076_github_asfsdsf_AscendC-S6\Logcumsumexp\cmake\util\ascendc_op_info.py","1224","F2622F78079FAFC0B268FAE4227697143C042ACA009C3E8D0BBA6C38CD25368C"
"03_往届冠军仓库快照\R076_github_asfsdsf_AscendC-S6\Logcumsumexp\cmake\util\ascendc_ops_config.py","12858","CB01AAE3E0337958D591E3CFFC36C3E7C81E9EC00550971C13D8B812C752D165"
"03_往届冠军仓库快照\R076_github_asfsdsf_AscendC-S6\Logcumsumexp\cmake\util\ascendc_pack_kernel.py","9706","3CABC5970DF1BD7E3AC67D9199D27178AA3F9554CDD8C4269369DE900ACC77A7"
"03_往届冠军仓库快照\R076_github_asfsdsf_AscendC-S6\Logcumsumexp\cmake\util\ascendc_pack_opregistry.py","12928","25E69163383C4F721A51CFD5509F7765F3AE5FA4FCF8BA6AF1B6203FD4D7AF2F"
"03_往届冠军仓库快照\R076_github_asfsdsf_AscendC-S6\Logcumsumexp\cmake\util\ascendc_replay_build.py","2712","165C9FE01344DC57176004A21AB38A23DB4B1186FE60B1A5AF63E9D4EE0BE263"
"03_往届冠军仓库快照\R076_github_asfsdsf_AscendC-S6\Logcumsumexp\cmake\util\batch_replay_impl.temp","3889","C1B37BD05B2BD1CBF093AF635F4B2F18540BF98ED7FF4B04C3287B1F1A0FCCE0"
"03_往届冠军仓库快照\R076_github_asfsdsf_AscendC-S6\Logcumsumexp\cmake\util\code_channel_infer.py","1597","EA76DA48CC19A3CFB3E06EA25FF1DBD03039E4FBE7C2D3690F6FEBC6F0C90E1B"
"03_往届冠军仓库快照\R076_github_asfsdsf_AscendC-S6\Logcumsumexp\cmake\util\const_var.py","1555","EE0B8F1F3A5B14FCA30E8661E3FAB95AB5323813B7A323273AEEF8DB5DC59D0E"
"03_往届冠军仓库快照\R076_github_asfsdsf_AscendC-S6\Logcumsumexp\cmake\util\gen_impl_and_mrege_json.sh","646","8E62E9A6C1F4D5691417B9B25A4B77BCA4E8ADF26B1D677E1EEE7B013121DE8D"
"03_往届冠军仓库快照\R076_github_asfsdsf_AscendC-S6\Logcumsumexp\cmake\util\gen_ops_filter.sh","1506","CE87DD1E7FB96BD999C3DDC93CD36F29FBD6A3F3AB75E088C5FDDA1AFC3D3A28"
"03_往届冠军仓库快照\R076_github_asfsdsf_AscendC-S6\Logcumsumexp\cmake\util\gen_version_info.sh","353","1871CFEF3DD083C81966A95F98C812A19DF8FE0A4C83DFC3CA5BA03DB6E65A9A"
"03_往届冠军仓库快照\R076_github_asfsdsf_AscendC-S6\Logcumsumexp\cmake\util\insert_op_info.py","1098","A15BAB921F83F74CE42E828EC1D1DD3F4057823F48B44CB138F85ACD906472CB"
"03_往届冠军仓库快照\R076_github_asfsdsf_AscendC-S6\Logcumsumexp\cmake\util\insert_simplified_keys.py","6690","AC906A617EC95A17179AF184F2661CF513AC1428AFF040E46D84A0E7CE111301"
"03_往届冠军仓库快照\R076_github_asfsdsf_AscendC-S6\Logcumsumexp\cmake\util\kernel_entry.py","3947","9DF250FFEBB39AC528DB19D76CD1AFD852942AC81C41E48C02A6E3368B3DC7E5"
"03_往届冠军仓库快照\R076_github_asfsdsf_AscendC-S6\Logcumsumexp\cmake\util\kernel_impl.temp","240","660B98F6111CDD71260984CA38CC289710012291A414E21C4CF1BABB2F1A4AD1"
"03_往届冠军仓库快照\R076_github_asfsdsf_AscendC-S6\Logcumsumexp\cmake\util\makeself\COPYING","18431","189B1AF95D661151E054CEA10C91B3D754E4DE4D3FECFB074C1FB29476F7167B"
"03_往届冠军仓库快照\R076_github_asfsdsf_AscendC-S6\Logcumsumexp\cmake\util\makeself\make-release.sh","349","FBD10A2882B5BF82A407E855F0F088E469F4D142AFDD7B3DFDCC808798E374B9"
"03_往届冠军仓库快照\R076_github_asfsdsf_AscendC-S6\Logcumsumexp\cmake\util\makeself\makeself-header.sh","18618","93AE39674EC8EA07C00245F38CA18365B78787E10DF443049360C051B49B0A97"
"03_往届冠军仓库快照\R076_github_asfsdsf_AscendC-S6\Logcumsumexp\cmake\util\makeself\makeself.1","3189","1518183932195173D43E85ABC10CFB10366B0A1E3FC61A2D6136B68A78AB15FE"
"03_往届冠军仓库快照\R076_github_asfsdsf_AscendC-S6\Logcumsumexp\cmake\util\makeself\makeself.lsm","836","270D45704E0F94F39B67369371A063C4E793F4AF5996B273D30ABC281994C1D9"
"03_往届冠军仓库快照\R076_github_asfsdsf_AscendC-S6\Logcumsumexp\cmake\util\makeself\makeself.sh","25787","40482E4E390F2F3E1C1E06250C31C36814F054DF5254A5CBDD2FE89FD70D9C2B"
"03_往届冠军仓库快照\R076_github_asfsdsf_AscendC-S6\Logcumsumexp\cmake\util\makeself\README.md","22146","C12F14B92112511DE28B943EDDB8765D3D75D1AEDB23AA49442559C1BE273E4A"
"03_往届冠军仓库快照\R076_github_asfsdsf_AscendC-S6\Logcumsumexp\cmake\util\makeself\run-tests.sh","192","A9E7846C51870CA216D9620416C29F82466172876909E382CD7600215E766292"
"03_往届冠军仓库快照\R076_github_asfsdsf_AscendC-S6\Logcumsumexp\cmake\util\makeself\VERSION","7","6117CCF1F1DE058A9243D93A2A0FB0C13BFD3CD3D4DA8E8AAF3C85EABDBEF5B5"
"03_往届冠军仓库快照\R076_github_asfsdsf_AscendC-S6\Logcumsumexp\cmake\util\merge_aicpu_info_json.sh","1143","AEFF13DF06A408A231344AFDB046A914B0319D95C02547F93E5357B64CDA23EB"
"03_往届冠军仓库快照\R076_github_asfsdsf_AscendC-S6\Logcumsumexp\cmake\util\opdesc_parser.py","14595","E3CD4BFBCA992EF4E6DB4780D7189D0752540EFB385488E0B515A9C9CB9D0E49"
"03_往届冠军仓库快照\R076_github_asfsdsf_AscendC-S6\Logcumsumexp\cmake\util\parse_ini_to_json.py","13312","CCF322A57A84D0817C23D39E466056C57DE0627976DD0F101B65E03E75EA9585"
"03_往届冠军仓库快照\R076_github_asfsdsf_AscendC-S6\Logcumsumexp\cmake\util\preset_parse.py","861","23C46E652B4411E735E7A6C10EE262E0508C41799E60660E60B5028F317535CB"
"03_往届冠军仓库快照\R076_github_asfsdsf_AscendC-S6\Logcumsumexp\cmake\util\replay_codegen.py","4527","56F4EEA8AA8CEB6E44795AB8DC5785D3D1D608697385D190564399AC6DC56A18"
"03_往届冠军仓库快照\R076_github_asfsdsf_AscendC-S6\Logcumsumexp\cmake\util\replay_impl.temp","4207","E66480E82316EEC24DDA34890235F281D0631CF13FBEC631788E586CA7B7B458"
"03_往届冠军仓库快照\R076_github_asfsdsf_AscendC-S6\Logcumsumexp\cmake\util\tiling_data_def_build.py","4172","93089EA6995DE374AEDBDED2781A75C8F0D2501E691890F269A0E0454F9F55C8"
"03_往届冠军仓库快照\R076_github_asfsdsf_AscendC-S6\Logcumsumexp\CMakeLists.txt","3307","8547C357858A1960295565B1A794B41E2CB475D4DEE5113C26CB7348D6AEFB55"
"03_往届冠军仓库快照\R076_github_asfsdsf_AscendC-S6\Logcumsumexp\CMakePresets.json","2230","C85BE1D86C99C7B4FC819FA872B94C97B60F53BF567B179DF0D4B154B8DECED7"
"03_往届冠军仓库快照\R076_github_asfsdsf_AscendC-S6\Logcumsumexp\framework\CMakeLists.txt","396","2B9117B8865AB55A4C4018C86AD230F5C4AFDED78FBBEE939CB0385501C022B6"
"03_往届冠军仓库快照\R076_github_asfsdsf_AscendC-S6\Logcumsumexp\framework\tf_plugin\CMakeLists.txt","593","632568F858CE5D11D8405EC4C32E23A6403F184247953721C447DB5BF98057C9"
"03_往届冠军仓库快照\R076_github_asfsdsf_AscendC-S6\Logcumsumexp\framework\tf_plugin\tensorflow_logcumsumexp_plugin.cc","891","66582D4E4B99CF82C8742F17B440B99EA92708682E93C9EA5D5E3C376F721967"
"03_往届冠军仓库快照\R076_github_asfsdsf_AscendC-S6\Logcumsumexp\Logcumsumexp.json","728","DEF84CF0C2C092A82889E2ABBCDC93F34F56EC36334EDE266589821D91A42C05"
"03_往届冠军仓库快照\R076_github_asfsdsf_AscendC-S6\Logcumsumexp\op_host\CMakeLists.txt","6641","3F99E9B8934BF9C16722CC36EB95402AE05D12AE473A7F97F77F1ACA75121402"
"03_往届冠军仓库快照\R076_github_asfsdsf_AscendC-S6\Logcumsumexp\op_host\logcumsumexp_tiling.h","454","130DC6D3D499276B18431C657322CCE572F600544DC65FC50086B65D7332E623"
"03_往届冠军仓库快照\R076_github_asfsdsf_AscendC-S6\Logcumsumexp\op_host\logcumsumexp.cpp","4416","A4DB8AA0C51F4C82BDE99A092659D31909392D1265C59F5898342154158A296A"
"03_往届冠军仓库快照\R076_github_asfsdsf_AscendC-S6\Logcumsumexp\op_kernel\CMakeLists.txt","160","28DB4CC809D625D8A352D6078635873484A8D90CF5645711D0FD4FDC6AA6DA81"
"03_往届冠军仓库快照\R076_github_asfsdsf_AscendC-S6\Logcumsumexp\op_kernel\logcumsumexp.cpp","27082","5EE14230D49096885407BC16B50501CE72BCA6269DF85EF466F906098E43CF73"
"03_往届冠军仓库快照\R076_github_asfsdsf_AscendC-S6\Logcumsumexp\scripts\help.info","81","27067F1EC0A23A694AE80EC4A05BC68415A284FBAF509B1A9CC0234035C61E5B"
"03_往届冠军仓库快照\R076_github_asfsdsf_AscendC-S6\Logcumsumexp\scripts\install.sh","9881","02862BAF881E9EBFA0EB5F43BE11932391E2B1EDC1D6C1C508812B5410C04181"
"03_往届冠军仓库快照\R076_github_asfsdsf_AscendC-S6\Logcumsumexp\scripts\upgrade.sh","4151","DDF117CFD96BF93194F66A8C4C7A298A263254107D1EFAE8F2081F0626E4C1F7"
"03_往届冠军仓库快照\R076_github_asfsdsf_AscendC-S6\README.md","71","533D93332F91467DBBCBA87025D2E30E8965A77AD5A32C722116AD8642298FB6"
"03_往届冠军仓库快照\R077_github_Brown-Bert_S4\.git\config","295","DB584F691DAC39A75ECB8E1032C7A69C3FE6A5CBEE6F45F084B9BF72A470E5E1"
"03_往届冠军仓库快照\R077_github_Brown-Bert_S4\.git\description","73","85AB6C163D43A17EA9CF7788308BCA1466F1B0A8D1CC92E26E9BF63DA4062AEE"
"03_往届冠军仓库快照\R077_github_Brown-Bert_S4\.git\HEAD","21","28D25BF82AF4C0E2B72F50959B2BEB859E3E60B9630A5E8C603DAD4DDB2B6E80"
"03_往届冠军仓库快照\R077_github_Brown-Bert_S4\.git\hooks\applypatch-msg.sample","478","0223497A0B8B033AA58A3A521B8629869386CF7AB0E2F101963D328AA62193F7"
"03_往届冠军仓库快照\R077_github_Brown-Bert_S4\.git\hooks\commit-msg.sample","896","1F74D5E9292979B573EBD59741D46CB93FF391ACDD083D340B94370753D92437"
"03_往届冠军仓库快照\R077_github_Brown-Bert_S4\.git\hooks\fsmonitor-watchman.sample","4726","E0549964E93897B519BD8E333C037E51FFF0F88BA13E086A331592BF801FA1D0"
"03_往届冠军仓库快照\R077_github_Brown-Bert_S4\.git\hooks\post-update.sample","189","81765AF2DAEF323061DCBC5E61FC16481CB74B3BAC9AD8A174B186523586F6C5"
"03_往届冠军仓库快照\R077_github_Brown-Bert_S4\.git\hooks\pre-applypatch.sample","424","E15C5B469EA3E0A695BEA6F2C82BCF8E62821074939DDD85B77E0007FF165475"
"03_往届冠军仓库快照\R077_github_Brown-Bert_S4\.git\hooks\pre-commit.sample","1649","57185B7B9F05239D7AB52DB045F5B89EB31348D7B2177EAB214F5EB872E1971B"
"03_往届冠军仓库快照\R077_github_Brown-Bert_S4\.git\hooks\pre-merge-commit.sample","416","D3825A70337940EBBD0A5C072984E13245920CDF8898BD225C8D27A6DFC9CB53"
"03_往届冠军仓库快照\R077_github_Brown-Bert_S4\.git\hooks\pre-push.sample","1374","ECCE9C7E04D3F5DD9D8ADA81753DD1D549A9634B26770042B58DDA00217D086A"
"03_往届冠军仓库快照\R077_github_Brown-Bert_S4\.git\hooks\pre-rebase.sample","4898","4FEBCE867790052338076F4E66CC47EFB14879D18097D1D61C8261859EAAA7B3"
"03_往届冠军仓库快照\R077_github_Brown-Bert_S4\.git\hooks\pre-receive.sample","544","A4C3D2B9C7BB3FD8D1441C31BD4EE71A595D66B44FCF49DDB310252320169989"
"03_往届冠军仓库快照\R077_github_Brown-Bert_S4\.git\hooks\prepare-commit-msg.sample","1492","E9DDCAA4189FDDD25ED97FC8C789ECA7B6CA16390B2392AE3276F0C8E1AA4619"
"03_往届冠军仓库快照\R077_github_Brown-Bert_S4\.git\hooks\push-to-checkout.sample","2783","A53D0741798B287C6DD7AFA64AEE473F305E65D3F49463BB9D7408EC3B12BF5F"
"03_往届冠军仓库快照\R077_github_Brown-Bert_S4\.git\hooks\sendemail-validate.sample","2308","44EBFC923DC5466BC009602F0ECF067B9C65459ABFE8868DDC49B78E6CED7A92"
"03_往届冠军仓库快照\R077_github_Brown-Bert_S4\.git\hooks\update.sample","3650","8D5F2FA83E103CF08B57EAA67521DF9194F45CBDBCB37DA52AD586097A14D106"
"03_往届冠军仓库快照\R077_github_Brown-Bert_S4\.git\index","82150","5D78AB85A48C25C5B764E02C10CB21A360B073C468DD80530EE8E8673F6BE44A"
"03_往届冠军仓库快照\R077_github_Brown-Bert_S4\.git\info\exclude","240","6671FE83B7A07C8932EE89164D1F2793B2318058EB8B98DC5C06EE0A5A3B0EC1"
"03_往届冠军仓库快照\R077_github_Brown-Bert_S4\.git\logs\HEAD","180","DCAA56C11DACD50AAE31D2D2044366D22329ADCEFBEE86331094C1F2F49F17D1"
"03_往届冠军仓库快照\R077_github_Brown-Bert_S4\.git\logs\refs\heads\main","180","DCAA56C11DACD50AAE31D2D2044366D22329ADCEFBEE86331094C1F2F49F17D1"
"03_往届冠军仓库快照\R077_github_Brown-Bert_S4\.git\logs\refs\remotes\origin\HEAD","180","DCAA56C11DACD50AAE31D2D2044366D22329ADCEFBEE86331094C1F2F49F17D1"
"03_往届冠军仓库快照\R077_github_Brown-Bert_S4\.git\objects\pack\pack-1f7b07722290262384be3bfd215b7fd3c60a13e4.idx","12972","59DEE034C3CC2BB3336EAC263FCE928EAB1A380449D860B9DED367987EEFDFAE"
"03_往届冠军仓库快照\R077_github_Brown-Bert_S4\.git\objects\pack\pack-1f7b07722290262384be3bfd215b7fd3c60a13e4.pack","13914185","B8FE0A537134C4B7CBC30B928ABBADA082B322A24D2AB2ABEDD1D013A51491F4"
"03_往届冠军仓库快照\R077_github_Brown-Bert_S4\.git\objects\pack\pack-1f7b07722290262384be3bfd215b7fd3c60a13e4.rev","1752","69A133BD2FACF279EBDEC36C49885B326E22215AC52D1989D9D0FF1DF0BC978E"
"03_往届冠军仓库快照\R077_github_Brown-Bert_S4\.git\packed-refs","112","8B585BCC9D89525198630563F974094C0F4C855C64C72A7965A4BD61AF88ECE4"
"03_往届冠军仓库快照\R077_github_Brown-Bert_S4\.git\refs\heads\main","41","CDDD650764B72E9ED5A52E147A59E00A8680D7C0BBCF4D19389B91D7F638CD01"
"03_往届冠军仓库快照\R077_github_Brown-Bert_S4\.git\refs\remotes\origin\HEAD","30","2BB6A24AA0FC6C484100F5D51A29BBAD841CD2C755F5D93FAA204E5DBB4EB2B4"
"03_往届冠军仓库快照\R077_github_Brown-Bert_S4\Gather\common\pytorch_npu_helper.hpp","23645","0CEF79DA17674A0E68B56091BB4D26FA77806CE5B04E9CAE52079692821DA395"
"03_往届冠军仓库快照\R077_github_Brown-Bert_S4\Gather\extension\custom_op.cpp","1856","A0FF6A6B1D50638CA5AA9540F798A167C2DE648F45A3441E172F813553CF66B0"
"03_往届冠军仓库快照\R077_github_Brown-Bert_S4\Gather\run.sh","595","F548F64C10B84CE5C48C0DB9D064352E2C0BA784DF12FF457A446E9B0EB79AF3"
"03_往届冠军仓库快照\R077_github_Brown-Bert_S4\Gather\setup.py","790","6826B7E7D048502FFBA87282BA1DA669458DDDEF61C8B114BF988AC72F0C0DF6"
"03_往届冠军仓库快照\R077_github_Brown-Bert_S4\Gather\test_op.py","2926","E79D2737FA2916194F176B1FF7172930DEE76857D02AC45F94839BA91186D922"
"03_往届冠军仓库快照\R077_github_Brown-Bert_S4\Pows\common\pytorch_npu_helper.hpp","23645","0CEF79DA17674A0E68B56091BB4D26FA77806CE5B04E9CAE52079692821DA395"
"03_往届冠军仓库快照\R077_github_Brown-Bert_S4\Pows\extension\custom_op.cpp","1230","AD86C104B597DCA4C43325687E14B9BFF7847489587CDF5011C754AD98AEAA58"
"03_往届冠军仓库快照\R077_github_Brown-Bert_S4\Pows\run.sh","600","2481437B25BD793891DA1CC30F02C13A995C80BE84BD8B991F23FB3FC8A250F6"
"03_往届冠军仓库快照\R077_github_Brown-Bert_S4\Pows\setup.py","790","6826B7E7D048502FFBA87282BA1DA669458DDDEF61C8B114BF988AC72F0C0DF6"
"03_往届冠军仓库快照\R077_github_Brown-Bert_S4\Pows\test_op.py","2741","96C2D105E6AC474A9A3B1831387B1C3E034C3B80B1CDB7CA07D8EA659376AD84"
"03_往届冠军仓库快照\R077_github_Brown-Bert_S4\Reshape\common\pytorch_npu_helper.hpp","23645","0CEF79DA17674A0E68B56091BB4D26FA77806CE5B04E9CAE52079692821DA395"
"03_往届冠军仓库快照\R077_github_Brown-Bert_S4\Reshape\extension\custom_op.cpp","953","E305C223A8BB1B6CA74F9FBA5107207CA4BF81CAA71BBA9641BEBDE548D29ABA"
"03_往届冠军仓库快照\R077_github_Brown-Bert_S4\Reshape\run.sh","620","0AAD962803E5DB16C0526096696F89E630151B553D0CB63EE21D1E5F4632233F"
"03_往届冠军仓库快照\R077_github_Brown-Bert_S4\Reshape\setup.py","790","6826B7E7D048502FFBA87282BA1DA669458DDDEF61C8B114BF988AC72F0C0DF6"
"03_往届冠军仓库快照\R077_github_Brown-Bert_S4\Reshape\test_op.py","3216","C39871377F0DCF438A207262ED409D8A8E38B4B4BC2A4A486C4CD5AEDFD1F60A"
"03_往届冠军仓库快照\R077_github_Brown-Bert_S4\RmsNorm\common\pytorch_npu_helper.hpp","23645","0CEF79DA17674A0E68B56091BB4D26FA77806CE5B04E9CAE52079692821DA395"
"03_往届冠军仓库快照\R077_github_Brown-Bert_S4\RmsNorm\extension\custom_op.cpp","1824","9ADFBB68AB65F63715A18F4CC8E4820CE18753C43680E1C82B587627835396B2"
"03_往届冠军仓库快照\R077_github_Brown-Bert_S4\RmsNorm\run.sh","599","9B6519D93F68FB8676DAA53F003C72CA585FAF2751D5D9F14F50C7BE50631FEA"
"03_往届冠军仓库快照\R077_github_Brown-Bert_S4\RmsNorm\setup.py","790","6826B7E7D048502FFBA87282BA1DA669458DDDEF61C8B114BF988AC72F0C0DF6"
"03_往届冠军仓库快照\R077_github_Brown-Bert_S4\RmsNorm\test_op.py","3004","69F1ACCBA6BCB3C065F9E17B44A690C93555C3F9899CB7158795937168F47C77"
"03_往届冠军仓库快照\R077_github_Brown-Bert_S4\SelectV2\build\lib.linux-aarch64-cpython-39\custom_ops_lib.cpython-39-aarch64-linux-gnu.so","195160","2F0D7AE56436BBED9F55DBE776AFC2151F23B2E246414E4D29E0470A49E7CAFC"
"03_往届冠军仓库快照\R077_github_Brown-Bert_S4\SelectV2\build\temp.linux-aarch64-cpython-39\.ninja_deps","516876","D7FCAA4CA6970F79C27B7262F4F3CC7BAE1B201A7A386360DB555D715CE344CB"
"03_往届冠军仓库快照\R077_github_Brown-Bert_S4\SelectV2\build\temp.linux-aarch64-cpython-39\.ninja_log","337","D7E84EB065A2DFB694B9857F3F5FC51C454D7FA7970A4C5FC99CF8B472DA6443"
"03_往届冠军仓库快照\R077_github_Brown-Bert_S4\SelectV2\build\temp.linux-aarch64-cpython-39\build.ninja","1604","4553A8FDFF5B2076AA3DE902450BD12B2E4AA85C8D8B359FDF55B637A3A67460"
"03_往届冠军仓库快照\R077_github_Brown-Bert_S4\SelectV2\build\temp.linux-aarch64-cpython-39\extension\custom_op.o","329048","E6F2EAE6080DD1EC5D19C978CACC3190DB56F797431661493B6083BE37528803"
"03_往届冠军仓库快照\R077_github_Brown-Bert_S4\SelectV2\common\pytorch_npu_helper.hpp","23645","0CEF79DA17674A0E68B56091BB4D26FA77806CE5B04E9CAE52079692821DA395"
"03_往届冠军仓库快照\R077_github_Brown-Bert_S4\SelectV2\custom_ops.egg-info\dependency_links.txt","2","7EB70257593DA06F682A3DDDA54A9D260D4FC514F645237F5CA74B08F8DA61A6"
"03_往届冠军仓库快照\R077_github_Brown-Bert_S4\SelectV2\custom_ops.egg-info\PKG-INFO","77","4DB7F0E956C7E79ADC2CAC4BCB0FDAF6F424AF935F56FC9DD34E9CF16BC99E7F"
"03_往届冠军仓库快照\R077_github_Brown-Bert_S4\SelectV2\custom_ops.egg-info\SOURCES.txt","175","10720EEEB72A42D58768E07DB2F90FD20B8ECFCA52EF1E5825CA96B2DD0D587B"
"03_往届冠军仓库快照\R077_github_Brown-Bert_S4\SelectV2\custom_ops.egg-info\top_level.txt","16","DB49DD119DFCD0ABAB02C7B3D06102309283645F37FFA4309B3F15B340D1AFE1"
"03_往届冠军仓库快照\R077_github_Brown-Bert_S4\SelectV2\dist\custom_ops-1.0-cp39-cp39-linux_aarch64.whl","77025","F281CB9A72F945261C6203942790B3CA7A7E1C4B721EC06D5E5DA454EB73FE8F"
"03_往届冠军仓库快照\R077_github_Brown-Bert_S4\SelectV2\extension\custom_op.cpp","1297","D8ECF45A2C7EEB6B8F3DD5E15D808E4FFB2C829B427ED2B2775ADEA2664FF74B"
"03_往届冠军仓库快照\R077_github_Brown-Bert_S4\SelectV2\extra-info\data-dump\0\exception_info.1.1.20250304171241159","213827","0995A4687921C1A9438532BEE348F567FA143119DFC3171CC513D50083B017CD"
"03_往届冠军仓库快照\R077_github_Brown-Bert_S4\SelectV2\extra-info\data-dump\0\exception_info.1.1.20250304171754143","213827","2410F4807A0AE1817C64D0CB4886C53743F3BFADB9A7B7D4A50969B043F72D85"
"03_往届冠军仓库快照\R077_github_Brown-Bert_S4\SelectV2\extra-info\data-dump\0\exception_info.1.1.20250304172224335","213827","A556107E324F5B075AE72C943D658F20F5919796A7222CCA8A2D853AE521DE15"
"03_往届冠军仓库快照\R077_github_Brown-Bert_S4\SelectV2\extra-info\data-dump\0\exception_info.1.1.20250304173005153","213827","96E726B6C7B81A81D864B030E848B5DCA7A9AA4DCA6663F74C2EF28CEA87608F"
"03_往届冠军仓库快照\R077_github_Brown-Bert_S4\SelectV2\extra-info\data-dump\0\exception_info.1.1.20250304173427102","213827","3C285BE88E807E1CDF88907356BB251AF743FB75393948847B678EFC5F8AC99E"
"03_往届冠军仓库快照\R077_github_Brown-Bert_S4\SelectV2\extra-info\data-dump\0\exception_info.1.1.20250304173953315","213827","CA8EC560F6D22263B7A84424CE6D02E058452650D4D33D8ACC118E23C13F3E0E"
"03_往届冠军仓库快照\R077_github_Brown-Bert_S4\SelectV2\extra-info\data-dump\0\exception_info.1.1.20250304175234247","213827","F25AD76E07C022615422966A83AE9254CF816425E1AE1527A258BDB1FA7EEB76"
"03_往届冠军仓库快照\R077_github_Brown-Bert_S4\SelectV2\extra-info\data-dump\0\exception_info.1.1.20250304201043478","213827","EE61A3DA912780B64795EE581701F31245BC464151ECE1541D4575790D1D2B93"
"03_往届冠军仓库快照\R077_github_Brown-Bert_S4\SelectV2\extra-info\data-dump\0\exception_info.1.1.20250304201530425","213827","2249043987A4BDE5115A1DFF9B216EF0D1CBABB1237D1E1ED14EB44CE55A1EF8"
"03_往届冠军仓库快照\R077_github_Brown-Bert_S4\SelectV2\extra-info\data-dump\0\exception_info.1.1.20250304202245172","213827","47949148E84E69D387F35F4734643349F9785017601E5B85CCBC80D827C0919F"
"03_往届冠军仓库快照\R077_github_Brown-Bert_S4\SelectV2\extra-info\data-dump\0\exception_info.1.1.20250304203144070","107329","2C30D43737AEEA1701893F5087B016DDDE9B5DFB589E8F235E208E8116222D09"
"03_往届冠军仓库快照\R077_github_Brown-Bert_S4\SelectV2\extra-info\data-dump\0\exception_info.1.1.20250304203829992","78857234","EBED05FAE6B1493ABEFCABD70EBC1AD0C5E0E2ED3F444C3A10B77F9751027A46"
"03_往届冠军仓库快照\R077_github_Brown-Bert_S4\SelectV2\extra-info\data-dump\0\exception_info.1.1.20250304204437973","213827","73D8E28E3A0965C07965D98CD5DEDAB96F8620999715A48BE0D4AE84A2C531BD"
"03_往届冠军仓库快照\R077_github_Brown-Bert_S4\SelectV2\extra-info\data-dump\0\exception_info.1.1.20250304204847707","213827","6C276B74F01817F8F801688B8A5C402BF4EB3BECFBF3CC9CAF8AABD48310990F"
"03_往届冠军仓库快照\R077_github_Brown-Bert_S4\SelectV2\extra-info\data-dump\0\exception_info.1.1.20250304215251912","78857234","1F42ACB3596C7810555070ECE30AE4FF6A3F683488BC1290AC3B5A37458C9F60"
"03_往届冠军仓库快照\R077_github_Brown-Bert_S4\SelectV2\extra-info\data-dump\0\exception_info.1.1.20250304215902159","78857234","8EC9778A590F7C030A0869B06F877332E181E4DFD1AD6D20DC4B5978263F75E4"
"03_往届冠军仓库快照\R077_github_Brown-Bert_S4\SelectV2\extra-info\data-dump\0\exception_info.1.1.20250304220444297","78709778","9A2B08F4E3437214B65256A580F1BC8F6F6C3B21783347C247239FD000D06A0D"
"03_往届冠军仓库快照\R077_github_Brown-Bert_S4\SelectV2\extra-info\data-dump\0\exception_info.1.1.20250304221007648","78709778","86FB870113E8867CD5BB02E28250398B7E46E294C4ECDCE6DCBDCB08D479C550"
"03_往届冠军仓库快照\R077_github_Brown-Bert_S4\SelectV2\extra-info\data-dump\0\SelectV2_3335dc1bf7986928dfc66edf6d56207f_0_host.o","10208","3603566EC441F1D2260BC07C3B7B89BB413EA5A05BE5641C56497DFB5855419A"
"03_往届冠军仓库快照\R077_github_Brown-Bert_S4\SelectV2\extra-info\data-dump\0\SelectV2_68a276f5c96d7263ca762de43eb1e6f5_0_host.o","10512","6D042A33C42C5130A053F7019DDB8AB8647E30A6CD1B320B821E3CE3FD650A64"
"03_往届冠军仓库快照\R077_github_Brown-Bert_S4\SelectV2\extra-info\data-dump\0\SelectV2_fa3043be82c9257012ea8f3ac5b72029_0_host.o","5560","3CA4B4C9D9C319743C9611A3965DBA0055CDD9F8804B8A4FD171433E06E74C49"
"03_往届冠军仓库快照\R077_github_Brown-Bert_S4\SelectV2\fusion_result.json","4","74234E98AFE7498FB5DAF1F36AC2D78ACC339464F950703B8C019892F982B90B"
"03_往届冠军仓库快照\R077_github_Brown-Bert_S4\SelectV2\kernel_meta\kernel_meta_temp_11357709549541163010\105898_106043_bt.log","0","E3B0C44298FC1C149AFBF4C8996FB92427AE41E4649B934CA495991B7852B855"
"03_往届冠军仓库快照\R077_github_Brown-Bert_S4\SelectV2\kernel_meta\kernel_meta_temp_11357709549541163010\105898_106044_bt.log","0","E3B0C44298FC1C149AFBF4C8996FB92427AE41E4649B934CA495991B7852B855"
"03_往届冠军仓库快照\R077_github_Brown-Bert_S4\SelectV2\kernel_meta\kernel_meta_temp_11357709549541163010\105898_106045_bt.log","0","E3B0C44298FC1C149AFBF4C8996FB92427AE41E4649B934CA495991B7852B855"
"03_往届冠军仓库快照\R077_github_Brown-Bert_S4\SelectV2\kernel_meta\kernel_meta_temp_11357709549541163010\105898_106046_bt.log","0","E3B0C44298FC1C149AFBF4C8996FB92427AE41E4649B934CA495991B7852B855"
"03_往届冠军仓库快照\R077_github_Brown-Bert_S4\SelectV2\kernel_meta\kernel_meta_temp_11357709549541163010\105898_106047_bt.log","0","E3B0C44298FC1C149AFBF4C8996FB92427AE41E4649B934CA495991B7852B855"
"03_往届冠军仓库快照\R077_github_Brown-Bert_S4\SelectV2\kernel_meta\kernel_meta_temp_11357709549541163010\105898_106048_bt.log","0","E3B0C44298FC1C149AFBF4C8996FB92427AE41E4649B934CA495991B7852B855"
"03_往届冠军仓库快照\R077_github_Brown-Bert_S4\SelectV2\kernel_meta\kernel_meta_temp_11357709549541163010\105898_106049_bt.log","0","E3B0C44298FC1C149AFBF4C8996FB92427AE41E4649B934CA495991B7852B855"
"03_往届冠军仓库快照\R077_github_Brown-Bert_S4\SelectV2\kernel_meta\kernel_meta_temp_11357709549541163010\105898_106050_bt.log","0","E3B0C44298FC1C149AFBF4C8996FB92427AE41E4649B934CA495991B7852B855"
"03_往届冠军仓库快照\R077_github_Brown-Bert_S4\SelectV2\kernel_meta\kernel_meta_temp_11729913941266291424\104297_104445_bt.log","0","E3B0C44298FC1C149AFBF4C8996FB92427AE41E4649B934CA495991B7852B855"
"03_往届冠军仓库快照\R077_github_Brown-Bert_S4\SelectV2\kernel_meta\kernel_meta_temp_11729913941266291424\104297_104446_bt.log","0","E3B0C44298FC1C149AFBF4C8996FB92427AE41E4649B934CA495991B7852B855"
"03_往届冠军仓库快照\R077_github_Brown-Bert_S4\SelectV2\kernel_meta\kernel_meta_temp_11729913941266291424\104297_104447_bt.log","0","E3B0C44298FC1C149AFBF4C8996FB92427AE41E4649B934CA495991B7852B855"
"03_往届冠军仓库快照\R077_github_Brown-Bert_S4\SelectV2\kernel_meta\kernel_meta_temp_11729913941266291424\104297_104448_bt.log","0","E3B0C44298FC1C149AFBF4C8996FB92427AE41E4649B934CA495991B7852B855"
"03_往届冠军仓库快照\R077_github_Brown-Bert_S4\SelectV2\kernel_meta\kernel_meta_temp_11729913941266291424\104297_104449_bt.log","0","E3B0C44298FC1C149AFBF4C8996FB92427AE41E4649B934CA495991B7852B855"
"03_往届冠军仓库快照\R077_github_Brown-Bert_S4\SelectV2\kernel_meta\kernel_meta_temp_11729913941266291424\104297_104450_bt.log","0","E3B0C44298FC1C149AFBF4C8996FB92427AE41E4649B934CA495991B7852B855"
"03_往届冠军仓库快照\R077_github_Brown-Bert_S4\SelectV2\kernel_meta\kernel_meta_temp_11729913941266291424\104297_104451_bt.log","0","E3B0C44298FC1C149AFBF4C8996FB92427AE41E4649B934CA495991B7852B855"
"03_往届冠军仓库快照\R077_github_Brown-Bert_S4\SelectV2\kernel_meta\kernel_meta_temp_11729913941266291424\104297_104452_bt.log","0","E3B0C44298FC1C149AFBF4C8996FB92427AE41E4649B934CA495991B7852B855"
"03_往届冠军仓库快照\R077_github_Brown-Bert_S4\SelectV2\kernel_meta\kernel_meta_temp_12484884715752144541\125930_126065_bt.log","0","E3B0C44298FC1C149AFBF4C8996FB92427AE41E4649B934CA495991B7852B855"
"03_往届冠军仓库快照\R077_github_Brown-Bert_S4\SelectV2\kernel_meta\kernel_meta_temp_12484884715752144541\125930_126066_bt.log","0","E3B0C44298FC1C149AFBF4C8996FB92427AE41E4649B934CA495991B7852B855"
"03_往届冠军仓库快照\R077_github_Brown-Bert_S4\SelectV2\kernel_meta\kernel_meta_temp_12484884715752144541\125930_126067_bt.log","0","E3B0C44298FC1C149AFBF4C8996FB92427AE41E4649B934CA495991B7852B855"
"03_往届冠军仓库快照\R077_github_Brown-Bert_S4\SelectV2\kernel_meta\kernel_meta_temp_12484884715752144541\125930_126068_bt.log","0","E3B0C44298FC1C149AFBF4C8996FB92427AE41E4649B934CA495991B7852B855"
"03_往届冠军仓库快照\R077_github_Brown-Bert_S4\SelectV2\kernel_meta\kernel_meta_temp_12484884715752144541\125930_126069_bt.log","0","E3B0C44298FC1C149AFBF4C8996FB92427AE41E4649B934CA495991B7852B855"
"03_往届冠军仓库快照\R077_github_Brown-Bert_S4\SelectV2\kernel_meta\kernel_meta_temp_12484884715752144541\125930_126070_bt.log","0","E3B0C44298FC1C149AFBF4C8996FB92427AE41E4649B934CA495991B7852B855"
"03_往届冠军仓库快照\R077_github_Brown-Bert_S4\SelectV2\kernel_meta\kernel_meta_temp_12484884715752144541\125930_126071_bt.log","0","E3B0C44298FC1C149AFBF4C8996FB92427AE41E4649B934CA495991B7852B855"
"03_往届冠军仓库快照\R077_github_Brown-Bert_S4\SelectV2\kernel_meta\kernel_meta_temp_12484884715752144541\125930_126072_bt.log","0","E3B0C44298FC1C149AFBF4C8996FB92427AE41E4649B934CA495991B7852B855"
"03_往届冠军仓库快照\R077_github_Brown-Bert_S4\SelectV2\kernel_meta\kernel_meta_temp_13290999534452812364\85311_85451_bt.log","0","E3B0C44298FC1C149AFBF4C8996FB92427AE41E4649B934CA495991B7852B855"
"03_往届冠军仓库快照\R077_github_Brown-Bert_S4\SelectV2\kernel_meta\kernel_meta_temp_13290999534452812364\85311_85452_bt.log","0","E3B0C44298FC1C149AFBF4C8996FB92427AE41E4649B934CA495991B7852B855"
"03_往届冠军仓库快照\R077_github_Brown-Bert_S4\SelectV2\kernel_meta\kernel_meta_temp_13290999534452812364\85311_85453_bt.log","0","E3B0C44298FC1C149AFBF4C8996FB92427AE41E4649B934CA495991B7852B855"
"03_往届冠军仓库快照\R077_github_Brown-Bert_S4\SelectV2\kernel_meta\kernel_meta_temp_13290999534452812364\85311_85454_bt.log","0","E3B0C44298FC1C149AFBF4C8996FB92427AE41E4649B934CA495991B7852B855"
"03_往届冠军仓库快照\R077_github_Brown-Bert_S4\SelectV2\kernel_meta\kernel_meta_temp_13290999534452812364\85311_85455_bt.log","0","E3B0C44298FC1C149AFBF4C8996FB92427AE41E4649B934CA495991B7852B855"
"03_往届冠军仓库快照\R077_github_Brown-Bert_S4\SelectV2\kernel_meta\kernel_meta_temp_13290999534452812364\85311_85456_bt.log","0","E3B0C44298FC1C149AFBF4C8996FB92427AE41E4649B934CA495991B7852B855"
"03_往届冠军仓库快照\R077_github_Brown-Bert_S4\SelectV2\kernel_meta\kernel_meta_temp_13290999534452812364\85311_85457_bt.log","0","E3B0C44298FC1C149AFBF4C8996FB92427AE41E4649B934CA495991B7852B855"
"03_往届冠军仓库快照\R077_github_Brown-Bert_S4\SelectV2\kernel_meta\kernel_meta_temp_13290999534452812364\85311_85458_bt.log","0","E3B0C44298FC1C149AFBF4C8996FB92427AE41E4649B934CA495991B7852B855"
"03_往届冠军仓库快照\R077_github_Brown-Bert_S4\SelectV2\kernel_meta\kernel_meta_temp_13752068971144344471\107513_107843_bt.log","0","E3B0C44298FC1C149AFBF4C8996FB92427AE41E4649B934CA495991B7852B855"
"03_往届冠军仓库快照\R077_github_Brown-Bert_S4\SelectV2\kernel_meta\kernel_meta_temp_13752068971144344471\107513_107844_bt.log","0","E3B0C44298FC1C149AFBF4C8996FB92427AE41E4649B934CA495991B7852B855"
"03_往届冠军仓库快照\R077_github_Brown-Bert_S4\SelectV2\kernel_meta\kernel_meta_temp_13752068971144344471\107513_107845_bt.log","0","E3B0C44298FC1C149AFBF4C8996FB92427AE41E4649B934CA495991B7852B855"
"03_往届冠军仓库快照\R077_github_Brown-Bert_S4\SelectV2\kernel_meta\kernel_meta_temp_13752068971144344471\107513_107846_bt.log","0","E3B0C44298FC1C149AFBF4C8996FB92427AE41E4649B934CA495991B7852B855"
"03_往届冠军仓库快照\R077_github_Brown-Bert_S4\SelectV2\kernel_meta\kernel_meta_temp_13752068971144344471\107513_107847_bt.log","0","E3B0C44298FC1C149AFBF4C8996FB92427AE41E4649B934CA495991B7852B855"
"03_往届冠军仓库快照\R077_github_Brown-Bert_S4\SelectV2\kernel_meta\kernel_meta_temp_13752068971144344471\107513_107848_bt.log","0","E3B0C44298FC1C149AFBF4C8996FB92427AE41E4649B934CA495991B7852B855"
"03_往届冠军仓库快照\R077_github_Brown-Bert_S4\SelectV2\kernel_meta\kernel_meta_temp_13752068971144344471\107513_107849_bt.log","0","E3B0C44298FC1C149AFBF4C8996FB92427AE41E4649B934CA495991B7852B855"
"03_往届冠军仓库快照\R077_github_Brown-Bert_S4\SelectV2\kernel_meta\kernel_meta_temp_13752068971144344471\107513_107850_bt.log","0","E3B0C44298FC1C149AFBF4C8996FB92427AE41E4649B934CA495991B7852B855"
"03_往届冠军仓库快照\R077_github_Brown-Bert_S4\SelectV2\kernel_meta\kernel_meta_temp_16777523204856832867\81953_82102_bt.log","0","E3B0C44298FC1C149AFBF4C8996FB92427AE41E4649B934CA495991B7852B855"
"03_往届冠军仓库快照\R077_github_Brown-Bert_S4\SelectV2\kernel_meta\kernel_meta_temp_16777523204856832867\81953_82103_bt.log","0","E3B0C44298FC1C149AFBF4C8996FB92427AE41E4649B934CA495991B7852B855"
"03_往届冠军仓库快照\R077_github_Brown-Bert_S4\SelectV2\kernel_meta\kernel_meta_temp_16777523204856832867\81953_82104_bt.log","0","E3B0C44298FC1C149AFBF4C8996FB92427AE41E4649B934CA495991B7852B855"
"03_往届冠军仓库快照\R077_github_Brown-Bert_S4\SelectV2\kernel_meta\kernel_meta_temp_16777523204856832867\81953_82105_bt.log","0","E3B0C44298FC1C149AFBF4C8996FB92427AE41E4649B934CA495991B7852B855"
"03_往届冠军仓库快照\R077_github_Brown-Bert_S4\SelectV2\kernel_meta\kernel_meta_temp_16777523204856832867\81953_82106_bt.log","0","E3B0C44298FC1C149AFBF4C8996FB92427AE41E4649B934CA495991B7852B855"
"03_往届冠军仓库快照\R077_github_Brown-Bert_S4\SelectV2\kernel_meta\kernel_meta_temp_16777523204856832867\81953_82107_bt.log","0","E3B0C44298FC1C149AFBF4C8996FB92427AE41E4649B934CA495991B7852B855"
"03_往届冠军仓库快照\R077_github_Brown-Bert_S4\SelectV2\kernel_meta\kernel_meta_temp_16777523204856832867\81953_82108_bt.log","0","E3B0C44298FC1C149AFBF4C8996FB92427AE41E4649B934CA495991B7852B855"
"03_往届冠军仓库快照\R077_github_Brown-Bert_S4\SelectV2\kernel_meta\kernel_meta_temp_16777523204856832867\81953_82109_bt.log","0","E3B0C44298FC1C149AFBF4C8996FB92427AE41E4649B934CA495991B7852B855"
"03_往届冠军仓库快照\R077_github_Brown-Bert_S4\SelectV2\kernel_meta\kernel_meta_temp_17524263567848940274\129331_129472_bt.log","0","E3B0C44298FC1C149AFBF4C8996FB92427AE41E4649B934CA495991B7852B855"
"03_往届冠军仓库快照\R077_github_Brown-Bert_S4\SelectV2\kernel_meta\kernel_meta_temp_17524263567848940274\129331_129473_bt.log","0","E3B0C44298FC1C149AFBF4C8996FB92427AE41E4649B934CA495991B7852B855"
"03_往届冠军仓库快照\R077_github_Brown-Bert_S4\SelectV2\kernel_meta\kernel_meta_temp_17524263567848940274\129331_129474_bt.log","0","E3B0C44298FC1C149AFBF4C8996FB92427AE41E4649B934CA495991B7852B855"
"03_往届冠军仓库快照\R077_github_Brown-Bert_S4\SelectV2\kernel_meta\kernel_meta_temp_17524263567848940274\129331_129475_bt.log","0","E3B0C44298FC1C149AFBF4C8996FB92427AE41E4649B934CA495991B7852B855"
"03_往届冠军仓库快照\R077_github_Brown-Bert_S4\SelectV2\kernel_meta\kernel_meta_temp_17524263567848940274\129331_129476_bt.log","0","E3B0C44298FC1C149AFBF4C8996FB92427AE41E4649B934CA495991B7852B855"
"03_往届冠军仓库快照\R077_github_Brown-Bert_S4\SelectV2\kernel_meta\kernel_meta_temp_17524263567848940274\129331_129477_bt.log","0","E3B0C44298FC1C149AFBF4C8996FB92427AE41E4649B934CA495991B7852B855"
"03_往届冠军仓库快照\R077_github_Brown-Bert_S4\SelectV2\kernel_meta\kernel_meta_temp_17524263567848940274\129331_129478_bt.log","0","E3B0C44298FC1C149AFBF4C8996FB92427AE41E4649B934CA495991B7852B855"
"03_往届冠军仓库快照\R077_github_Brown-Bert_S4\SelectV2\kernel_meta\kernel_meta_temp_17524263567848940274\129331_129479_bt.log","0","E3B0C44298FC1C149AFBF4C8996FB92427AE41E4649B934CA495991B7852B855"
"03_往届冠军仓库快照\R077_github_Brown-Bert_S4\SelectV2\kernel_meta\kernel_meta_temp_18399298112784176577\78394_78534_bt.log","0","E3B0C44298FC1C149AFBF4C8996FB92427AE41E4649B934CA495991B7852B855"
"03_往届冠军仓库快照\R077_github_Brown-Bert_S4\SelectV2\kernel_meta\kernel_meta_temp_18399298112784176577\78394_78535_bt.log","0","E3B0C44298FC1C149AFBF4C8996FB92427AE41E4649B934CA495991B7852B855"
"03_往届冠军仓库快照\R077_github_Brown-Bert_S4\SelectV2\kernel_meta\kernel_meta_temp_18399298112784176577\78394_78536_bt.log","0","E3B0C44298FC1C149AFBF4C8996FB92427AE41E4649B934CA495991B7852B855"
"03_往届冠军仓库快照\R077_github_Brown-Bert_S4\SelectV2\kernel_meta\kernel_meta_temp_18399298112784176577\78394_78537_bt.log","0","E3B0C44298FC1C149AFBF4C8996FB92427AE41E4649B934CA495991B7852B855"
"03_往届冠军仓库快照\R077_github_Brown-Bert_S4\SelectV2\kernel_meta\kernel_meta_temp_18399298112784176577\78394_78538_bt.log","0","E3B0C44298FC1C149AFBF4C8996FB92427AE41E4649B934CA495991B7852B855"
"03_往届冠军仓库快照\R077_github_Brown-Bert_S4\SelectV2\kernel_meta\kernel_meta_temp_18399298112784176577\78394_78539_bt.log","0","E3B0C44298FC1C149AFBF4C8996FB92427AE41E4649B934CA495991B7852B855"
"03_往届冠军仓库快照\R077_github_Brown-Bert_S4\SelectV2\kernel_meta\kernel_meta_temp_18399298112784176577\78394_78540_bt.log","0","E3B0C44298FC1C149AFBF4C8996FB92427AE41E4649B934CA495991B7852B855"
"03_往届冠军仓库快照\R077_github_Brown-Bert_S4\SelectV2\kernel_meta\kernel_meta_temp_18399298112784176577\78394_78541_bt.log","0","E3B0C44298FC1C149AFBF4C8996FB92427AE41E4649B934CA495991B7852B855"
"03_往届冠军仓库快照\R077_github_Brown-Bert_S4\SelectV2\kernel_meta\kernel_meta_temp_2321838062084960893\90315_90449_bt.log","0","E3B0C44298FC1C149AFBF4C8996FB92427AE41E4649B934CA495991B7852B855"
"03_往届冠军仓库快照\R077_github_Brown-Bert_S4\SelectV2\kernel_meta\kernel_meta_temp_2321838062084960893\90315_90450_bt.log","0","E3B0C44298FC1C149AFBF4C8996FB92427AE41E4649B934CA495991B7852B855"
"03_往届冠军仓库快照\R077_github_Brown-Bert_S4\SelectV2\kernel_meta\kernel_meta_temp_2321838062084960893\90315_90451_bt.log","0","E3B0C44298FC1C149AFBF4C8996FB92427AE41E4649B934CA495991B7852B855"
"03_往届冠军仓库快照\R077_github_Brown-Bert_S4\SelectV2\kernel_meta\kernel_meta_temp_2321838062084960893\90315_90452_bt.log","0","E3B0C44298FC1C149AFBF4C8996FB92427AE41E4649B934CA495991B7852B855"
"03_往届冠军仓库快照\R077_github_Brown-Bert_S4\SelectV2\kernel_meta\kernel_meta_temp_2321838062084960893\90315_90453_bt.log","0","E3B0C44298FC1C149AFBF4C8996FB92427AE41E4649B934CA495991B7852B855"
"03_往届冠军仓库快照\R077_github_Brown-Bert_S4\SelectV2\kernel_meta\kernel_meta_temp_2321838062084960893\90315_90454_bt.log","0","E3B0C44298FC1C149AFBF4C8996FB92427AE41E4649B934CA495991B7852B855"
"03_往届冠军仓库快照\R077_github_Brown-Bert_S4\SelectV2\kernel_meta\kernel_meta_temp_2321838062084960893\90315_90455_bt.log","0","E3B0C44298FC1C149AFBF4C8996FB92427AE41E4649B934CA495991B7852B855"
"03_往届冠军仓库快照\R077_github_Brown-Bert_S4\SelectV2\kernel_meta\kernel_meta_temp_2321838062084960893\90315_90456_bt.log","0","E3B0C44298FC1C149AFBF4C8996FB92427AE41E4649B934CA495991B7852B855"
"03_往届冠军仓库快照\R077_github_Brown-Bert_S4\SelectV2\kernel_meta\kernel_meta_temp_2985724717377881878\127440_127588_bt.log","0","E3B0C44298FC1C149AFBF4C8996FB92427AE41E4649B934CA495991B7852B855"
"03_往届冠军仓库快照\R077_github_Brown-Bert_S4\SelectV2\kernel_meta\kernel_meta_temp_2985724717377881878\127440_127589_bt.log","0","E3B0C44298FC1C149AFBF4C8996FB92427AE41E4649B934CA495991B7852B855"
"03_往届冠军仓库快照\R077_github_Brown-Bert_S4\SelectV2\kernel_meta\kernel_meta_temp_2985724717377881878\127440_127590_bt.log","0","E3B0C44298FC1C149AFBF4C8996FB92427AE41E4649B934CA495991B7852B855"
"03_往届冠军仓库快照\R077_github_Brown-Bert_S4\SelectV2\kernel_meta\kernel_meta_temp_2985724717377881878\127440_127591_bt.log","0","E3B0C44298FC1C149AFBF4C8996FB92427AE41E4649B934CA495991B7852B855"
"03_往届冠军仓库快照\R077_github_Brown-Bert_S4\SelectV2\kernel_meta\kernel_meta_temp_2985724717377881878\127440_127592_bt.log","0","E3B0C44298FC1C149AFBF4C8996FB92427AE41E4649B934CA495991B7852B855"
"03_往届冠军仓库快照\R077_github_Brown-Bert_S4\SelectV2\kernel_meta\kernel_meta_temp_2985724717377881878\127440_127593_bt.log","0","E3B0C44298FC1C149AFBF4C8996FB92427AE41E4649B934CA495991B7852B855"
"03_往届冠军仓库快照\R077_github_Brown-Bert_S4\SelectV2\kernel_meta\kernel_meta_temp_2985724717377881878\127440_127594_bt.log","0","E3B0C44298FC1C149AFBF4C8996FB92427AE41E4649B934CA495991B7852B855"
"03_往届冠军仓库快照\R077_github_Brown-Bert_S4\SelectV2\kernel_meta\kernel_meta_temp_2985724717377881878\127440_127595_bt.log","0","E3B0C44298FC1C149AFBF4C8996FB92427AE41E4649B934CA495991B7852B855"
"03_往届冠军仓库快照\R077_github_Brown-Bert_S4\SelectV2\kernel_meta\kernel_meta_temp_3071400860216103727\94479_94636_bt.log","0","E3B0C44298FC1C149AFBF4C8996FB92427AE41E4649B934CA495991B7852B855"
"03_往届冠军仓库快照\R077_github_Brown-Bert_S4\SelectV2\kernel_meta\kernel_meta_temp_3071400860216103727\94479_94637_bt.log","0","E3B0C44298FC1C149AFBF4C8996FB92427AE41E4649B934CA495991B7852B855"
"03_往届冠军仓库快照\R077_github_Brown-Bert_S4\SelectV2\kernel_meta\kernel_meta_temp_3071400860216103727\94479_94638_bt.log","0","E3B0C44298FC1C149AFBF4C8996FB92427AE41E4649B934CA495991B7852B855"
"03_往届冠军仓库快照\R077_github_Brown-Bert_S4\SelectV2\kernel_meta\kernel_meta_temp_3071400860216103727\94479_94639_bt.log","0","E3B0C44298FC1C149AFBF4C8996FB92427AE41E4649B934CA495991B7852B855"
"03_往届冠军仓库快照\R077_github_Brown-Bert_S4\SelectV2\kernel_meta\kernel_meta_temp_3071400860216103727\94479_94640_bt.log","0","E3B0C44298FC1C149AFBF4C8996FB92427AE41E4649B934CA495991B7852B855"
"03_往届冠军仓库快照\R077_github_Brown-Bert_S4\SelectV2\kernel_meta\kernel_meta_temp_3071400860216103727\94479_94641_bt.log","0","E3B0C44298FC1C149AFBF4C8996FB92427AE41E4649B934CA495991B7852B855"
"03_往届冠军仓库快照\R077_github_Brown-Bert_S4\SelectV2\kernel_meta\kernel_meta_temp_3071400860216103727\94479_94642_bt.log","0","E3B0C44298FC1C149AFBF4C8996FB92427AE41E4649B934CA495991B7852B855"
"03_往届冠军仓库快照\R077_github_Brown-Bert_S4\SelectV2\kernel_meta\kernel_meta_temp_3071400860216103727\94479_94643_bt.log","0","E3B0C44298FC1C149AFBF4C8996FB92427AE41E4649B934CA495991B7852B855"
"03_往届冠军仓库快照\R077_github_Brown-Bert_S4\SelectV2\kernel_meta\kernel_meta_temp_3156817495973209426\96119_96264_bt.log","0","E3B0C44298FC1C149AFBF4C8996FB92427AE41E4649B934CA495991B7852B855"
"03_往届冠军仓库快照\R077_github_Brown-Bert_S4\SelectV2\kernel_meta\kernel_meta_temp_3156817495973209426\96119_96265_bt.log","0","E3B0C44298FC1C149AFBF4C8996FB92427AE41E4649B934CA495991B7852B855"
"03_往届冠军仓库快照\R077_github_Brown-Bert_S4\SelectV2\kernel_meta\kernel_meta_temp_3156817495973209426\96119_96266_bt.log","0","E3B0C44298FC1C149AFBF4C8996FB92427AE41E4649B934CA495991B7852B855"
"03_往届冠军仓库快照\R077_github_Brown-Bert_S4\SelectV2\kernel_meta\kernel_meta_temp_3156817495973209426\96119_96267_bt.log","0","E3B0C44298FC1C149AFBF4C8996FB92427AE41E4649B934CA495991B7852B855"
"03_往届冠军仓库快照\R077_github_Brown-Bert_S4\SelectV2\kernel_meta\kernel_meta_temp_3156817495973209426\96119_96268_bt.log","0","E3B0C44298FC1C149AFBF4C8996FB92427AE41E4649B934CA495991B7852B855"
"03_往届冠军仓库快照\R077_github_Brown-Bert_S4\SelectV2\kernel_meta\kernel_meta_temp_3156817495973209426\96119_96269_bt.log","0","E3B0C44298FC1C149AFBF4C8996FB92427AE41E4649B934CA495991B7852B855"
"03_往届冠军仓库快照\R077_github_Brown-Bert_S4\SelectV2\kernel_meta\kernel_meta_temp_3156817495973209426\96119_96270_bt.log","0","E3B0C44298FC1C149AFBF4C8996FB92427AE41E4649B934CA495991B7852B855"
"03_往届冠军仓库快照\R077_github_Brown-Bert_S4\SelectV2\kernel_meta\kernel_meta_temp_3156817495973209426\96119_96271_bt.log","0","E3B0C44298FC1C149AFBF4C8996FB92427AE41E4649B934CA495991B7852B855"
"03_往届冠军仓库快照\R077_github_Brown-Bert_S4\SelectV2\kernel_meta\kernel_meta_temp_3362818037724259250\131307_131513_bt.log","0","E3B0C44298FC1C149AFBF4C8996FB92427AE41E4649B934CA495991B7852B855"
"03_往届冠军仓库快照\R077_github_Brown-Bert_S4\SelectV2\kernel_meta\kernel_meta_temp_3362818037724259250\131307_131514_bt.log","0","E3B0C44298FC1C149AFBF4C8996FB92427AE41E4649B934CA495991B7852B855"
"03_往届冠军仓库快照\R077_github_Brown-Bert_S4\SelectV2\kernel_meta\kernel_meta_temp_3362818037724259250\131307_131515_bt.log","0","E3B0C44298FC1C149AFBF4C8996FB92427AE41E4649B934CA495991B7852B855"
"03_往届冠军仓库快照\R077_github_Brown-Bert_S4\SelectV2\kernel_meta\kernel_meta_temp_3362818037724259250\131307_131516_bt.log","0","E3B0C44298FC1C149AFBF4C8996FB92427AE41E4649B934CA495991B7852B855"
"03_往届冠军仓库快照\R077_github_Brown-Bert_S4\SelectV2\kernel_meta\kernel_meta_temp_3362818037724259250\131307_131517_bt.log","0","E3B0C44298FC1C149AFBF4C8996FB92427AE41E4649B934CA495991B7852B855"
"03_往届冠军仓库快照\R077_github_Brown-Bert_S4\SelectV2\kernel_meta\kernel_meta_temp_3362818037724259250\131307_131518_bt.log","0","E3B0C44298FC1C149AFBF4C8996FB92427AE41E4649B934CA495991B7852B855"
"03_往届冠军仓库快照\R077_github_Brown-Bert_S4\SelectV2\kernel_meta\kernel_meta_temp_3362818037724259250\131307_131519_bt.log","0","E3B0C44298FC1C149AFBF4C8996FB92427AE41E4649B934CA495991B7852B855"
"03_往届冠军仓库快照\R077_github_Brown-Bert_S4\SelectV2\kernel_meta\kernel_meta_temp_3362818037724259250\131307_131520_bt.log","0","E3B0C44298FC1C149AFBF4C8996FB92427AE41E4649B934CA495991B7852B855"
"03_往届冠军仓库快照\R077_github_Brown-Bert_S4\SelectV2\kernel_meta\kernel_meta_temp_4058944417102709243\3424_3580_bt.log","0","E3B0C44298FC1C149AFBF4C8996FB92427AE41E4649B934CA495991B7852B855"
"03_往届冠军仓库快照\R077_github_Brown-Bert_S4\SelectV2\kernel_meta\kernel_meta_temp_4058944417102709243\3424_3581_bt.log","0","E3B0C44298FC1C149AFBF4C8996FB92427AE41E4649B934CA495991B7852B855"
"03_往届冠军仓库快照\R077_github_Brown-Bert_S4\SelectV2\kernel_meta\kernel_meta_temp_4058944417102709243\3424_3582_bt.log","0","E3B0C44298FC1C149AFBF4C8996FB92427AE41E4649B934CA495991B7852B855"
"03_往届冠军仓库快照\R077_github_Brown-Bert_S4\SelectV2\kernel_meta\kernel_meta_temp_4058944417102709243\3424_3583_bt.log","0","E3B0C44298FC1C149AFBF4C8996FB92427AE41E4649B934CA495991B7852B855"
"03_往届冠军仓库快照\R077_github_Brown-Bert_S4\SelectV2\kernel_meta\kernel_meta_temp_4058944417102709243\3424_3585_bt.log","0","E3B0C44298FC1C149AFBF4C8996FB92427AE41E4649B934CA495991B7852B855"
"03_往届冠军仓库快照\R077_github_Brown-Bert_S4\SelectV2\kernel_meta\kernel_meta_temp_4058944417102709243\3424_3586_bt.log","0","E3B0C44298FC1C149AFBF4C8996FB92427AE41E4649B934CA495991B7852B855"
"03_往届冠军仓库快照\R077_github_Brown-Bert_S4\SelectV2\kernel_meta\kernel_meta_temp_4058944417102709243\3424_3587_bt.log","0","E3B0C44298FC1C149AFBF4C8996FB92427AE41E4649B934CA495991B7852B855"
"03_往届冠军仓库快照\R077_github_Brown-Bert_S4\SelectV2\kernel_meta\kernel_meta_temp_4058944417102709243\3424_3588_bt.log","0","E3B0C44298FC1C149AFBF4C8996FB92427AE41E4649B934CA495991B7852B855"
"03_往届冠军仓库快照\R077_github_Brown-Bert_S4\SelectV2\kernel_meta\kernel_meta_temp_4281057575121334099\101835_101968_bt.log","0","E3B0C44298FC1C149AFBF4C8996FB92427AE41E4649B934CA495991B7852B855"
"03_往届冠军仓库快照\R077_github_Brown-Bert_S4\SelectV2\kernel_meta\kernel_meta_temp_4281057575121334099\101835_101969_bt.log","0","E3B0C44298FC1C149AFBF4C8996FB92427AE41E4649B934CA495991B7852B855"
"03_往届冠军仓库快照\R077_github_Brown-Bert_S4\SelectV2\kernel_meta\kernel_meta_temp_4281057575121334099\101835_101970_bt.log","0","E3B0C44298FC1C149AFBF4C8996FB92427AE41E4649B934CA495991B7852B855"
"03_往届冠军仓库快照\R077_github_Brown-Bert_S4\SelectV2\kernel_meta\kernel_meta_temp_4281057575121334099\101835_101971_bt.log","0","E3B0C44298FC1C149AFBF4C8996FB92427AE41E4649B934CA495991B7852B855"
"03_往届冠军仓库快照\R077_github_Brown-Bert_S4\SelectV2\kernel_meta\kernel_meta_temp_4281057575121334099\101835_101972_bt.log","0","E3B0C44298FC1C149AFBF4C8996FB92427AE41E4649B934CA495991B7852B855"
"03_往届冠军仓库快照\R077_github_Brown-Bert_S4\SelectV2\kernel_meta\kernel_meta_temp_4281057575121334099\101835_101973_bt.log","0","E3B0C44298FC1C149AFBF4C8996FB92427AE41E4649B934CA495991B7852B855"
"03_往届冠军仓库快照\R077_github_Brown-Bert_S4\SelectV2\kernel_meta\kernel_meta_temp_4281057575121334099\101835_101974_bt.log","0","E3B0C44298FC1C149AFBF4C8996FB92427AE41E4649B934CA495991B7852B855"
"03_往届冠军仓库快照\R077_github_Brown-Bert_S4\SelectV2\kernel_meta\kernel_meta_temp_4281057575121334099\101835_101976_bt.log","0","E3B0C44298FC1C149AFBF4C8996FB92427AE41E4649B934CA495991B7852B855"
"03_往届冠军仓库快照\R077_github_Brown-Bert_S4\SelectV2\kernel_meta\kernel_meta_temp_4632240416751654494\76752_76915_bt.log","0","E3B0C44298FC1C149AFBF4C8996FB92427AE41E4649B934CA495991B7852B855"
"03_往届冠军仓库快照\R077_github_Brown-Bert_S4\SelectV2\kernel_meta\kernel_meta_temp_4632240416751654494\76752_76916_bt.log","0","E3B0C44298FC1C149AFBF4C8996FB92427AE41E4649B934CA495991B7852B855"
"03_往届冠军仓库快照\R077_github_Brown-Bert_S4\SelectV2\kernel_meta\kernel_meta_temp_4632240416751654494\76752_76917_bt.log","0","E3B0C44298FC1C149AFBF4C8996FB92427AE41E4649B934CA495991B7852B855"
"03_往届冠军仓库快照\R077_github_Brown-Bert_S4\SelectV2\kernel_meta\kernel_meta_temp_4632240416751654494\76752_76918_bt.log","0","E3B0C44298FC1C149AFBF4C8996FB92427AE41E4649B934CA495991B7852B855"
"03_往届冠军仓库快照\R077_github_Brown-Bert_S4\SelectV2\kernel_meta\kernel_meta_temp_4632240416751654494\76752_76919_bt.log","0","E3B0C44298FC1C149AFBF4C8996FB92427AE41E4649B934CA495991B7852B855"
"03_往届冠军仓库快照\R077_github_Brown-Bert_S4\SelectV2\kernel_meta\kernel_meta_temp_4632240416751654494\76752_76920_bt.log","0","E3B0C44298FC1C149AFBF4C8996FB92427AE41E4649B934CA495991B7852B855"
"03_往届冠军仓库快照\R077_github_Brown-Bert_S4\SelectV2\kernel_meta\kernel_meta_temp_4632240416751654494\76752_76921_bt.log","0","E3B0C44298FC1C149AFBF4C8996FB92427AE41E4649B934CA495991B7852B855"
"03_往届冠军仓库快照\R077_github_Brown-Bert_S4\SelectV2\kernel_meta\kernel_meta_temp_4632240416751654494\76752_76922_bt.log","0","E3B0C44298FC1C149AFBF4C8996FB92427AE41E4649B934CA495991B7852B855"
"03_往届冠军仓库快照\R077_github_Brown-Bert_S4\SelectV2\kernel_meta\kernel_meta_temp_706355906511688489\99304_99441_bt.log","0","E3B0C44298FC1C149AFBF4C8996FB92427AE41E4649B934CA495991B7852B855"
"03_往届冠军仓库快照\R077_github_Brown-Bert_S4\SelectV2\kernel_meta\kernel_meta_temp_706355906511688489\99304_99442_bt.log","0","E3B0C44298FC1C149AFBF4C8996FB92427AE41E4649B934CA495991B7852B855"
"03_往届冠军仓库快照\R077_github_Brown-Bert_S4\SelectV2\kernel_meta\kernel_meta_temp_706355906511688489\99304_99443_bt.log","0","E3B0C44298FC1C149AFBF4C8996FB92427AE41E4649B934CA495991B7852B855"
"03_往届冠军仓库快照\R077_github_Brown-Bert_S4\SelectV2\kernel_meta\kernel_meta_temp_706355906511688489\99304_99444_bt.log","0","E3B0C44298FC1C149AFBF4C8996FB92427AE41E4649B934CA495991B7852B855"
"03_往届冠军仓库快照\R077_github_Brown-Bert_S4\SelectV2\kernel_meta\kernel_meta_temp_706355906511688489\99304_99445_bt.log","0","E3B0C44298FC1C149AFBF4C8996FB92427AE41E4649B934CA495991B7852B855"
"03_往届冠军仓库快照\R077_github_Brown-Bert_S4\SelectV2\kernel_meta\kernel_meta_temp_706355906511688489\99304_99446_bt.log","0","E3B0C44298FC1C149AFBF4C8996FB92427AE41E4649B934CA495991B7852B855"
"03_往届冠军仓库快照\R077_github_Brown-Bert_S4\SelectV2\kernel_meta\kernel_meta_temp_706355906511688489\99304_99447_bt.log","0","E3B0C44298FC1C149AFBF4C8996FB92427AE41E4649B934CA495991B7852B855"
"03_往届冠军仓库快照\R077_github_Brown-Bert_S4\SelectV2\kernel_meta\kernel_meta_temp_706355906511688489\99304_99448_bt.log","0","E3B0C44298FC1C149AFBF4C8996FB92427AE41E4649B934CA495991B7852B855"
"03_往届冠军仓库快照\R077_github_Brown-Bert_S4\SelectV2\kernel_meta\kernel_meta_temp_7316718607093697899\75115_75253_bt.log","0","E3B0C44298FC1C149AFBF4C8996FB92427AE41E4649B934CA495991B7852B855"
"03_往届冠军仓库快照\R077_github_Brown-Bert_S4\SelectV2\kernel_meta\kernel_meta_temp_7316718607093697899\75115_75254_bt.log","0","E3B0C44298FC1C149AFBF4C8996FB92427AE41E4649B934CA495991B7852B855"
"03_往届冠军仓库快照\R077_github_Brown-Bert_S4\SelectV2\kernel_meta\kernel_meta_temp_7316718607093697899\75115_75255_bt.log","0","E3B0C44298FC1C149AFBF4C8996FB92427AE41E4649B934CA495991B7852B855"
"03_往届冠军仓库快照\R077_github_Brown-Bert_S4\SelectV2\kernel_meta\kernel_meta_temp_7316718607093697899\75115_75256_bt.log","0","E3B0C44298FC1C149AFBF4C8996FB92427AE41E4649B934CA495991B7852B855"
"03_往届冠军仓库快照\R077_github_Brown-Bert_S4\SelectV2\kernel_meta\kernel_meta_temp_7316718607093697899\75115_75257_bt.log","0","E3B0C44298FC1C149AFBF4C8996FB92427AE41E4649B934CA495991B7852B855"
"03_往届冠军仓库快照\R077_github_Brown-Bert_S4\SelectV2\kernel_meta\kernel_meta_temp_7316718607093697899\75115_75258_bt.log","0","E3B0C44298FC1C149AFBF4C8996FB92427AE41E4649B934CA495991B7852B855"
"03_往届冠军仓库快照\R077_github_Brown-Bert_S4\SelectV2\kernel_meta\kernel_meta_temp_7316718607093697899\75115_75259_bt.log","0","E3B0C44298FC1C149AFBF4C8996FB92427AE41E4649B934CA495991B7852B855"
"03_往届冠军仓库快照\R077_github_Brown-Bert_S4\SelectV2\kernel_meta\kernel_meta_temp_7316718607093697899\75115_75260_bt.log","0","E3B0C44298FC1C149AFBF4C8996FB92427AE41E4649B934CA495991B7852B855"
"03_往届冠军仓库快照\R077_github_Brown-Bert_S4\SelectV2\kernel_meta\kernel_meta_temp_940229073102165305\83650_83797_bt.log","0","E3B0C44298FC1C149AFBF4C8996FB92427AE41E4649B934CA495991B7852B855"
"03_往届冠军仓库快照\R077_github_Brown-Bert_S4\SelectV2\kernel_meta\kernel_meta_temp_940229073102165305\83650_83798_bt.log","0","E3B0C44298FC1C149AFBF4C8996FB92427AE41E4649B934CA495991B7852B855"
"03_往届冠军仓库快照\R077_github_Brown-Bert_S4\SelectV2\kernel_meta\kernel_meta_temp_940229073102165305\83650_83799_bt.log","0","E3B0C44298FC1C149AFBF4C8996FB92427AE41E4649B934CA495991B7852B855"
"03_往届冠军仓库快照\R077_github_Brown-Bert_S4\SelectV2\kernel_meta\kernel_meta_temp_940229073102165305\83650_83800_bt.log","0","E3B0C44298FC1C149AFBF4C8996FB92427AE41E4649B934CA495991B7852B855"
"03_往届冠军仓库快照\R077_github_Brown-Bert_S4\SelectV2\kernel_meta\kernel_meta_temp_940229073102165305\83650_83801_bt.log","0","E3B0C44298FC1C149AFBF4C8996FB92427AE41E4649B934CA495991B7852B855"
"03_往届冠军仓库快照\R077_github_Brown-Bert_S4\SelectV2\kernel_meta\kernel_meta_temp_940229073102165305\83650_83802_bt.log","0","E3B0C44298FC1C149AFBF4C8996FB92427AE41E4649B934CA495991B7852B855"
"03_往届冠军仓库快照\R077_github_Brown-Bert_S4\SelectV2\kernel_meta\kernel_meta_temp_940229073102165305\83650_83803_bt.log","0","E3B0C44298FC1C149AFBF4C8996FB92427AE41E4649B934CA495991B7852B855"
"03_往届冠军仓库快照\R077_github_Brown-Bert_S4\SelectV2\kernel_meta\kernel_meta_temp_940229073102165305\83650_83804_bt.log","0","E3B0C44298FC1C149AFBF4C8996FB92427AE41E4649B934CA495991B7852B855"
"03_往届冠军仓库快照\R077_github_Brown-Bert_S4\SelectV2\op\SelectV2_zip\custom_opp_ubuntu_aarch64.run","179101","AEAF6AF165458C820741B05C59E9E599576DAC697ACE136C56C5EFBE78684AA8"
"03_往届冠军仓库快照\R077_github_Brown-Bert_S4\SelectV2\op\SelectV2_zip\op_host\CMakeLists.txt","3029","4929FC399116C903CEC5FF2C9ED73D8217F71A0FEE0FFDBB97FC026DCD311DF1"
"03_往届冠军仓库快照\R077_github_Brown-Bert_S4\SelectV2\op\SelectV2_zip\op_host\select_v2_tiling.h","1217","2FF37F12FF57DC540195ED9906BD393E3AF019A9E8AA211E3B7A14385438A611"
"03_往届冠军仓库快照\R077_github_Brown-Bert_S4\SelectV2\op\SelectV2_zip\op_host\select_v2.cpp","7430","41E8ED2D23D228034802AAE30E8AE9D86EB759724FBE8789C1893A7EA59DA115"
"03_往届冠军仓库快照\R077_github_Brown-Bert_S4\SelectV2\op\SelectV2_zip\op_kernel\CMakeLists.txt","2758","734B2C7EFA66073F407CDDBD9C06D9DA10A9B29126099D57F6D4BACEB9A27253"
"03_往届冠军仓库快照\R077_github_Brown-Bert_S4\SelectV2\op\SelectV2_zip\op_kernel\select_v2.cpp","12420","96EF89359D666FA3BC3BC9015EF71AA5CAE4C6DB55B8370B735A2FBE596129B2"
"03_往届冠军仓库快照\R077_github_Brown-Bert_S4\SelectV2\op\SelectV2.zip","173554","7FC022E2673552AD6BD028F5FAB0238E91E09367E123DEAC9F79563AE35EB1A7"
"03_往届冠军仓库快照\R077_github_Brown-Bert_S4\SelectV2\op\SelectV2\build_out\_CPack_Packages\Linux\External\custom_opp_ubuntu_aarch64.run.json","802","6514FECD4E465C2CC46E517E9E9D1929A513A08D05270B23A0DF0E87C8DF6DDC"
"03_往届冠军仓库快照\R077_github_Brown-Bert_S4\SelectV2\op\SelectV2\build_out\_CPack_Packages\Linux\External\custom_opp_ubuntu_aarch64.run\custom_opp_ubuntu_aarch64.run","179101","AEAF6AF165458C820741B05C59E9E599576DAC697ACE136C56C5EFBE78684AA8"
"03_往届冠军仓库快照\R077_github_Brown-Bert_S4\SelectV2\op\SelectV2\build_out\_CPack_Packages\Linux\External\custom_opp_ubuntu_aarch64.run\help.info","81","27067F1EC0A23A694AE80EC4A05BC68415A284FBAF509B1A9CC0234035C61E5B"
"03_往届冠军仓库快照\R077_github_Brown-Bert_S4\SelectV2\op\SelectV2\build_out\_CPack_Packages\Linux\External\custom_opp_ubuntu_aarch64.run\install.sh","9429","8F949706F677F855B9FAF279441572C4E82B304FBE0FDA9027264794A75C4664"
"03_往届冠军仓库快照\R077_github_Brown-Bert_S4\SelectV2\op\SelectV2\build_out\_CPack_Packages\Linux\External\custom_opp_ubuntu_aarch64.run\packages\vendors\customize\framework\tensorflow\libcust_tf_parsers.so","10160","410A15B15F78EF8537B128D2957C926245A788B55D5FE19FFB12B871D2652FBD"
"03_往届冠军仓库快照\R077_github_Brown-Bert_S4\SelectV2\op\SelectV2\build_out\_CPack_Packages\Linux\External\custom_opp_ubuntu_aarch64.run\packages\vendors\customize\framework\tensorflow\npu_supported_ops.json","72","F6E767795B9539B9196B1D4BD5B1665A4A17533ABBEC6DF1EDE02173258E4272"
"03_往届冠军仓库快照\R077_github_Brown-Bert_S4\SelectV2\op\SelectV2\build_out\_CPack_Packages\Linux\External\custom_opp_ubuntu_aarch64.run\packages\vendors\customize\op_api\include\aclnn_select_v2.h","1130","3900BE16E8246EE3CA46179F1EDA9230C050F794CF37986737326F611B19C121"
"03_往届冠军仓库快照\R077_github_Brown-Bert_S4\SelectV2\op\SelectV2\build_out\_CPack_Packages\Linux\External\custom_opp_ubuntu_aarch64.run\packages\vendors\customize\op_api\lib\libcust_opapi.so","10384","484586479A94E965E6E2136EA2EAB9C0327799133177DFABEC6E46CAFFCA0DE7"
"03_往届冠军仓库快照\R077_github_Brown-Bert_S4\SelectV2\op\SelectV2\build_out\_CPack_Packages\Linux\External\custom_opp_ubuntu_aarch64.run\packages\vendors\customize\op_impl\ai_core\tbe\config\ascend310b\aic-ascend310b-ops-info.json","1624","9EB83682AD3ED04E0E839C5BF99A22ECC275C9D4F270D50C20A4E25F626E9873"
"03_往届冠军仓库快照\R077_github_Brown-Bert_S4\SelectV2\op\SelectV2\build_out\_CPack_Packages\Linux\External\custom_opp_ubuntu_aarch64.run\packages\vendors\customize\op_impl\ai_core\tbe\customize_impl\dynamic\select_v2.cpp","12420","96EF89359D666FA3BC3BC9015EF71AA5CAE4C6DB55B8370B735A2FBE596129B2"
"03_往届冠军仓库快照\R077_github_Brown-Bert_S4\SelectV2\op\SelectV2\build_out\_CPack_Packages\Linux\External\custom_opp_ubuntu_aarch64.run\packages\vendors\customize\op_impl\ai_core\tbe\customize_impl\dynamic\select_v2.py","9005","091AC63FCE15A93632170823679030ABD18CA4788D8855D96590314060D21359"
"03_往届冠军仓库快照\R077_github_Brown-Bert_S4\SelectV2\op\SelectV2\build_out\_CPack_Packages\Linux\External\custom_opp_ubuntu_aarch64.run\packages\vendors\customize\op_impl\ai_core\tbe\kernel\ascend310b\select_v2\SelectV2_3335dc1bf7986928dfc66edf6d56207f.json","2254","992F60C7D50F30A0B67FB17629A3BA07BBC37EB329A8874D48597C4F19C9E8FC"
"03_往届冠军仓库快照\R077_github_Brown-Bert_S4\SelectV2\op\SelectV2\build_out\_CPack_Packages\Linux\External\custom_opp_ubuntu_aarch64.run\packages\vendors\customize\op_impl\ai_core\tbe\kernel\ascend310b\select_v2\SelectV2_3335dc1bf7986928dfc66edf6d56207f.o","9128","A8EB1F6995B1E9903B5AB1A1BCC984070D8AC2AC4CB8300A9E88E46E299FC342"
"03_往届冠军仓库快照\R077_github_Brown-Bert_S4\SelectV2\op\SelectV2\build_out\_CPack_Packages\Linux\External\custom_opp_ubuntu_aarch64.run\packages\vendors\customize\op_impl\ai_core\tbe\kernel\ascend310b\select_v2\SelectV2_68a276f5c96d7263ca762de43eb1e6f5.json","2257","45EAC22CEF0BA22D63E66C51FB28B94EFA8176A813795D75CD1792E97AE5935E"
"03_往届冠军仓库快照\R077_github_Brown-Bert_S4\SelectV2\op\SelectV2\build_out\_CPack_Packages\Linux\External\custom_opp_ubuntu_aarch64.run\packages\vendors\customize\op_impl\ai_core\tbe\kernel\ascend310b\select_v2\SelectV2_68a276f5c96d7263ca762de43eb1e6f5.o","8360","7030D0DA8981FFC5BF66E7859D2815651A69C3496BC6C6354E1D48460B438017"
"03_往届冠军仓库快照\R077_github_Brown-Bert_S4\SelectV2\op\SelectV2\build_out\_CPack_Packages\Linux\External\custom_opp_ubuntu_aarch64.run\packages\vendors\customize\op_impl\ai_core\tbe\kernel\ascend310b\select_v2\SelectV2_fa3043be82c9257012ea8f3ac5b72029.json","2263","1E70890BAE2BDC3817AA25BCC52B0FDDD85232AC7050A484EB48C7678655480C"
"03_往届冠军仓库快照\R077_github_Brown-Bert_S4\SelectV2\op\SelectV2\build_out\_CPack_Packages\Linux\External\custom_opp_ubuntu_aarch64.run\packages\vendors\customize\op_impl\ai_core\tbe\kernel\ascend310b\select_v2\SelectV2_fa3043be82c9257012ea8f3ac5b72029.o","8360","49CA197B871F3265587209F42B21D9D8581F5356E56DA0A27A01F55E47F5ABF3"
"03_往届冠军仓库快照\R077_github_Brown-Bert_S4\SelectV2\op\SelectV2\build_out\_CPack_Packages\Linux\External\custom_opp_ubuntu_aarch64.run\packages\vendors\customize\op_impl\ai_core\tbe\kernel\ascend310b\select_v2\SelectV2_ff6447548bdc67190728e35a43eb8f15.json","2263","D5B8FEC28C5081CCEB35FAC84851DF18D605F52ED84FC4BE75E906B6C8A999C9"
"03_往届冠军仓库快照\R077_github_Brown-Bert_S4\SelectV2\op\SelectV2\build_out\_CPack_Packages\Linux\External\custom_opp_ubuntu_aarch64.run\packages\vendors\customize\op_impl\ai_core\tbe\kernel\ascend310b\select_v2\SelectV2_ff6447548bdc67190728e35a43eb8f15.o","8056","923C56EB33120275744619EE364D4DAAB7D2436D60822983CA3287D35F6FB6E9"
"03_往届冠军仓库快照\R077_github_Brown-Bert_S4\SelectV2\op\SelectV2\build_out\_CPack_Packages\Linux\External\custom_opp_ubuntu_aarch64.run\packages\vendors\customize\op_impl\ai_core\tbe\kernel\config\ascend310b\binary_info_config.json","2671","5E537615BFED74AB258E171D6EB42105CA99786600A6FBC1FE10192D7B3AE999"
"03_往届冠军仓库快照\R077_github_Brown-Bert_S4\SelectV2\op\SelectV2\build_out\_CPack_Packages\Linux\External\custom_opp_ubuntu_aarch64.run\packages\vendors\customize\op_impl\ai_core\tbe\kernel\config\ascend310b\select_v2.json","7373","90096BA4488A78523CC302F471B2657D3866F37911BDA2D04F13E174F229BCA7"
"03_往届冠军仓库快照\R077_github_Brown-Bert_S4\SelectV2\op\SelectV2\build_out\_CPack_Packages\Linux\External\custom_opp_ubuntu_aarch64.run\packages\vendors\customize\op_impl\ai_core\tbe\op_tiling\lib\linux\aarch64\libcust_opmaster_rt2.0.so","157640","DB2B72FA51E27FB5C6E4BA13D49561CDD206442635FDD2373EF6174906F32393"
"03_往届冠军仓库快照\R077_github_Brown-Bert_S4\SelectV2\op\SelectV2\build_out\_CPack_Packages\Linux\External\custom_opp_ubuntu_aarch64.run\packages\vendors\customize\op_impl\ai_core\tbe\op_tiling\liboptiling.so","157640","DB2B72FA51E27FB5C6E4BA13D49561CDD206442635FDD2373EF6174906F32393"
"03_往届冠军仓库快照\R077_github_Brown-Bert_S4\SelectV2\op\SelectV2\build_out\_CPack_Packages\Linux\External\custom_opp_ubuntu_aarch64.run\packages\vendors\customize\op_proto\inc\op_proto.h","369","A5C8689F1FBCA3A5D40A2F1A5E99B1CCF445EA708050671EADA98091F04BF845"
"03_往届冠军仓库快照\R077_github_Brown-Bert_S4\SelectV2\op\SelectV2\build_out\_CPack_Packages\Linux\External\custom_opp_ubuntu_aarch64.run\packages\vendors\customize\op_proto\lib\linux\aarch64\libcust_opsproto_rt2.0.so","169928","E8B725EE642CAB574D86ECBC0FB965621076951B8123F652E4142D6C1D67A171"
"03_往届冠军仓库快照\R077_github_Brown-Bert_S4\SelectV2\op\SelectV2\build_out\_CPack_Packages\Linux\External\custom_opp_ubuntu_aarch64.run\packages\vendors\customize\version.info","44","D612624DAD46BCE054E84F5D05A690A98EC96E731162818D554061CD32FF3D63"
"03_往届冠军仓库快照\R077_github_Brown-Bert_S4\SelectV2\op\SelectV2\build_out\_CPack_Packages\Linux\External\custom_opp_ubuntu_aarch64.run\upgrade.sh","3990","28AAB6534B3D6D98C83A8947EE5E266CD94BD1C0A515ADC562D0911F1A774023"
"03_往届冠军仓库快照\R077_github_Brown-Bert_S4\SelectV2\op\SelectV2\build_out\autogen\aclnn_select_v2.cpp","9602","667C64A05760290B708D2F6B8774709A4EF6CD530C05CC7171A2B0F9447AB61C"
"03_往届冠军仓库快照\R077_github_Brown-Bert_S4\SelectV2\op\SelectV2\build_out\autogen\aclnn_select_v2.h","1130","3900BE16E8246EE3CA46179F1EDA9230C050F794CF37986737326F611B19C121"
"03_往届冠军仓库快照\R077_github_Brown-Bert_S4\SelectV2\op\SelectV2\build_out\autogen\aic-ascend310b-ops-info.ini","921","141EBE6F67F44C4CD86ADEFC23CB792208E632B6B82F81F7EE6A23DD580494DB"
"03_往届冠军仓库快照\R077_github_Brown-Bert_S4\SelectV2\op\SelectV2\build_out\autogen\custom_compile_options.ini","0","E3B0C44298FC1C149AFBF4C8996FB92427AE41E4649B934CA495991B7852B855"
"03_往届冠军仓库快照\R077_github_Brown-Bert_S4\SelectV2\op\SelectV2\build_out\autogen\custom_opc_options.ini","0","E3B0C44298FC1C149AFBF4C8996FB92427AE41E4649B934CA495991B7852B855"
"03_往届冠军仓库快照\R077_github_Brown-Bert_S4\SelectV2\op\SelectV2\build_out\autogen\libascend_all_ops.so","1161568","81F15B3CD4E2D0AD25D45DA78A02A0BF7F58A97A55BDA4CA9962B7515307F60C"
"03_往届冠军仓库快照\R077_github_Brown-Bert_S4\SelectV2\op\SelectV2\build_out\autogen\op_proto.cc","46","DC083979E3347BD043D9C87DFE57082A78F868F5FE310AD96738B8754456DF68"
"03_往届冠军仓库快照\R077_github_Brown-Bert_S4\SelectV2\op\SelectV2\build_out\autogen\op_proto.h","369","A5C8689F1FBCA3A5D40A2F1A5E99B1CCF445EA708050671EADA98091F04BF845"
"03_往届冠军仓库快照\R077_github_Brown-Bert_S4\SelectV2\op\SelectV2\build_out\cmake_install.cmake","3390","1C57E701316463B940834B6C08937FFA5C71F730FF4DD2EF3A5E6F656C603F2D"
"03_往届冠军仓库快照\R077_github_Brown-Bert_S4\SelectV2\op\SelectV2\build_out\CMakeCache.txt","16162","B06B76708B5CD89C2C9E211B6A8D1B32A2E83B36F7F6AC802DD64745E4174504"
"03_往届冠军仓库快照\R077_github_Brown-Bert_S4\SelectV2\op\SelectV2\build_out\CMakeFiles\3.22.1\CMakeCCompiler.cmake","2520","453F6AAC0778F77AF95EA776D4B3FC13DEDFE98CB3146222903A41A1012B5C54"
"03_往届冠军仓库快照\R077_github_Brown-Bert_S4\SelectV2\op\SelectV2\build_out\CMakeFiles\3.22.1\CMakeCXXCompiler.cmake","5530","5A71D74B0C882B6AB5827D1067BBF27AB69BF9AD117667091A568173C4F20EB6"
"03_往届冠军仓库快照\R077_github_Brown-Bert_S4\SelectV2\op\SelectV2\build_out\CMakeFiles\3.22.1\CMakeDetermineCompilerABI_C.bin","9024","2EDC1BE3EB3CBDA71DA7B40928D09B8051A1A5806FA807A422850DB51C0F82E5"
"03_往届冠军仓库快照\R077_github_Brown-Bert_S4\SelectV2\op\SelectV2\build_out\CMakeFiles\3.22.1\CMakeDetermineCompilerABI_CXX.bin","9048","E3E27AF241757A2B4EB6F0F102343E64FAFC8BA81ABB26D705C4CF3ABAA4130B"
"03_往届冠军仓库快照\R077_github_Brown-Bert_S4\SelectV2\op\SelectV2\build_out\CMakeFiles\3.22.1\CMakeSystem.cmake","379","5F549207C0F3A1948F4D794F24E4E03DB9D6F6EB672A5B7EDCBD4A30329673E2"
"03_往届冠军仓库快照\R077_github_Brown-Bert_S4\SelectV2\op\SelectV2\build_out\CMakeFiles\3.22.1\CompilerIdC\a.out","9168","D9B1C1BA03E385269291DFF2A5307AEFB785904590D340CD52C73F6A1636F5A7"
"03_往届冠军仓库快照\R077_github_Brown-Bert_S4\SelectV2\op\SelectV2\build_out\CMakeFiles\3.22.1\CompilerIdC\CMakeCCompilerId.c","25656","A5BC5D659352BB93E28CE0EC49B3B97490ECC65AFCE5456F43D04795D0AD627F"
"03_往届冠军仓库快照\R077_github_Brown-Bert_S4\SelectV2\op\SelectV2\build_out\CMakeFiles\3.22.1\CompilerIdCXX\a.out","9176","2BCC0D9EE2401721D994936D15C39CA6FEFE26EA0E7343E2201FEE79435295E2"
"03_往届冠军仓库快照\R077_github_Brown-Bert_S4\SelectV2\op\SelectV2\build_out\CMakeFiles\3.22.1\CompilerIdCXX\CMakeCXXCompilerId.cpp","25388","6EE4286C9B42405EE114CCF00A8AE3093B7C2FF079CAE1A946AF11D96A5898AB"
"03_往届冠军仓库快照\R077_github_Brown-Bert_S4\SelectV2\op\SelectV2\build_out\CMakeFiles\cmake.check_cache","86","95079B44BCEF481D601432C2FD3C654D7FE85B9C8386C355F2874502B47441D7"
"03_往届冠军仓库快照\R077_github_Brown-Bert_S4\SelectV2\op\SelectV2\build_out\CMakeFiles\CMakeDirectoryInformation.cmake","736","010CD1058D82FDD06256587A04FDEB2B09E8D002642DFDCFDF577D3921C65195"
"03_往届冠军仓库快照\R077_github_Brown-Bert_S4\SelectV2\op\SelectV2\build_out\CMakeFiles\CMakeOutput.log","46187","7B956298D231930BF200A1F303F20297BBFCD39B78AAC070582CAC31A432EF2F"
"03_往届冠军仓库快照\R077_github_Brown-Bert_S4\SelectV2\op\SelectV2\build_out\CMakeFiles\CMakeRuleHashes.txt","1385","C7C4BC56466F062E664D2E1236CF6BD92C9651BFAA384E78F45FD085BA2FF1D7"
"03_往届冠军仓库快照\R077_github_Brown-Bert_S4\SelectV2\op\SelectV2\build_out\CMakeFiles\gen_version_info.dir\build.make","3197","0D239E56113F723748660E3E9F37C4352DFBF4CF53FA0CFFA9E820CEB290E509"
"03_往届冠军仓库快照\R077_github_Brown-Bert_S4\SelectV2\op\SelectV2\build_out\CMakeFiles\gen_version_info.dir\cmake_clean.cmake","222","4F2E6BEAB2858B48596AF6ECB2771BBD5A1F45DD0D6227DCB9C30A95DE6E893D"
"03_往届冠军仓库快照\R077_github_Brown-Bert_S4\SelectV2\op\SelectV2\build_out\CMakeFiles\gen_version_info.dir\compiler_depend.make","128","FECC2108B4CF660AC621247C7E73158DC4D4E2CF317F54CAC18DD6A635CE27DF"
"03_往届冠军仓库快照\R077_github_Brown-Bert_S4\SelectV2\op\SelectV2\build_out\CMakeFiles\gen_version_info.dir\compiler_depend.ts","122","73664F9E3F477A28D415F783D5FC1E8DE5B9F90B186D329126EBCE6E38A83E44"
"03_往届冠军仓库快照\R077_github_Brown-Bert_S4\SelectV2\op\SelectV2\build_out\CMakeFiles\gen_version_info.dir\DependInfo.cmake","441","2C4D7F0C8064DD3E7C5E136231230F197B6DFA2ADC123C7CAA6ADCA96977CD8B"
"03_往届冠军仓库快照\R077_github_Brown-Bert_S4\SelectV2\op\SelectV2\build_out\CMakeFiles\gen_version_info.dir\progress.make","2","7EB70257593DA06F682A3DDDA54A9D260D4FC514F645237F5CA74B08F8DA61A6"
"03_往届冠军仓库快照\R077_github_Brown-Bert_S4\SelectV2\op\SelectV2\build_out\CMakeFiles\Makefile.cmake","9012","77012564BE0894C18F6CEF82A9F22DCB692D77CE99DE473022DD0905E812BD57"
"03_往届冠军仓库快照\R077_github_Brown-Bert_S4\SelectV2\op\SelectV2\build_out\CMakeFiles\Makefile2","39350","B02A9FE6A7F6CFB6C32BFE2FF8D49FBA832B326496DB87E3FABD89B895B7CB3B"
"03_往届冠军仓库快照\R077_github_Brown-Bert_S4\SelectV2\op\SelectV2\build_out\CMakeFiles\modify_vendor.dir\build.make","3854","F172C91DF461047FA9A1B1276E656DC6212207BFC4144F893AE9214678F0C817"
"03_往届冠军仓库快照\R077_github_Brown-Bert_S4\SelectV2\op\SelectV2\build_out\CMakeFiles\modify_vendor.dir\cmake_clean.cmake","264","2D5DDE10F3FC1047BA7B1C27F41CE8E3738B64F3C31587E35F9A459EA48B13A3"
"03_往届冠军仓库快照\R077_github_Brown-Bert_S4\SelectV2\op\SelectV2\build_out\CMakeFiles\modify_vendor.dir\compiler_depend.make","125","34AF02E58A00F9D633AF1B15C9DA951C4054A974E18153127C92EF21D890C2F6"
"03_往届冠军仓库快照\R077_github_Brown-Bert_S4\SelectV2\op\SelectV2\build_out\CMakeFiles\modify_vendor.dir\compiler_depend.ts","119","4A652558AA324FAA12E57A4AF5AEB3814210E8D464113A6690BE726AF6BBE24D"
"03_往届冠军仓库快照\R077_github_Brown-Bert_S4\SelectV2\op\SelectV2\build_out\CMakeFiles\modify_vendor.dir\DependInfo.cmake","736","3735F058666C3FE59FE40064D22645901D5578559E1B7FDF68C99292D110E6BC"
"03_往届冠军仓库快照\R077_github_Brown-Bert_S4\SelectV2\op\SelectV2\build_out\CMakeFiles\modify_vendor.dir\progress.make","25","F38AA4592608209C601E781F3564538AB6207D0CC10C1AA82EFBAB29C1D7200B"
"03_往届冠军仓库快照\R077_github_Brown-Bert_S4\SelectV2\op\SelectV2\build_out\CMakeFiles\progress.marks","4","F7C4F4CC6C99F0E5D21986EAF4E0EE5170B03B05BA444A6B2792A902E38F07B2"
"03_往届冠军仓库快照\R077_github_Brown-Bert_S4\SelectV2\op\SelectV2\build_out\CMakeFiles\TargetDirectories.txt","6945","F8D00244037CFEF0BC82C01C89E1057E707A86C0B7EFF4D9350762F2DE28A032"
"03_往届冠军仓库快照\R077_github_Brown-Bert_S4\SelectV2\op\SelectV2\build_out\CPackConfig.cmake","3942","A57B2FA03C675CBC58490890A8837E86E0B0F5F0579C221C2993BB42E4667419"
"03_往届冠军仓库快照\R077_github_Brown-Bert_S4\SelectV2\op\SelectV2\build_out\CPackSourceConfig.cmake","4419","E98E4D8AE25F5140F9F16A299B9D9C20C29646B776509A0E4487E25F75DC2826"
"03_往届冠军仓库快照\R077_github_Brown-Bert_S4\SelectV2\op\SelectV2\build_out\custom_opp_ubuntu_aarch64.run","179101","AEAF6AF165458C820741B05C59E9E599576DAC697ACE136C56C5EFBE78684AA8"
"03_往届冠军仓库快照\R077_github_Brown-Bert_S4\SelectV2\op\SelectV2\build_out\custom_opp_ubuntu_aarch64.run.json","802","6514FECD4E465C2CC46E517E9E9D1929A513A08D05270B23A0DF0E87C8DF6DDC"
"03_往届冠军仓库快照\R077_github_Brown-Bert_S4\SelectV2\op\SelectV2\build_out\framework\cmake_install.cmake","1640","531284F6E3CD63917E0FB0151FAE031C56AC23D40EE6FDD30DA10A91EC59260A"
"03_往届冠军仓库快照\R077_github_Brown-Bert_S4\SelectV2\op\SelectV2\build_out\framework\CMakeFiles\CMakeDirectoryInformation.cmake","736","010CD1058D82FDD06256587A04FDEB2B09E8D002642DFDCFDF577D3921C65195"
"03_往届冠军仓库快照\R077_github_Brown-Bert_S4\SelectV2\op\SelectV2\build_out\framework\CMakeFiles\progress.marks","3","DF4E26A04A444901B95AFEF44E4A96CFAE34690FFF2AD2C66389C70079CDFF2B"
"03_往届冠军仓库快照\R077_github_Brown-Bert_S4\SelectV2\op\SelectV2\build_out\framework\Makefile","8075","F9C318F830E067A4A8814D6A95DDF998E709265F5DCB3F9C98A38B315924E04B"
"03_往届冠军仓库快照\R077_github_Brown-Bert_S4\SelectV2\op\SelectV2\build_out\framework\tf_plugin\cmake_install.cmake","3021","5C2658D74337DFD5237C8C1C12B4CC469D1C82EDF82C83A538550F74361560B1"
"03_往届冠军仓库快照\R077_github_Brown-Bert_S4\SelectV2\op\SelectV2\build_out\framework\tf_plugin\CMakeFiles\CMakeDirectoryInformation.cmake","736","010CD1058D82FDD06256587A04FDEB2B09E8D002642DFDCFDF577D3921C65195"
"03_往届冠军仓库快照\R077_github_Brown-Bert_S4\SelectV2\op\SelectV2\build_out\framework\tf_plugin\CMakeFiles\cust_tf_parsers.dir\build.make","6901","D1D2F6ECACC9B15957D5E904B87D9C732544CD06B7CB8C56B6473235DB60181B"
"03_往届冠军仓库快照\R077_github_Brown-Bert_S4\SelectV2\op\SelectV2\build_out\framework\tf_plugin\CMakeFiles\cust_tf_parsers.dir\cmake_clean.cmake","386","FEADF5495F8E054260E5D8F2A1119A7D746648B783DA0F6716489974A5DF98E6"
"03_往届冠军仓库快照\R077_github_Brown-Bert_S4\SelectV2\op\SelectV2\build_out\framework\tf_plugin\CMakeFiles\cust_tf_parsers.dir\compiler_depend.internal","10358","64DF41D858759FBBEAC6D25BE5C0AC9566EDD1A726FEB61FEA950D8E4A084985"
"03_往届冠军仓库快照\R077_github_Brown-Bert_S4\SelectV2\op\SelectV2\build_out\framework\tf_plugin\CMakeFiles\cust_tf_parsers.dir\compiler_depend.make","21003","F55456A5E9E86BBD4A7FE29244F1392C81D6D44DE94B524ABFF9FD6BFD4B70DE"
"03_往届冠军仓库快照\R077_github_Brown-Bert_S4\SelectV2\op\SelectV2\build_out\framework\tf_plugin\CMakeFiles\cust_tf_parsers.dir\compiler_depend.ts","124","3C7672CAEC6C89C9EE4468D6EAAD05460BAEFDA90453715ED92FE54E97F37287"
"03_往届冠军仓库快照\R077_github_Brown-Bert_S4\SelectV2\op\SelectV2\build_out\framework\tf_plugin\CMakeFiles\cust_tf_parsers.dir\depend.make","101","9B59CB499916FA83237D586252B6E7C4FCC850E75D3844311145ADB364277AA3"
"03_往届冠军仓库快照\R077_github_Brown-Bert_S4\SelectV2\op\SelectV2\build_out\framework\tf_plugin\CMakeFiles\cust_tf_parsers.dir\DependInfo.cmake","745","B372BDD80399BF2800298C53C2E2F2C5EAF2F9674327D1806BFF14771BD5C7A2"
"03_往届冠军仓库快照\R077_github_Brown-Bert_S4\SelectV2\op\SelectV2\build_out\framework\tf_plugin\CMakeFiles\cust_tf_parsers.dir\flags.make","433","CD11F299C00B882513789BD975D321C58FC00D71A3C79BD2C9BE44BC20ACC12B"
"03_往届冠军仓库快照\R077_github_Brown-Bert_S4\SelectV2\op\SelectV2\build_out\framework\tf_plugin\CMakeFiles\cust_tf_parsers.dir\link.txt","315","0E791D9534F68E928A8F46169864A9E8F320C6B7C3CD769804A55EDA65D4FD26"
"03_往届冠军仓库快照\R077_github_Brown-Bert_S4\SelectV2\op\SelectV2\build_out\framework\tf_plugin\CMakeFiles\cust_tf_parsers.dir\progress.make","47","4E025C142C36E21F3047B4FBA7BF6EE6BA76DD0063BD9A4DCDF90B36805E18FE"
"03_往届冠军仓库快照\R077_github_Brown-Bert_S4\SelectV2\op\SelectV2\build_out\framework\tf_plugin\CMakeFiles\cust_tf_parsers.dir\tensorflow_select_v2_plugin.cc.o","10440","5E9A9D175A70E324435E51B96FFEF5F09AED3A68C888CD0E0F06671DEEA0F26F"
"03_往届冠军仓库快照\R077_github_Brown-Bert_S4\SelectV2\op\SelectV2\build_out\framework\tf_plugin\CMakeFiles\cust_tf_parsers.dir\tensorflow_select_v2_plugin.cc.o.d","10572","A9137BD50ED06BC7DC574E991927961D31C7ED54B5EBC1661ABD227582EBF9C3"
"03_往届冠军仓库快照\R077_github_Brown-Bert_S4\SelectV2\op\SelectV2\build_out\framework\tf_plugin\CMakeFiles\progress.marks","3","DF4E26A04A444901B95AFEF44E4A96CFAE34690FFF2AD2C66389C70079CDFF2B"
"03_往届冠军仓库快照\R077_github_Brown-Bert_S4\SelectV2\op\SelectV2\build_out\framework\tf_plugin\libcust_tf_parsers.so","10160","0473E56AB1A6CEEE9A50EB53EB789C155105A974C55CA6B381715AF294A104C1"
"03_往届冠军仓库快照\R077_github_Brown-Bert_S4\SelectV2\op\SelectV2\build_out\framework\tf_plugin\Makefile","10530","F98F58DAEEA89FC2E864C0BDB4D07693E073D1F74B90166CA51EDC57D30EA4C3"
"03_往届冠军仓库快照\R077_github_Brown-Bert_S4\SelectV2\op\SelectV2\build_out\install_manifest.txt","7141","D235962B4D899A01DCA0073922B3913CB4A578BE22048787C6A8F2BDA7746A4F"
"03_往届冠军仓库快照\R077_github_Brown-Bert_S4\SelectV2\op\SelectV2\build_out\kernel\ascend310b\select_v2\SelectV2_3335dc1bf7986928dfc66edf6d56207f.json","2254","992F60C7D50F30A0B67FB17629A3BA07BBC37EB329A8874D48597C4F19C9E8FC"
"03_往届冠军仓库快照\R077_github_Brown-Bert_S4\SelectV2\op\SelectV2\build_out\kernel\ascend310b\select_v2\SelectV2_3335dc1bf7986928dfc66edf6d56207f.o","9128","A8EB1F6995B1E9903B5AB1A1BCC984070D8AC2AC4CB8300A9E88E46E299FC342"
"03_往届冠军仓库快照\R077_github_Brown-Bert_S4\SelectV2\op\SelectV2\build_out\kernel\ascend310b\select_v2\SelectV2_68a276f5c96d7263ca762de43eb1e6f5.json","2257","45EAC22CEF0BA22D63E66C51FB28B94EFA8176A813795D75CD1792E97AE5935E"
"03_往届冠军仓库快照\R077_github_Brown-Bert_S4\SelectV2\op\SelectV2\build_out\kernel\ascend310b\select_v2\SelectV2_68a276f5c96d7263ca762de43eb1e6f5.o","8360","7030D0DA8981FFC5BF66E7859D2815651A69C3496BC6C6354E1D48460B438017"
"03_往届冠军仓库快照\R077_github_Brown-Bert_S4\SelectV2\op\SelectV2\build_out\kernel\ascend310b\select_v2\SelectV2_fa3043be82c9257012ea8f3ac5b72029.json","2263","1E70890BAE2BDC3817AA25BCC52B0FDDD85232AC7050A484EB48C7678655480C"
"03_往届冠军仓库快照\R077_github_Brown-Bert_S4\SelectV2\op\SelectV2\build_out\kernel\ascend310b\select_v2\SelectV2_fa3043be82c9257012ea8f3ac5b72029.o","8360","49CA197B871F3265587209F42B21D9D8581F5356E56DA0A27A01F55E47F5ABF3"
"03_往届冠军仓库快照\R077_github_Brown-Bert_S4\SelectV2\op\SelectV2\build_out\kernel\ascend310b\select_v2\SelectV2_ff6447548bdc67190728e35a43eb8f15.json","2263","D5B8FEC28C5081CCEB35FAC84851DF18D605F52ED84FC4BE75E906B6C8A999C9"
"03_往届冠军仓库快照\R077_github_Brown-Bert_S4\SelectV2\op\SelectV2\build_out\kernel\ascend310b\select_v2\SelectV2_ff6447548bdc67190728e35a43eb8f15.o","8056","923C56EB33120275744619EE364D4DAAB7D2436D60822983CA3287D35F6FB6E9"
"03_往届冠军仓库快照\R077_github_Brown-Bert_S4\SelectV2\op\SelectV2\build_out\kernel\config\ascend310b\binary_info_config.json","2671","5E537615BFED74AB258E171D6EB42105CA99786600A6FBC1FE10192D7B3AE999"
"03_往届冠军仓库快照\R077_github_Brown-Bert_S4\SelectV2\op\SelectV2\build_out\kernel\config\ascend310b\select_v2.json","7373","90096BA4488A78523CC302F471B2657D3866F37911BDA2D04F13E174F229BCA7"
"03_往届冠军仓库快照\R077_github_Brown-Bert_S4\SelectV2\op\SelectV2\build_out\Makefile","17952","5066BA2B169C6C1FB398F21A81D2D86A824EA4FF568B9FDF6CB5AB08D206C058"
"03_往届冠军仓库快照\R077_github_Brown-Bert_S4\SelectV2\op\SelectV2\build_out\op_host\cmake_install.cmake","7354","AF10A8FDC38BCB5E8D3B201C7925525D5F00A7AD98195915FD49FC715340EE5B"
"03_往届冠军仓库快照\R077_github_Brown-Bert_S4\SelectV2\op\SelectV2\build_out\op_host\CMakeFiles\CMakeDirectoryInformation.cmake","736","010CD1058D82FDD06256587A04FDEB2B09E8D002642DFDCFDF577D3921C65195"
"03_往届冠军仓库快照\R077_github_Brown-Bert_S4\SelectV2\op\SelectV2\build_out\op_host\CMakeFiles\cust_op_proto.dir\__\autogen\op_proto.cc.o","64160","BEDCC7E70749A86CBEF89F0532BE3F53B2DC897B403E1A68380C216808BBFBDA"
"03_往届冠军仓库快照\R077_github_Brown-Bert_S4\SelectV2\op\SelectV2\build_out\op_host\CMakeFiles\cust_op_proto.dir\__\autogen\op_proto.cc.o.d","15450","AEFDF13E4703EB0628175076125A05224C3DD4E51D798370A63FE7AD55B50C1A"
"03_往届冠军仓库快照\R077_github_Brown-Bert_S4\SelectV2\op\SelectV2\build_out\op_host\CMakeFiles\cust_op_proto.dir\build.make","8351","45718EF34365715D1A4174B4F813DA79108FA24A1CCBD45406E12A596F217F99"
"03_往届冠军仓库快照\R077_github_Brown-Bert_S4\SelectV2\op\SelectV2\build_out\op_host\CMakeFiles\cust_op_proto.dir\cmake_clean.cmake","474","A8E7C359721B1640107DD02B2468CD69B0C97673990FA0E18842FD55ACE6C6A8"
"03_往届冠军仓库快照\R077_github_Brown-Bert_S4\SelectV2\op\SelectV2\build_out\op_host\CMakeFiles\cust_op_proto.dir\compiler_depend.internal","30776","43C0D9FB81206D6ECFC14CD6BF411A6C4C5273F0B35606E9FE9C6538B2229B74"
"03_往届冠军仓库快照\R077_github_Brown-Bert_S4\SelectV2\op\SelectV2\build_out\op_host\CMakeFiles\cust_op_proto.dir\compiler_depend.make","47028","A9214B2B661CCBDF9927AA2B9E9AFB6CF55065086CC4B8CA266885D5BDA9A53E"
"03_往届冠军仓库快照\R077_github_Brown-Bert_S4\SelectV2\op\SelectV2\build_out\op_host\CMakeFiles\cust_op_proto.dir\compiler_depend.ts","122","746DB2524BA04C5FBDCF35FA80ED520F1B259E1CAFAFFF7074127558AF699CED"
"03_往届冠军仓库快照\R077_github_Brown-Bert_S4\SelectV2\op\SelectV2\build_out\op_host\CMakeFiles\cust_op_proto.dir\depend.make","99","2DD5080ABB4D8DCCE8A17C02E0B4C7D82F06DA6C3409FDC379D5150DF40DA037"
"03_往届冠军仓库快照\R077_github_Brown-Bert_S4\SelectV2\op\SelectV2\build_out\op_host\CMakeFiles\cust_op_proto.dir\DependInfo.cmake","893","18EB588C056EBDBD2DFFE1ED2891BB75300CBB3D71C9939C11CB5DE5EB559A84"
"03_往届冠军仓库快照\R077_github_Brown-Bert_S4\SelectV2\op\SelectV2\build_out\op_host\CMakeFiles\cust_op_proto.dir\flags.make","422","4BE6585D6E82A5BF6A1FE6160A9EC59E57E6B5C84AEBE55966B5E8BF8E422A0A"
"03_往届冠军仓库快照\R077_github_Brown-Bert_S4\SelectV2\op\SelectV2\build_out\op_host\CMakeFiles\cust_op_proto.dir\link.txt","444","10AC50C75D3EC708AB8BA2F55D7903342004585F688C7D33BDEEB192E572199B"
"03_往届冠军仓库快照\R077_github_Brown-Bert_S4\SelectV2\op\SelectV2\build_out\op_host\CMakeFiles\cust_op_proto.dir\progress.make","68","F2C0C0D805D08CAAEDC98160C64A6DEA03F01D47CCFDA4D5DD91D9DCA15D768E"
"03_往届冠军仓库快照\R077_github_Brown-Bert_S4\SelectV2\op\SelectV2\build_out\op_host\CMakeFiles\cust_op_proto.dir\select_v2.cpp.o","88984","76C467EA88689912A35EBEB3890500171EB54B0AE33BA3F2DDFE2BF8809B45C3"
"03_往届冠军仓库快照\R077_github_Brown-Bert_S4\SelectV2\op\SelectV2\build_out\op_host\CMakeFiles\cust_op_proto.dir\select_v2.cpp.o.d","16133","5D5FA99749EE1B53D484689C9BA5D610A8D3FF5F7727C98C4A2CAFBC221D29F2"
"03_往届冠军仓库快照\R077_github_Brown-Bert_S4\SelectV2\op\SelectV2\build_out\op_host\CMakeFiles\cust_opapi.dir\__\autogen\aclnn_select_v2.cpp.o","13448","A9C29D1C841B65BD95208BC3C1CD2A44F121174A858FBEECC5250A9BE1D5CD55"
"03_往届冠军仓库快照\R077_github_Brown-Bert_S4\SelectV2\op\SelectV2\build_out\op_host\CMakeFiles\cust_opapi.dir\__\autogen\aclnn_select_v2.cpp.o.d","7927","F2410CED521C73FEE0CFC7FAB6BFAA9A3577F52DA49DC6F98231865E5164CC90"
"03_往届冠军仓库快照\R077_github_Brown-Bert_S4\SelectV2\op\SelectV2\build_out\op_host\CMakeFiles\cust_opapi.dir\build.make","6223","A4D0B4E6554F7FBF0C63BF4E0C9E3F8F9C321C0F3CD278B6F61989085CE617A6"
"03_往届冠军仓库快照\R077_github_Brown-Bert_S4\SelectV2\op\SelectV2\build_out\op_host\CMakeFiles\cust_opapi.dir\cmake_clean.cmake","361","5A8791EE1BB51AA8BDEA01542F14249FFCA60A99BEBC21CCD6FE61B70F4B556A"
"03_往届冠军仓库快照\R077_github_Brown-Bert_S4\SelectV2\op\SelectV2\build_out\op_host\CMakeFiles\cust_opapi.dir\compiler_depend.internal","7797","F1EE67790C3E07C3D66E21DD1531F56635A98CA58909AE9ED44B52A2D298B87B"
"03_往届冠军仓库快照\R077_github_Brown-Bert_S4\SelectV2\op\SelectV2\build_out\op_host\CMakeFiles\cust_opapi.dir\compiler_depend.make","15930","5D3E67DD286244D6BB9164BB2F3F4631C0F8474D239C6465E712567D84659EC3"
"03_往届冠军仓库快照\R077_github_Brown-Bert_S4\SelectV2\op\SelectV2\build_out\op_host\CMakeFiles\cust_opapi.dir\compiler_depend.ts","119","4567C57648BCC9A8436398405A50D93D52A6C8EA847ADC4C39C107CB24781FB3"
"03_往届冠军仓库快照\R077_github_Brown-Bert_S4\SelectV2\op\SelectV2\build_out\op_host\CMakeFiles\cust_opapi.dir\depend.make","96","A909259367E470AC0FC4B3405CAFD915AF4D7E9B8951F698186D9D7504E970F4"
"03_往届冠军仓库快照\R077_github_Brown-Bert_S4\SelectV2\op\SelectV2\build_out\op_host\CMakeFiles\cust_opapi.dir\DependInfo.cmake","698","7CF0959DCDE291E88AAF85546AB174615277B83842C4AABE0ACABF77D18AD022"
"03_往届冠军仓库快照\R077_github_Brown-Bert_S4\SelectV2\op\SelectV2\build_out\op_host\CMakeFiles\cust_opapi.dir\flags.make","404","C0B85107F25A80E02B95FA1BCEDD9AA9F33C58B780C1C044E86632C1BDB95F09"
"03_往届冠军仓库快照\R077_github_Brown-Bert_S4\SelectV2\op\SelectV2\build_out\op_host\CMakeFiles\cust_opapi.dir\link.txt","314","4E24E399D5650B9F50BDC7CA8310BD5BED4AA0666E3CEE0A9FA15936BDD74308"
"03_往届冠军仓库快照\R077_github_Brown-Bert_S4\SelectV2\op\SelectV2\build_out\op_host\CMakeFiles\cust_opapi.dir\progress.make","46","D25EED8A4C5005B7D12829BFED2186FD25192AD6E3766555296EFD9D20E9A03A"
"03_往届冠军仓库快照\R077_github_Brown-Bert_S4\SelectV2\op\SelectV2\build_out\op_host\CMakeFiles\cust_optiling.dir\build.make","6070","E82AC643BC968EB8FC324719B1A30B3DFFF7CC65B4F41544843EFCBF9AD1C0DD"
"03_往届冠军仓库快照\R077_github_Brown-Bert_S4\SelectV2\op\SelectV2\build_out\op_host\CMakeFiles\cust_optiling.dir\cmake_clean.cmake","354","6FA9983CF44B64BBC4B08FBDA6E800C3B5FFEACC82BC86912B2732062D67357E"
"03_往届冠军仓库快照\R077_github_Brown-Bert_S4\SelectV2\op\SelectV2\build_out\op_host\CMakeFiles\cust_optiling.dir\compiler_depend.internal","15777","61D5A1EB8EAA0E2A97865C02255331FF29979C79E70BF6F7403A113E6CBC0DF4"
"03_往届冠军仓库快照\R077_github_Brown-Bert_S4\SelectV2\op\SelectV2\build_out\op_host\CMakeFiles\cust_optiling.dir\compiler_depend.make","31254","EF765C6CC95D0BC5BB035876D026819C03E17790DECFB11C692C7F4E70B6A94F"
"03_往届冠军仓库快照\R077_github_Brown-Bert_S4\SelectV2\op\SelectV2\build_out\op_host\CMakeFiles\cust_optiling.dir\compiler_depend.ts","122","275E8BF31C17171D429EB3BDA93192FBFB3066F91177792418FC3B1A0D6055D0"
"03_往届冠军仓库快照\R077_github_Brown-Bert_S4\SelectV2\op\SelectV2\build_out\op_host\CMakeFiles\cust_optiling.dir\depend.make","99","0F5D49CC575B33CFEC83DB55E5E6FE93688D6610D08985E5347B96E35CA83E6D"
"03_往届冠军仓库快照\R077_github_Brown-Bert_S4\SelectV2\op\SelectV2\build_out\op_host\CMakeFiles\cust_optiling.dir\DependInfo.cmake","654","CD14E225E868A5EF5388B82FB7A5FA51C26453D1CC8BAC6548D0B56158837552"
"03_往届冠军仓库快照\R077_github_Brown-Bert_S4\SelectV2\op\SelectV2\build_out\op_host\CMakeFiles\cust_optiling.dir\flags.make","423","B5979D0D2B3431F142A3397688DB2E749D3689CDD2C8E5563B5F452C732A9C7D"
"03_往届冠军仓库快照\R077_github_Brown-Bert_S4\SelectV2\op\SelectV2\build_out\op_host\CMakeFiles\cust_optiling.dir\link.txt","390","C585FF125A7F06D43EAF768F8A042F3E39B72A956650D04E221B4AC19A0EDBE0"
"03_往届冠军仓库快照\R077_github_Brown-Bert_S4\SelectV2\op\SelectV2\build_out\op_host\CMakeFiles\cust_optiling.dir\progress.make","46","A3C63140A2BF64533CB299659C0B0B4DEE13B37924C3FE98131A36E50B6CA4E9"
"03_往届冠军仓库快照\R077_github_Brown-Bert_S4\SelectV2\op\SelectV2\build_out\op_host\CMakeFiles\cust_optiling.dir\select_v2.cpp.o","93560","54F6F2BB10CB338DA677E4BD1286103B7FD98BDD01A386E9A01E356044469C9B"
"03_往届冠军仓库快照\R077_github_Brown-Bert_S4\SelectV2\op\SelectV2\build_out\op_host\CMakeFiles\cust_optiling.dir\select_v2.cpp.o.d","16133","A012EDADEE991DD7C6E4DD8E574E62F8B69EDA2337922C134C1033A5A0CC5D68"
"03_往届冠军仓库快照\R077_github_Brown-Bert_S4\SelectV2\op\SelectV2\build_out\op_host\CMakeFiles\optiling_compat.dir\build.make","3405","7C79D2BB8B35AD02D3ABEC036EEB35CB10B1C56C3870CCC15961264FFA1AE73F"
"03_往届冠军仓库快照\R077_github_Brown-Bert_S4\SelectV2\op\SelectV2\build_out\op_host\CMakeFiles\optiling_compat.dir\cmake_clean.cmake","220","ABA4F27F84694692B7A2F000D6494B14107FB6A8D5BD6F8566243EA9783AD38D"
"03_往届冠军仓库快照\R077_github_Brown-Bert_S4\SelectV2\op\SelectV2\build_out\op_host\CMakeFiles\optiling_compat.dir\compiler_depend.make","127","59C4C8911582CEE8D9C6B5C0637ED8DC59E7ADAAA53041E0F113B455E9606243"
"03_往届冠军仓库快照\R077_github_Brown-Bert_S4\SelectV2\op\SelectV2\build_out\op_host\CMakeFiles\optiling_compat.dir\compiler_depend.ts","121","B167E9D0DF927F58DE29E16F65DF5D4CCE8B598568138C19657CE99E61B3DAF7"
"03_往届冠军仓库快照\R077_github_Brown-Bert_S4\SelectV2\op\SelectV2\build_out\op_host\CMakeFiles\optiling_compat.dir\DependInfo.cmake","441","2C4D7F0C8064DD3E7C5E136231230F197B6DFA2ADC123C7CAA6ADCA96977CD8B"
"03_往届冠军仓库快照\R077_github_Brown-Bert_S4\SelectV2\op\SelectV2\build_out\op_host\CMakeFiles\optiling_compat.dir\progress.make","2","7EB70257593DA06F682A3DDDA54A9D260D4FC514F645237F5CA74B08F8DA61A6"
"03_往届冠军仓库快照\R077_github_Brown-Bert_S4\SelectV2\op\SelectV2\build_out\op_host\CMakeFiles\progress.marks","3","9B6DD0F55D1CEA37555DB317F53A0631F694BD46DF8018CC2AEED3D9E2F32F5F"
"03_往届冠军仓库快照\R077_github_Brown-Bert_S4\SelectV2\op\SelectV2\build_out\op_host\libcust_opapi.so","10384","C32E1FC20A26F2347DBE4ABFF4D756079C1C981C79316593A10B9D4E68B2ADE5"
"03_往届冠军仓库快照\R077_github_Brown-Bert_S4\SelectV2\op\SelectV2\build_out\op_host\libcust_opmaster_rt2.0.so","157640","899A8B56874F1FED358FCD795FB3DE3D9376F8D172DA0D3B916B9C08A0B4F703"
"03_往届冠军仓库快照\R077_github_Brown-Bert_S4\SelectV2\op\SelectV2\build_out\op_host\libcust_opsproto_rt2.0.so","169928","EA7AE805F9CCD25D1B1724527D5FC20C47CF46D571CB43DA7AD76594880BF012"
"03_往届冠军仓库快照\R077_github_Brown-Bert_S4\SelectV2\op\SelectV2\build_out\op_host\Makefile","15543","D16B726C115869B2C9BC139B8FCB12C2DB88F7027151CAFEE9BB7C32824B8C40"
"03_往届冠军仓库快照\R077_github_Brown-Bert_S4\SelectV2\op\SelectV2\build_out\op_kernel\binary\ascend310b\bin\binary_info_config.json","2671","5E537615BFED74AB258E171D6EB42105CA99786600A6FBC1FE10192D7B3AE999"
"03_往届冠军仓库快照\R077_github_Brown-Bert_S4\SelectV2\op\SelectV2\build_out\op_kernel\binary\ascend310b\bin\select_v2.json","7373","90096BA4488A78523CC302F471B2657D3866F37911BDA2D04F13E174F229BCA7"
"03_往届冠军仓库快照\R077_github_Brown-Bert_S4\SelectV2\op\SelectV2\build_out\op_kernel\binary\ascend310b\bin\select_v2\SelectV2_3335dc1bf7986928dfc66edf6d56207f.json","2254","992F60C7D50F30A0B67FB17629A3BA07BBC37EB329A8874D48597C4F19C9E8FC"
"03_往届冠军仓库快照\R077_github_Brown-Bert_S4\SelectV2\op\SelectV2\build_out\op_kernel\binary\ascend310b\bin\select_v2\SelectV2_3335dc1bf7986928dfc66edf6d56207f.o","9128","A8EB1F6995B1E9903B5AB1A1BCC984070D8AC2AC4CB8300A9E88E46E299FC342"
"03_往届冠军仓库快照\R077_github_Brown-Bert_S4\SelectV2\op\SelectV2\build_out\op_kernel\binary\ascend310b\bin\select_v2\SelectV2_68a276f5c96d7263ca762de43eb1e6f5.json","2257","45EAC22CEF0BA22D63E66C51FB28B94EFA8176A813795D75CD1792E97AE5935E"
"03_往届冠军仓库快照\R077_github_Brown-Bert_S4\SelectV2\op\SelectV2\build_out\op_kernel\binary\ascend310b\bin\select_v2\SelectV2_68a276f5c96d7263ca762de43eb1e6f5.o","8360","7030D0DA8981FFC5BF66E7859D2815651A69C3496BC6C6354E1D48460B438017"
"03_往届冠军仓库快照\R077_github_Brown-Bert_S4\SelectV2\op\SelectV2\build_out\op_kernel\binary\ascend310b\bin\select_v2\SelectV2_fa3043be82c9257012ea8f3ac5b72029.json","2263","1E70890BAE2BDC3817AA25BCC52B0FDDD85232AC7050A484EB48C7678655480C"
"03_往届冠军仓库快照\R077_github_Brown-Bert_S4\SelectV2\op\SelectV2\build_out\op_kernel\binary\ascend310b\bin\select_v2\SelectV2_fa3043be82c9257012ea8f3ac5b72029.o","8360","49CA197B871F3265587209F42B21D9D8581F5356E56DA0A27A01F55E47F5ABF3"
"03_往届冠军仓库快照\R077_github_Brown-Bert_S4\SelectV2\op\SelectV2\build_out\op_kernel\binary\ascend310b\bin\select_v2\SelectV2_ff6447548bdc67190728e35a43eb8f15.json","2263","D5B8FEC28C5081CCEB35FAC84851DF18D605F52ED84FC4BE75E906B6C8A999C9"
"03_往届冠军仓库快照\R077_github_Brown-Bert_S4\SelectV2\op\SelectV2\build_out\op_kernel\binary\ascend310b\bin\select_v2\SelectV2_ff6447548bdc67190728e35a43eb8f15.o","8056","923C56EB33120275744619EE364D4DAAB7D2436D60822983CA3287D35F6FB6E9"
"03_往届冠军仓库快照\R077_github_Brown-Bert_S4\SelectV2\op\SelectV2\build_out\op_kernel\binary\ascend310b\gen\SelectV2_3335dc1bf7986928dfc66edf6d56207f_param.json","1247","987BE5C205BD206F4FC065A04BE94148AE5198D2AA36A107D38B38AF3A75E39E"
"03_往届冠军仓库快照\R077_github_Brown-Bert_S4\SelectV2\op\SelectV2\build_out\op_kernel\binary\ascend310b\gen\SelectV2_68a276f5c96d7263ca762de43eb1e6f5_param.json","1250","C77D726C296C23849B068530EEF74D30AEAFFF31ACC0CAB1582D8D1EB7EADDB9"
"03_往届冠军仓库快照\R077_github_Brown-Bert_S4\SelectV2\op\SelectV2\build_out\op_kernel\binary\ascend310b\gen\SelectV2_fa3043be82c9257012ea8f3ac5b72029_param.json","1256","2E531E6F6E9B9D3B2289BBA2C3801FB432FCE7159D25E65C8B77F06F816E660C"
"03_往届冠军仓库快照\R077_github_Brown-Bert_S4\SelectV2\op\SelectV2\build_out\op_kernel\binary\ascend310b\gen\SelectV2_ff6447548bdc67190728e35a43eb8f15_param.json","1256","F8A5232F197A65EBA28EF13FA52003B8EA1B71A7703E3CA7B0F472E77A28D138"
"03_往届冠军仓库快照\R077_github_Brown-Bert_S4\SelectV2\op\SelectV2\build_out\op_kernel\binary\ascend310b\gen\SelectV2-select_v2-0.sh","1144","1CFFDD0561EA9BFD356429FC3CC32DF7FA2449D2C087B334A18255B66547BA1B"
"03_往届冠军仓库快照\R077_github_Brown-Bert_S4\SelectV2\op\SelectV2\build_out\op_kernel\binary\ascend310b\gen\SelectV2-select_v2-1.sh","1144","230B30E19760D8FD604973071FE58295C86A31978F2205FFAA390B23C778B404"
"03_往届冠军仓库快照\R077_github_Brown-Bert_S4\SelectV2\op\SelectV2\build_out\op_kernel\binary\ascend310b\gen\SelectV2-select_v2-2.sh","1144","F3C3DB015E42BD78DC99145F522A8044FB0B9DBD0CD740C76BA4115AC7B0300B"
"03_往届冠军仓库快照\R077_github_Brown-Bert_S4\SelectV2\op\SelectV2\build_out\op_kernel\binary\ascend310b\gen\SelectV2-select_v2-3.sh","1144","C58ACA85084F66281549BA152F358E334D2DFFDE4B7ADB970FFC728C09B4E5FD"
"03_往届冠军仓库快照\R077_github_Brown-Bert_S4\SelectV2\op\SelectV2\build_out\op_kernel\binary\ascend310b\src\__pycache__\SelectV2.cpython-39.pyc","6721","EBD99A7EFED3A80BAE052445A0C2360B2B9F39456996684A088D32F313C7430F"
"03_往届冠军仓库快照\R077_github_Brown-Bert_S4\SelectV2\op\SelectV2\build_out\op_kernel\binary\ascend310b\src\CMakeLists.txt","2758","734B2C7EFA66073F407CDDBD9C06D9DA10A9B29126099D57F6D4BACEB9A27253"
"03_往届冠军仓库快照\R077_github_Brown-Bert_S4\SelectV2\op\SelectV2\build_out\op_kernel\binary\ascend310b\src\select_v2.cpp","12420","96EF89359D666FA3BC3BC9015EF71AA5CAE4C6DB55B8370B735A2FBE596129B2"
"03_往届冠军仓库快照\R077_github_Brown-Bert_S4\SelectV2\op\SelectV2\build_out\op_kernel\binary\ascend310b\src\SelectV2.py","9005","091AC63FCE15A93632170823679030ABD18CA4788D8855D96590314060D21359"
"03_往届冠军仓库快照\R077_github_Brown-Bert_S4\SelectV2\op\SelectV2\build_out\op_kernel\cmake_install.cmake","6773","9BBF717418DDC9E024041C89B932451BDAFA00765CFA9C04E284D69D491EF286"
"03_往届冠军仓库快照\R077_github_Brown-Bert_S4\SelectV2\op\SelectV2\build_out\op_kernel\CMakeFiles\ascendc_bin_ascend310b_gen_ops_config.dir\build.make","4239","0FE41C99B227A9869F8D408A1F6C9B5097146FFE3372386DA69B7E12DF986FF0"
"03_往届冠军仓库快照\R077_github_Brown-Bert_S4\SelectV2\op\SelectV2\build_out\op_kernel\CMakeFiles\ascendc_bin_ascend310b_gen_ops_config.dir\cmake_clean.cmake","264","545066E544C511AA38FB3C011546AB0DFA53EBC867BD36B4A6B0B43931CF4FDB"
"03_往届冠军仓库快照\R077_github_Brown-Bert_S4\SelectV2\op\SelectV2\build_out\op_kernel\CMakeFiles\ascendc_bin_ascend310b_gen_ops_config.dir\compiler_depend.make","149","16CF94A59F9796280087176A43EC549EC83FC2CF1D5FEE640FA9272BDC6D460B"
"03_往届冠军仓库快照\R077_github_Brown-Bert_S4\SelectV2\op\SelectV2\build_out\op_kernel\CMakeFiles\ascendc_bin_ascend310b_gen_ops_config.dir\compiler_depend.ts","143","BBB1C21AD558147BC1DDE4BCCC8D83412AF0066A070D608B4A50C6611812CECD"
"03_往届冠军仓库快照\R077_github_Brown-Bert_S4\SelectV2\op\SelectV2\build_out\op_kernel\CMakeFiles\ascendc_bin_ascend310b_gen_ops_config.dir\DependInfo.cmake","441","2C4D7F0C8064DD3E7C5E136231230F197B6DFA2ADC123C7CAA6ADCA96977CD8B"
"03_往届冠军仓库快照\R077_github_Brown-Bert_S4\SelectV2\op\SelectV2\build_out\op_kernel\CMakeFiles\ascendc_bin_ascend310b_gen_ops_config.dir\progress.make","2","7EB70257593DA06F682A3DDDA54A9D260D4FC514F645237F5CA74B08F8DA61A6"
"03_往届冠军仓库快照\R077_github_Brown-Bert_S4\SelectV2\op\SelectV2\build_out\op_kernel\CMakeFiles\ascendc_bin_ascend310b_select_v2_0.dir\build.make","4062","D62F24D093521E9AE1FDC7127FC5C7D5B47E74FF74292EB8D5899153EBBAB3AD"
"03_往届冠军仓库快照\R077_github_Brown-Bert_S4\SelectV2\op\SelectV2\build_out\op_kernel\CMakeFiles\ascendc_bin_ascend310b_select_v2_0.dir\cmake_clean.cmake","258","FB9481B9B92B779BD2172D07BC840B9F1DBCC64B9838DE30D9635FDA997CA0C1"
"03_往届冠军仓库快照\R077_github_Brown-Bert_S4\SelectV2\op\SelectV2\build_out\op_kernel\CMakeFiles\ascendc_bin_ascend310b_select_v2_0.dir\compiler_depend.make","146","060F09C597A3210EFDD85747C1E8A7A37485D639626920435103A8FA49B8E4CE"
"03_往届冠军仓库快照\R077_github_Brown-Bert_S4\SelectV2\op\SelectV2\build_out\op_kernel\CMakeFiles\ascendc_bin_ascend310b_select_v2_0.dir\compiler_depend.ts","140","2097DB1CFA8F1BD3EFD35DF4E160D84353EB396E7B682FB71E994AC2C5C11908"
"03_往届冠军仓库快照\R077_github_Brown-Bert_S4\SelectV2\op\SelectV2\build_out\op_kernel\CMakeFiles\ascendc_bin_ascend310b_select_v2_0.dir\DependInfo.cmake","441","2C4D7F0C8064DD3E7C5E136231230F197B6DFA2ADC123C7CAA6ADCA96977CD8B"
"03_往届冠军仓库快照\R077_github_Brown-Bert_S4\SelectV2\op\SelectV2\build_out\op_kernel\CMakeFiles\ascendc_bin_ascend310b_select_v2_0.dir\progress.make","2","7EB70257593DA06F682A3DDDA54A9D260D4FC514F645237F5CA74B08F8DA61A6"
"03_往届冠军仓库快照\R077_github_Brown-Bert_S4\SelectV2\op\SelectV2\build_out\op_kernel\CMakeFiles\ascendc_bin_ascend310b_select_v2_1.dir\build.make","4062","2FC65F51DD829FB400C7AAD2A52D9E0A05FBA35799F2977001763AA892EEDA00"
"03_往届冠军仓库快照\R077_github_Brown-Bert_S4\SelectV2\op\SelectV2\build_out\op_kernel\CMakeFiles\ascendc_bin_ascend310b_select_v2_1.dir\cmake_clean.cmake","258","2F9B57F1F5027FE33EA20B126F802AD0E43009A0191531E64C0FD2BDD70A3456"
"03_往届冠军仓库快照\R077_github_Brown-Bert_S4\SelectV2\op\SelectV2\build_out\op_kernel\CMakeFiles\ascendc_bin_ascend310b_select_v2_1.dir\compiler_depend.make","146","1509E786533FE3096ED1BD2758723CD5DD3A3577F3AF1841EAFF896494A8BEA1"
"03_往届冠军仓库快照\R077_github_Brown-Bert_S4\SelectV2\op\SelectV2\build_out\op_kernel\CMakeFiles\ascendc_bin_ascend310b_select_v2_1.dir\compiler_depend.ts","140","57057C271CCD006B5F8F573EEDCA93C2EFBA952D82C841AB5F8F74E39A67B451"
"03_往届冠军仓库快照\R077_github_Brown-Bert_S4\SelectV2\op\SelectV2\build_out\op_kernel\CMakeFiles\ascendc_bin_ascend310b_select_v2_1.dir\DependInfo.cmake","441","2C4D7F0C8064DD3E7C5E136231230F197B6DFA2ADC123C7CAA6ADCA96977CD8B"
"03_往届冠军仓库快照\R077_github_Brown-Bert_S4\SelectV2\op\SelectV2\build_out\op_kernel\CMakeFiles\ascendc_bin_ascend310b_select_v2_1.dir\progress.make","2","7EB70257593DA06F682A3DDDA54A9D260D4FC514F645237F5CA74B08F8DA61A6"
"03_往届冠军仓库快照\R077_github_Brown-Bert_S4\SelectV2\op\SelectV2\build_out\op_kernel\CMakeFiles\ascendc_bin_ascend310b_select_v2_2.dir\build.make","4062","A046A964196180068B81015879939761362A1481C20060696D171441C864706A"
"03_往届冠军仓库快照\R077_github_Brown-Bert_S4\SelectV2\op\SelectV2\build_out\op_kernel\CMakeFiles\ascendc_bin_ascend310b_select_v2_2.dir\cmake_clean.cmake","258","DF5AB46AB721BC558C114226700D49CEE31ECDC8D52231B5D85522DD78E41398"
"03_往届冠军仓库快照\R077_github_Brown-Bert_S4\SelectV2\op\SelectV2\build_out\op_kernel\CMakeFiles\ascendc_bin_ascend310b_select_v2_2.dir\compiler_depend.make","146","0049C71C78A1FA91DA62DD3F6E2AB98A242BE298BE4C8EC328DA02936160C42A"
"03_往届冠军仓库快照\R077_github_Brown-Bert_S4\SelectV2\op\SelectV2\build_out\op_kernel\CMakeFiles\ascendc_bin_ascend310b_select_v2_2.dir\compiler_depend.ts","140","78389584EE03AA7A99EFF145065B1AB894215FA3F04212A8C53B5A98B812D036"
"03_往届冠军仓库快照\R077_github_Brown-Bert_S4\SelectV2\op\SelectV2\build_out\op_kernel\CMakeFiles\ascendc_bin_ascend310b_select_v2_2.dir\DependInfo.cmake","441","2C4D7F0C8064DD3E7C5E136231230F197B6DFA2ADC123C7CAA6ADCA96977CD8B"
"03_往届冠军仓库快照\R077_github_Brown-Bert_S4\SelectV2\op\SelectV2\build_out\op_kernel\CMakeFiles\ascendc_bin_ascend310b_select_v2_2.dir\progress.make","2","7EB70257593DA06F682A3DDDA54A9D260D4FC514F645237F5CA74B08F8DA61A6"
"03_往届冠军仓库快照\R077_github_Brown-Bert_S4\SelectV2\op\SelectV2\build_out\op_kernel\CMakeFiles\ascendc_bin_ascend310b_select_v2_3.dir\build.make","4062","998DFA551001453B95C6037F0A7DC189ABFF3A6143BC5D1761361171D1F10D99"
"03_往届冠军仓库快照\R077_github_Brown-Bert_S4\SelectV2\op\SelectV2\build_out\op_kernel\CMakeFiles\ascendc_bin_ascend310b_select_v2_3.dir\cmake_clean.cmake","258","C80539928F14C604C82A77889ECC8F5AF059616DBE7DF8488FE99996443920AD"
"03_往届冠军仓库快照\R077_github_Brown-Bert_S4\SelectV2\op\SelectV2\build_out\op_kernel\CMakeFiles\ascendc_bin_ascend310b_select_v2_3.dir\compiler_depend.make","146","3056782129F4F6BBEF1538C385450ECB92FFB8AE2928C3CFD3C66A7C6FCC8E3E"
"03_往届冠军仓库快照\R077_github_Brown-Bert_S4\SelectV2\op\SelectV2\build_out\op_kernel\CMakeFiles\ascendc_bin_ascend310b_select_v2_3.dir\compiler_depend.ts","140","861B3804DA7448725FCB702192236CE45B19000EA528EAD5B144285C5783DBC5"
"03_往届冠军仓库快照\R077_github_Brown-Bert_S4\SelectV2\op\SelectV2\build_out\op_kernel\CMakeFiles\ascendc_bin_ascend310b_select_v2_3.dir\DependInfo.cmake","441","2C4D7F0C8064DD3E7C5E136231230F197B6DFA2ADC123C7CAA6ADCA96977CD8B"
"03_往届冠军仓库快照\R077_github_Brown-Bert_S4\SelectV2\op\SelectV2\build_out\op_kernel\CMakeFiles\ascendc_bin_ascend310b_select_v2_3.dir\progress.make","2","7EB70257593DA06F682A3DDDA54A9D260D4FC514F645237F5CA74B08F8DA61A6"
"03_往届冠军仓库快照\R077_github_Brown-Bert_S4\SelectV2\op\SelectV2\build_out\op_kernel\CMakeFiles\ascendc_bin_ascend310b_select_v2_copy.dir\build.make","3919","584B274A12DD474E6FAFBBF32359925D3E1BFD708A7FD693D0B0CA35C9566785"
"03_往届冠军仓库快照\R077_github_Brown-Bert_S4\SelectV2\op\SelectV2\build_out\op_kernel\CMakeFiles\ascendc_bin_ascend310b_select_v2_copy.dir\cmake_clean.cmake","264","77F3A5981135BC497A34319ADDF304E8C18C87C7E4038084DBAF4872891F7F15"
"03_往届冠军仓库快照\R077_github_Brown-Bert_S4\SelectV2\op\SelectV2\build_out\op_kernel\CMakeFiles\ascendc_bin_ascend310b_select_v2_copy.dir\compiler_depend.make","149","2EA97DC2C0D7082A230527FE409006DF0879861E5DBEFB3859D924F725C8BA61"
"03_往届冠军仓库快照\R077_github_Brown-Bert_S4\SelectV2\op\SelectV2\build_out\op_kernel\CMakeFiles\ascendc_bin_ascend310b_select_v2_copy.dir\compiler_depend.ts","143","9AA1EFEF86A5A18A6F8EA235736D777A56D0F40538AF60242602E57791A5631B"
"03_往届冠军仓库快照\R077_github_Brown-Bert_S4\SelectV2\op\SelectV2\build_out\op_kernel\CMakeFiles\ascendc_bin_ascend310b_select_v2_copy.dir\DependInfo.cmake","441","2C4D7F0C8064DD3E7C5E136231230F197B6DFA2ADC123C7CAA6ADCA96977CD8B"
"03_往届冠军仓库快照\R077_github_Brown-Bert_S4\SelectV2\op\SelectV2\build_out\op_kernel\CMakeFiles\ascendc_bin_ascend310b_select_v2_copy.dir\progress.make","2","7EB70257593DA06F682A3DDDA54A9D260D4FC514F645237F5CA74B08F8DA61A6"
"03_往届冠军仓库快照\R077_github_Brown-Bert_S4\SelectV2\op\SelectV2\build_out\op_kernel\CMakeFiles\ascendc_bin_ascend310b.dir\build.make","3609","5664B69E3E59851A2DDDAA819D948D8166D935DD443FEE7C26C654C64B41C100"
"03_往届冠军仓库快照\R077_github_Brown-Bert_S4\SelectV2\op\SelectV2\build_out\op_kernel\CMakeFiles\ascendc_bin_ascend310b.dir\cmake_clean.cmake","234","ABDA677BEFB8EB2F4044F23C47166E6B5CE35E70EA7E7E33E8231AD43F502D78"
"03_往届冠军仓库快照\R077_github_Brown-Bert_S4\SelectV2\op\SelectV2\build_out\op_kernel\CMakeFiles\ascendc_bin_ascend310b.dir\compiler_depend.make","134","CCD2124530A27D0DAF437B8DB7AC12111B91D9597E4A20088692B4B67A736B98"
"03_往届冠军仓库快照\R077_github_Brown-Bert_S4\SelectV2\op\SelectV2\build_out\op_kernel\CMakeFiles\ascendc_bin_ascend310b.dir\compiler_depend.ts","128","B7049C2B272A056AB8E7FC4EBB3A24CC56B5CE7D6B9CEEDA0262E9C7B9F78A19"
"03_往届冠军仓库快照\R077_github_Brown-Bert_S4\SelectV2\op\SelectV2\build_out\op_kernel\CMakeFiles\ascendc_bin_ascend310b.dir\DependInfo.cmake","441","2C4D7F0C8064DD3E7C5E136231230F197B6DFA2ADC123C7CAA6ADCA96977CD8B"
"03_往届冠军仓库快照\R077_github_Brown-Bert_S4\SelectV2\op\SelectV2\build_out\op_kernel\CMakeFiles\ascendc_bin_ascend310b.dir\progress.make","2","7EB70257593DA06F682A3DDDA54A9D260D4FC514F645237F5CA74B08F8DA61A6"
"03_往届冠军仓库快照\R077_github_Brown-Bert_S4\SelectV2\op\SelectV2\build_out\op_kernel\CMakeFiles\ascendc_impl_gen.dir\build.make","4890","07AB6C0190A8739C367FB45FFD9CC59360914F8C37E2C265E9E590CF1F7AF622"
"03_往届冠军仓库快照\R077_github_Brown-Bert_S4\SelectV2\op\SelectV2\build_out\op_kernel\CMakeFiles\ascendc_impl_gen.dir\cmake_clean.cmake","247","E191DEA3AD03D441A15C4C60D3D9A49DDBC8737590DCBC3B8498AD8910EDDA37"
"03_往届冠军仓库快照\R077_github_Brown-Bert_S4\SelectV2\op\SelectV2\build_out\op_kernel\CMakeFiles\ascendc_impl_gen.dir\compiler_depend.make","128","71C893DBF23A3002E0E0809F6F929AB741C16245D1B3D40A244C145AD6283A57"
"03_往届冠军仓库快照\R077_github_Brown-Bert_S4\SelectV2\op\SelectV2\build_out\op_kernel\CMakeFiles\ascendc_impl_gen.dir\compiler_depend.ts","122","643FF9C6E5497060C486B158BCA2139FF05F7695927FF22032104A8D6D8D68D7"
"03_往届冠军仓库快照\R077_github_Brown-Bert_S4\SelectV2\op\SelectV2\build_out\op_kernel\CMakeFiles\ascendc_impl_gen.dir\DependInfo.cmake","441","2C4D7F0C8064DD3E7C5E136231230F197B6DFA2ADC123C7CAA6ADCA96977CD8B"
"03_往届冠军仓库快照\R077_github_Brown-Bert_S4\SelectV2\op\SelectV2\build_out\op_kernel\CMakeFiles\ascendc_impl_gen.dir\progress.make","24","90DEBBF610B4DEABBC54F206EBD99589425F1E2370A7808C4FFEA02F42913B6F"
"03_往届冠军仓库快照\R077_github_Brown-Bert_S4\SelectV2\op\SelectV2\build_out\op_kernel\CMakeFiles\binary.dir\build.make","2958","A49813CEDB572030F69684F24FECD83C655761781573823C22948E64D1315774"
"03_往届冠军仓库快照\R077_github_Brown-Bert_S4\SelectV2\op\SelectV2\build_out\op_kernel\CMakeFiles\binary.dir\cmake_clean.cmake","155","9A8C5156ECA9B540184177910BCB011A13B6AF9AC1EDCA750A371FD42FF4CF0B"
"03_往届冠军仓库快照\R077_github_Brown-Bert_S4\SelectV2\op\SelectV2\build_out\op_kernel\CMakeFiles\binary.dir\compiler_depend.make","118","F23B9E7DE9E7F14D62FFB92AF84E045EF0DB54255810AB1E3979EA4E512CE374"
"03_往届冠军仓库快照\R077_github_Brown-Bert_S4\SelectV2\op\SelectV2\build_out\op_kernel\CMakeFiles\binary.dir\compiler_depend.ts","112","0CEAEB11B71DD14509213B8B79299ADB7300A880879A8DCF36DB3187DFECF633"
"03_往届冠军仓库快照\R077_github_Brown-Bert_S4\SelectV2\op\SelectV2\build_out\op_kernel\CMakeFiles\binary.dir\DependInfo.cmake","441","2C4D7F0C8064DD3E7C5E136231230F197B6DFA2ADC123C7CAA6ADCA96977CD8B"
"03_往届冠军仓库快照\R077_github_Brown-Bert_S4\SelectV2\op\SelectV2\build_out\op_kernel\CMakeFiles\binary.dir\progress.make","2","7EB70257593DA06F682A3DDDA54A9D260D4FC514F645237F5CA74B08F8DA61A6"
"03_往届冠军仓库快照\R077_github_Brown-Bert_S4\SelectV2\op\SelectV2\build_out\op_kernel\CMakeFiles\CMakeDirectoryInformation.cmake","736","010CD1058D82FDD06256587A04FDEB2B09E8D002642DFDCFDF577D3921C65195"
"03_往届冠军仓库快照\R077_github_Brown-Bert_S4\SelectV2\op\SelectV2\build_out\op_kernel\CMakeFiles\npu_supported_ops.dir\build.make","4237","D9E19D278D415788E7EE2128F73ABEA62FD0B505FFF0F7DDA666B53E6DFB760D"
"03_往届冠军仓库快照\R077_github_Brown-Bert_S4\SelectV2\op\SelectV2\build_out\op_kernel\CMakeFiles\npu_supported_ops.dir\cmake_clean.cmake","276","03AB318B6F8D53840C00F3606548EF1661EBF26FA90BD549A468D58F42FF72A0"
"03_往届冠军仓库快照\R077_github_Brown-Bert_S4\SelectV2\op\SelectV2\build_out\op_kernel\CMakeFiles\npu_supported_ops.dir\compiler_depend.make","129","628C48BDA1920A5E2A7D09C6A9BBB8CCB433499F9F45F82E9E3BBC2B386CB61E"
"03_往届冠军仓库快照\R077_github_Brown-Bert_S4\SelectV2\op\SelectV2\build_out\op_kernel\CMakeFiles\npu_supported_ops.dir\compiler_depend.ts","123","CE09BC099C8B2F676FFD41FE5608A65D50ECD276988FBEFBE52BD10386577DB2"
"03_往届冠军仓库快照\R077_github_Brown-Bert_S4\SelectV2\op\SelectV2\build_out\op_kernel\CMakeFiles\npu_supported_ops.dir\DependInfo.cmake","441","2C4D7F0C8064DD3E7C5E136231230F197B6DFA2ADC123C7CAA6ADCA96977CD8B"
"03_往届冠军仓库快照\R077_github_Brown-Bert_S4\SelectV2\op\SelectV2\build_out\op_kernel\CMakeFiles\npu_supported_ops.dir\progress.make","25","E94D768723169C3E72C00E8AE359E8346E8A0BDA23F142A656A2F275E0D8493C"
"03_往届冠军仓库快照\R077_github_Brown-Bert_S4\SelectV2\op\SelectV2\build_out\op_kernel\CMakeFiles\ops_info_gen_ascend310b.dir\build.make","4571","D0C7CD71B0E0387DE140C619C1C4143D62C458C2916FF4CFBEDF86115369ED40"
"03_往届冠军仓库快照\R077_github_Brown-Bert_S4\SelectV2\op\SelectV2\build_out\op_kernel\CMakeFiles\ops_info_gen_ascend310b.dir\cmake_clean.cmake","305","47F8D3984DCD2ABA751ED987459489AF241CC0403E86B5E9FC78AE824C4B09AE"
"03_往届冠军仓库快照\R077_github_Brown-Bert_S4\SelectV2\op\SelectV2\build_out\op_kernel\CMakeFiles\ops_info_gen_ascend310b.dir\compiler_depend.make","135","B546715E8A4F2013271800B255DF98FB2A2618026C9BB0AC4D060F30320A107C"
"03_往届冠军仓库快照\R077_github_Brown-Bert_S4\SelectV2\op\SelectV2\build_out\op_kernel\CMakeFiles\ops_info_gen_ascend310b.dir\compiler_depend.ts","129","69A21D4C97033A4747DD75C0526E6C8A687CBF5B8B05339376F36B8869BFA83F"
"03_往届冠军仓库快照\R077_github_Brown-Bert_S4\SelectV2\op\SelectV2\build_out\op_kernel\CMakeFiles\ops_info_gen_ascend310b.dir\DependInfo.cmake","441","2C4D7F0C8064DD3E7C5E136231230F197B6DFA2ADC123C7CAA6ADCA96977CD8B"
"03_往届冠军仓库快照\R077_github_Brown-Bert_S4\SelectV2\op\SelectV2\build_out\op_kernel\CMakeFiles\ops_info_gen_ascend310b.dir\progress.make","25","00070EB503C3C8C51924DDDEC31A1991BDBB89F62DFEB4217E8AEC8170F02C20"
"03_往届冠军仓库快照\R077_github_Brown-Bert_S4\SelectV2\op\SelectV2\build_out\op_kernel\CMakeFiles\progress.marks","3","24BA1E99DC06B19351323AAE0D7370243D586475A634B7F6FF7927FBC72CFAED"
"03_往届冠军仓库快照\R077_github_Brown-Bert_S4\SelectV2\op\SelectV2\build_out\op_kernel\Makefile","17931","441C366EE6CAFF9C0CFDEC3CA613C40B9CA8D3FB6DCBB29F279A4FA4F57705B3"
"03_往届冠军仓库快照\R077_github_Brown-Bert_S4\SelectV2\op\SelectV2\build_out\op_kernel\tbe\.impl_timestamp","0","E3B0C44298FC1C149AFBF4C8996FB92427AE41E4649B934CA495991B7852B855"
"03_往届冠军仓库快照\R077_github_Brown-Bert_S4\SelectV2\op\SelectV2\build_out\op_kernel\tbe\dynamic\select_v2.py","9005","091AC63FCE15A93632170823679030ABD18CA4788D8855D96590314060D21359"
"03_往届冠军仓库快照\R077_github_Brown-Bert_S4\SelectV2\op\SelectV2\build_out\op_kernel\tbe\op_info_cfg\ai_core\ascend310b\aic-ascend310b-ops-info.json","1624","9EB83682AD3ED04E0E839C5BF99A22ECC275C9D4F270D50C20A4E25F626E9873"
"03_往届冠军仓库快照\R077_github_Brown-Bert_S4\SelectV2\op\SelectV2\build_out\op_kernel\tbe\op_info_cfg\ai_core\npu_supported_ops.json","72","F6E767795B9539B9196B1D4BD5B1665A4A17533ABBEC6DF1EDE02173258E4272"
"03_往届冠军仓库快照\R077_github_Brown-Bert_S4\SelectV2\op\SelectV2\build_out\scripts\help.info","81","27067F1EC0A23A694AE80EC4A05BC68415A284FBAF509B1A9CC0234035C61E5B"
"03_往届冠军仓库快照\R077_github_Brown-Bert_S4\SelectV2\op\SelectV2\build_out\scripts\install.sh","9429","8F949706F677F855B9FAF279441572C4E82B304FBE0FDA9027264794A75C4664"
"03_往届冠军仓库快照\R077_github_Brown-Bert_S4\SelectV2\op\SelectV2\build_out\scripts\upgrade.sh","3990","28AAB6534B3D6D98C83A8947EE5E266CD94BD1C0A515ADC562D0911F1A774023"
"03_往届冠军仓库快照\R077_github_Brown-Bert_S4\SelectV2\op\SelectV2\build_out\version.info","44","D612624DAD46BCE054E84F5D05A690A98EC96E731162818D554061CD32FF3D63"
"03_往届冠军仓库快照\R077_github_Brown-Bert_S4\SelectV2\op\SelectV2\build.sh","2027","FDBB5EB0CB0B16E316BC8986E306E1011C824F31DD25265FE6E9ED05E0C26774"
"03_往届冠军仓库快照\R077_github_Brown-Bert_S4\SelectV2\op\SelectV2\cmake\config.cmake","1251","81F98DD2FFE00CFF3B3B9489D070F418C356D96F1FD896FC65FF18E02CE214C7"
"03_往届冠军仓库快照\R077_github_Brown-Bert_S4\SelectV2\op\SelectV2\cmake\func.cmake","9313","F3CBA5BC9C108A3E5C01ED6FCC1DBFCF5AC5B51015E28012984D8B66676C93BB"
"03_往届冠军仓库快照\R077_github_Brown-Bert_S4\SelectV2\op\SelectV2\cmake\intf.cmake","1016","B79CCEE2CE03DC821022CB768A963E0667247C85B9CDF011DF913CD100B75834"
"03_往届冠军仓库快照\R077_github_Brown-Bert_S4\SelectV2\op\SelectV2\cmake\makeself.cmake","1411","E417E77228AE18A82CF2D551D63CBA5B8E001069DE18ECE287597D6E043B9573"
"03_往届冠军仓库快照\R077_github_Brown-Bert_S4\SelectV2\op\SelectV2\cmake\util\__init__.py","158","3F8B7683A736D7274A9A5B95FA7AF6DBDE368599C327336EAADE4059BE3C850F"
"03_往届冠军仓库快照\R077_github_Brown-Bert_S4\SelectV2\op\SelectV2\cmake\util\__pycache__\const_var.cpython-39.pyc","1736","51365B6376EA1773BD3FE013B42C89ED596BF5CAB92E5CC7A0ED3AABBCB63EA4"
"03_往届冠军仓库快照\R077_github_Brown-Bert_S4\SelectV2\op\SelectV2\cmake\util\__pycache__\opdesc_parser.cpython-39.pyc","10587","445B60788817CC39DEDC890987D909E55F75FA23E84EC4AEFCC5E10BF1E2D85C"
"03_往届冠军仓库快照\R077_github_Brown-Bert_S4\SelectV2\op\SelectV2\cmake\util\ascendc_bin_param_build.py","12229","B4AAB83F6DC38D516B98349A1C65D4F265473F744FDDB68C553729AC35A31789"
"03_往届冠军仓库快照\R077_github_Brown-Bert_S4\SelectV2\op\SelectV2\cmake\util\ascendc_gen_options.py","3350","FBD8BC4332B2340FDB71F4BBAE452E93C3A54B43CEA86818643D9D9D61794D35"
"03_往届冠军仓库快照\R077_github_Brown-Bert_S4\SelectV2\op\SelectV2\cmake\util\ascendc_impl_build.py","24215","9E93E284E6ECEF6210A8EC4B67BD84A4E70735CB4AC4E0B9701B522DDD912EF7"
"03_往届冠军仓库快照\R077_github_Brown-Bert_S4\SelectV2\op\SelectV2\cmake\util\ascendc_ops_config.py","9751","EF2EC2F8D2779D9179A7A460D45DE0769DB7C9E52CE5D4B53092860B9368AA19"
"03_往届冠军仓库快照\R077_github_Brown-Bert_S4\SelectV2\op\SelectV2\cmake\util\ascendc_replay_build.py","2712","165C9FE01344DC57176004A21AB38A23DB4B1186FE60B1A5AF63E9D4EE0BE263"
"03_往届冠军仓库快照\R077_github_Brown-Bert_S4\SelectV2\op\SelectV2\cmake\util\batch_replay_impl.temp","3889","C1B37BD05B2BD1CBF093AF635F4B2F18540BF98ED7FF4B04C3287B1F1A0FCCE0"
"03_往届冠军仓库快照\R077_github_Brown-Bert_S4\SelectV2\op\SelectV2\cmake\util\code_channel_infer.py","1636","42CD201DE4873771C8D44FDB4C7D89625001BE616436B6053665CB107AAB091D"
"03_往届冠军仓库快照\R077_github_Brown-Bert_S4\SelectV2\op\SelectV2\cmake\util\const_var.py","1590","BB06279278AC849ED2A68F22883FCD4046771EB4AABC0B6AEF286CC73317B113"
"03_往届冠军仓库快照\R077_github_Brown-Bert_S4\SelectV2\op\SelectV2\cmake\util\gen_impl_and_mrege_json.sh","646","8E62E9A6C1F4D5691417B9B25A4B77BCA4E8ADF26B1D677E1EEE7B013121DE8D"
"03_往届冠军仓库快照\R077_github_Brown-Bert_S4\SelectV2\op\SelectV2\cmake\util\gen_ops_filter.sh","1506","CE87DD1E7FB96BD999C3DDC93CD36F29FBD6A3F3AB75E088C5FDDA1AFC3D3A28"
"03_往届冠军仓库快照\R077_github_Brown-Bert_S4\SelectV2\op\SelectV2\cmake\util\gen_version_info.sh","353","1871CFEF3DD083C81966A95F98C812A19DF8FE0A4C83DFC3CA5BA03DB6E65A9A"
"03_往届冠军仓库快照\R077_github_Brown-Bert_S4\SelectV2\op\SelectV2\cmake\util\insert_op_info.py","1098","A15BAB921F83F74CE42E828EC1D1DD3F4057823F48B44CB138F85ACD906472CB"
"03_往届冠军仓库快照\R077_github_Brown-Bert_S4\SelectV2\op\SelectV2\cmake\util\insert_simplified_keys.py","6668","A1A460FE71424FBD78EF188ECC09C3B76BC9DAA99AE2D48D342DC0128FFA134F"
"03_往届冠军仓库快照\R077_github_Brown-Bert_S4\SelectV2\op\SelectV2\cmake\util\kernel_entry.py","3947","9DF250FFEBB39AC528DB19D76CD1AFD852942AC81C41E48C02A6E3368B3DC7E5"
"03_往届冠军仓库快照\R077_github_Brown-Bert_S4\SelectV2\op\SelectV2\cmake\util\kernel_impl.temp","240","660B98F6111CDD71260984CA38CC289710012291A414E21C4CF1BABB2F1A4AD1"
"03_往届冠军仓库快照\R077_github_Brown-Bert_S4\SelectV2\op\SelectV2\cmake\util\makeself\COPYING","18431","189B1AF95D661151E054CEA10C91B3D754E4DE4D3FECFB074C1FB29476F7167B"
"03_往届冠军仓库快照\R077_github_Brown-Bert_S4\SelectV2\op\SelectV2\cmake\util\makeself\make-release.sh","349","FBD10A2882B5BF82A407E855F0F088E469F4D142AFDD7B3DFDCC808798E374B9"
"03_往届冠军仓库快照\R077_github_Brown-Bert_S4\SelectV2\op\SelectV2\cmake\util\makeself\makeself-header.sh","18618","93AE39674EC8EA07C00245F38CA18365B78787E10DF443049360C051B49B0A97"
"03_往届冠军仓库快照\R077_github_Brown-Bert_S4\SelectV2\op\SelectV2\cmake\util\makeself\makeself.1","3189","1518183932195173D43E85ABC10CFB10366B0A1E3FC61A2D6136B68A78AB15FE"
"03_往届冠军仓库快照\R077_github_Brown-Bert_S4\SelectV2\op\SelectV2\cmake\util\makeself\makeself.lsm","836","270D45704E0F94F39B67369371A063C4E793F4AF5996B273D30ABC281994C1D9"
"03_往届冠军仓库快照\R077_github_Brown-Bert_S4\SelectV2\op\SelectV2\cmake\util\makeself\makeself.sh","25787","40482E4E390F2F3E1C1E06250C31C36814F054DF5254A5CBDD2FE89FD70D9C2B"
"03_往届冠军仓库快照\R077_github_Brown-Bert_S4\SelectV2\op\SelectV2\cmake\util\makeself\README.md","22146","C12F14B92112511DE28B943EDDB8765D3D75D1AEDB23AA49442559C1BE273E4A"
"03_往届冠军仓库快照\R077_github_Brown-Bert_S4\SelectV2\op\SelectV2\cmake\util\makeself\run-tests.sh","192","A9E7846C51870CA216D9620416C29F82466172876909E382CD7600215E766292"
"03_往届冠军仓库快照\R077_github_Brown-Bert_S4\SelectV2\op\SelectV2\cmake\util\makeself\VERSION","7","6117CCF1F1DE058A9243D93A2A0FB0C13BFD3CD3D4DA8E8AAF3C85EABDBEF5B5"
"03_往届冠军仓库快照\R077_github_Brown-Bert_S4\SelectV2\op\SelectV2\cmake\util\merge_aicpu_info_json.sh","1143","AEFF13DF06A408A231344AFDB046A914B0319D95C02547F93E5357B64CDA23EB"
"03_往届冠军仓库快照\R077_github_Brown-Bert_S4\SelectV2\op\SelectV2\cmake\util\opdesc_parser.py","13515","8713C57A3D3AB1D379CFC8B6A69BF294F8CB5603236E2B8CFF08F5CC188CCD0B"
"03_往届冠军仓库快照\R077_github_Brown-Bert_S4\SelectV2\op\SelectV2\cmake\util\parse_ini_to_json.py","13195","FA25B699BB3EB603849CCCAB152C791F72FF83D246F366DD8F064E9165EAA247"
"03_往届冠军仓库快照\R077_github_Brown-Bert_S4\SelectV2\op\SelectV2\cmake\util\preset_parse.py","861","23C46E652B4411E735E7A6C10EE262E0508C41799E60660E60B5028F317535CB"
"03_往届冠军仓库快照\R077_github_Brown-Bert_S4\SelectV2\op\SelectV2\cmake\util\replay_codegen.py","4527","56F4EEA8AA8CEB6E44795AB8DC5785D3D1D608697385D190564399AC6DC56A18"
"03_往届冠军仓库快照\R077_github_Brown-Bert_S4\SelectV2\op\SelectV2\cmake\util\replay_impl.temp","4207","E66480E82316EEC24DDA34890235F281D0631CF13FBEC631788E586CA7B7B458"
"03_往届冠军仓库快照\R077_github_Brown-Bert_S4\SelectV2\op\SelectV2\cmake\util\tiling_data_def_build.py","4172","93089EA6995DE374AEDBDED2781A75C8F0D2501E691890F269A0E0454F9F55C8"
"03_往届冠军仓库快照\R077_github_Brown-Bert_S4\SelectV2\op\SelectV2\CMakeLists.txt","3194","15A37B346CD1584B6DC8D139B436BE3D33BC3EF5D9FEBC8520F255DD0049FAF2"
"03_往届冠军仓库快照\R077_github_Brown-Bert_S4\SelectV2\op\SelectV2\CMakePresets.json","2086","E1848EDA7DD8F7BA534F1A2C613A3A77F3325A331A90408FCC6CC317B24C099A"
"03_往届冠军仓库快照\R077_github_Brown-Bert_S4\SelectV2\op\SelectV2\framework\CMakeLists.txt","396","2B9117B8865AB55A4C4018C86AD230F5C4AFDED78FBBEE939CB0385501C022B6"
"03_往届冠军仓库快照\R077_github_Brown-Bert_S4\SelectV2\op\SelectV2\framework\tf_plugin\CMakeLists.txt","593","632568F858CE5D11D8405EC4C32E23A6403F184247953721C447DB5BF98057C9"
"03_往届冠军仓库快照\R077_github_Brown-Bert_S4\SelectV2\op\SelectV2\framework\tf_plugin\tensorflow_select_v2_plugin.cc","883","2E72F9E4A61AB0014ECA1E5DD35DB5388E3C03DE05A48E906ED057AEFFBC7825"
"03_往届冠军仓库快照\R077_github_Brown-Bert_S4\SelectV2\op\SelectV2\op_host\CMakeLists.txt","3029","4929FC399116C903CEC5FF2C9ED73D8217F71A0FEE0FFDBB97FC026DCD311DF1"
"03_往届冠军仓库快照\R077_github_Brown-Bert_S4\SelectV2\op\SelectV2\op_host\select_v2_tiling.h","1217","2FF37F12FF57DC540195ED9906BD393E3AF019A9E8AA211E3B7A14385438A611"
"03_往届冠军仓库快照\R077_github_Brown-Bert_S4\SelectV2\op\SelectV2\op_host\select_v2.cpp","7430","41E8ED2D23D228034802AAE30E8AE9D86EB759724FBE8789C1893A7EA59DA115"
"03_往届冠军仓库快照\R077_github_Brown-Bert_S4\SelectV2\op\SelectV2\op_kernel\CMakeLists.txt","2758","734B2C7EFA66073F407CDDBD9C06D9DA10A9B29126099D57F6D4BACEB9A27253"
"03_往届冠军仓库快照\R077_github_Brown-Bert_S4\SelectV2\op\SelectV2\op_kernel\select_v2.cpp","12420","96EF89359D666FA3BC3BC9015EF71AA5CAE4C6DB55B8370B735A2FBE596129B2"
"03_往届冠军仓库快照\R077_github_Brown-Bert_S4\SelectV2\op\SelectV2\scripts\help.info","81","27067F1EC0A23A694AE80EC4A05BC68415A284FBAF509B1A9CC0234035C61E5B"
"03_往届冠军仓库快照\R077_github_Brown-Bert_S4\SelectV2\op\SelectV2\scripts\install.sh","9429","8F949706F677F855B9FAF279441572C4E82B304FBE0FDA9027264794A75C4664"
"03_往届冠军仓库快照\R077_github_Brown-Bert_S4\SelectV2\op\SelectV2\scripts\upgrade.sh","3990","28AAB6534B3D6D98C83A8947EE5E266CD94BD1C0A515ADC562D0911F1A774023"
"03_往届冠军仓库快照\R077_github_Brown-Bert_S4\SelectV2\op\SelectV2\SelectV2.zip","176","BCB27A18DC77654A6196F9352A0CF00403CC58706C9438B387729F73384D17FB"
"03_往届冠军仓库快照\R077_github_Brown-Bert_S4\SelectV2\op\zip_op.sh","440","65E7E3B9C67D4F53B93248A72524E798BE7898684EF173A2A72663DFA547E9F4"
"03_往届冠军仓库快照\R077_github_Brown-Bert_S4\SelectV2\run.sh","597","8845E572CB1D95F0A3458CCD30868DA704512F790A2F0FBD1949BBEC4878F7A1"
"03_往届冠军仓库快照\R077_github_Brown-Bert_S4\SelectV2\selectv2.json","2134","39C1358CC75208F85CB535487AB7F15D1C0D5C865CFC2FEC56B5753A018FCB12"
"03_往届冠军仓库快照\R077_github_Brown-Bert_S4\SelectV2\setup.py","790","6826B7E7D048502FFBA87282BA1DA669458DDDEF61C8B114BF988AC72F0C0DF6"
"03_往届冠军仓库快照\R077_github_Brown-Bert_S4\SelectV2\test_op.py","3188","F114E32309C01308BA5ABC2C74CE1F8099FE380EAB19A8A39918DE920130C88A"
"03_往届冠军仓库快照\R077_github_Brown-Bert_S4\SelectV2\torch_npu-2.1.0.post10-cp39-cp39-manylinux_2_17_aarch64.manylinux2014_aarch64.whl","12851806","933AA48C8E25DA553CA529A154730AF5A81244F91E4AA1169BF5082E252B053C"
"03_往届冠军仓库快照\R078_github_Brown-Bert_S5\.git\config","295","014EE78D31B7D14457566939FE766E4B2FDD2BBFAC5A07D8002565E55CBBE76F"
"03_往届冠军仓库快照\R078_github_Brown-Bert_S5\.git\description","73","85AB6C163D43A17EA9CF7788308BCA1466F1B0A8D1CC92E26E9BF63DA4062AEE"
"03_往届冠军仓库快照\R078_github_Brown-Bert_S5\.git\HEAD","21","28D25BF82AF4C0E2B72F50959B2BEB859E3E60B9630A5E8C603DAD4DDB2B6E80"
"03_往届冠军仓库快照\R078_github_Brown-Bert_S5\.git\hooks\applypatch-msg.sample","478","0223497A0B8B033AA58A3A521B8629869386CF7AB0E2F101963D328AA62193F7"
"03_往届冠军仓库快照\R078_github_Brown-Bert_S5\.git\hooks\commit-msg.sample","896","1F74D5E9292979B573EBD59741D46CB93FF391ACDD083D340B94370753D92437"
"03_往届冠军仓库快照\R078_github_Brown-Bert_S5\.git\hooks\fsmonitor-watchman.sample","4726","E0549964E93897B519BD8E333C037E51FFF0F88BA13E086A331592BF801FA1D0"
"03_往届冠军仓库快照\R078_github_Brown-Bert_S5\.git\hooks\post-update.sample","189","81765AF2DAEF323061DCBC5E61FC16481CB74B3BAC9AD8A174B186523586F6C5"
"03_往届冠军仓库快照\R078_github_Brown-Bert_S5\.git\hooks\pre-applypatch.sample","424","E15C5B469EA3E0A695BEA6F2C82BCF8E62821074939DDD85B77E0007FF165475"
"03_往届冠军仓库快照\R078_github_Brown-Bert_S5\.git\hooks\pre-commit.sample","1649","57185B7B9F05239D7AB52DB045F5B89EB31348D7B2177EAB214F5EB872E1971B"
"03_往届冠军仓库快照\R078_github_Brown-Bert_S5\.git\hooks\pre-merge-commit.sample","416","D3825A70337940EBBD0A5C072984E13245920CDF8898BD225C8D27A6DFC9CB53"
"03_往届冠军仓库快照\R078_github_Brown-Bert_S5\.git\hooks\pre-push.sample","1374","ECCE9C7E04D3F5DD9D8ADA81753DD1D549A9634B26770042B58DDA00217D086A"
"03_往届冠军仓库快照\R078_github_Brown-Bert_S5\.git\hooks\pre-rebase.sample","4898","4FEBCE867790052338076F4E66CC47EFB14879D18097D1D61C8261859EAAA7B3"
"03_往届冠军仓库快照\R078_github_Brown-Bert_S5\.git\hooks\pre-receive.sample","544","A4C3D2B9C7BB3FD8D1441C31BD4EE71A595D66B44FCF49DDB310252320169989"
"03_往届冠军仓库快照\R078_github_Brown-Bert_S5\.git\hooks\prepare-commit-msg.sample","1492","E9DDCAA4189FDDD25ED97FC8C789ECA7B6CA16390B2392AE3276F0C8E1AA4619"
"03_往届冠军仓库快照\R078_github_Brown-Bert_S5\.git\hooks\push-to-checkout.sample","2783","A53D0741798B287C6DD7AFA64AEE473F305E65D3F49463BB9D7408EC3B12BF5F"
"03_往届冠军仓库快照\R078_github_Brown-Bert_S5\.git\hooks\sendemail-validate.sample","2308","44EBFC923DC5466BC009602F0ECF067B9C65459ABFE8868DDC49B78E6CED7A92"
"03_往届冠军仓库快照\R078_github_Brown-Bert_S5\.git\hooks\update.sample","3650","8D5F2FA83E103CF08B57EAA67521DF9194F45CBDBCB37DA52AD586097A14D106"
"03_往届冠军仓库快照\R078_github_Brown-Bert_S5\.git\index","184557","EA2AA838D2DFC8BF11D2CCA336252B3B0F4F94625DE9BBC98956A7BA643FB60D"
"03_往届冠军仓库快照\R078_github_Brown-Bert_S5\.git\info\exclude","240","6671FE83B7A07C8932EE89164D1F2793B2318058EB8B98DC5C06EE0A5A3B0EC1"
"03_往届冠军仓库快照\R078_github_Brown-Bert_S5\.git\logs\HEAD","180","80D74FD7725CE347BCCB3CD06C469BD4BD398BBE6CC0B5C038690283F4A038E0"
"03_往届冠军仓库快照\R078_github_Brown-Bert_S5\.git\logs\refs\heads\main","180","80D74FD7725CE347BCCB3CD06C469BD4BD398BBE6CC0B5C038690283F4A038E0"
"03_往届冠军仓库快照\R078_github_Brown-Bert_S5\.git\logs\refs\remotes\origin\HEAD","180","80D74FD7725CE347BCCB3CD06C469BD4BD398BBE6CC0B5C038690283F4A038E0"
"03_往届冠军仓库快照\R078_github_Brown-Bert_S5\.git\objects\pack\pack-703d88e8edfef5071a52736090a80c6ab796513a.idx","24536","9FE94DAB3DD1827B67C6179562C60837D8DE809B7F28CC9C1888D288B56DA1E6"
"03_往届冠军仓库快照\R078_github_Brown-Bert_S5\.git\objects\pack\pack-703d88e8edfef5071a52736090a80c6ab796513a.pack","2962168","5877D8A988719131C9B7FC291190774E4C47DA0DC55478EC6DD7A3E258DFAFE0"
"03_往届冠军仓库快照\R078_github_Brown-Bert_S5\.git\objects\pack\pack-703d88e8edfef5071a52736090a80c6ab796513a.rev","3404","5AA7E9EC299FB49D6D10D01F8139438E0B6E537C0E3F4BFA49113AB026558B94"
"03_往届冠军仓库快照\R078_github_Brown-Bert_S5\.git\packed-refs","112","F35E22E0CCC85C6165BB9EEF37BD5DAFD99EBA507EC260CF13F62733582D6EBD"
"03_往届冠军仓库快照\R078_github_Brown-Bert_S5\.git\refs\heads\main","41","D7D8DB88B069785E9DA2FE86B5A33B9E1D4AFC8DA143DC5F6807E91482D54BD4"
"03_往届冠军仓库快照\R078_github_Brown-Bert_S5\.git\refs\remotes\origin\HEAD","30","2BB6A24AA0FC6C484100F5D51A29BBAD841CD2C755F5D93FAA204E5DBB4EB2B4"
"03_往届冠军仓库快照\R078_github_Brown-Bert_S5\case_310b\FresnelCos\common\pytorch_npu_helper.hpp","23645","0CEF79DA17674A0E68B56091BB4D26FA77806CE5B04E9CAE52079692821DA395"
"03_往届冠军仓库快照\R078_github_Brown-Bert_S5\case_310b\FresnelCos\extension\custom_op.cpp","1170","FBB3797B53A4E9F6E7D24D18531BCE818C2DF003E7E6B8C957AEE2DDDE19D501"
"03_往届冠军仓库快照\R078_github_Brown-Bert_S5\case_310b\FresnelCos\get_time.py","782","A223697B4DDDEFB587A9A29E4FD85DFE88794082B7A2AED83E6F5F23234ED606"
"03_往届冠军仓库快照\R078_github_Brown-Bert_S5\case_310b\FresnelCos\run.sh","895","13843AD05FE9B6EA3EAD46949848940058FB715FBA925D0AD99220B94C991CCE"
"03_往届冠军仓库快照\R078_github_Brown-Bert_S5\case_310b\FresnelCos\setup.py","790","6826B7E7D048502FFBA87282BA1DA669458DDDEF61C8B114BF988AC72F0C0DF6"
"03_往届冠军仓库快照\R078_github_Brown-Bert_S5\case_310b\FresnelCos\test_op.py","2397","8EA470FADD348A2E587B048BD9EA67542218DF27E5B89CED0E832442BC3CD7D5"
"03_往届冠军仓库快照\R078_github_Brown-Bert_S5\case_310b\GatherV3\1624307_profiling_output_record","96","E20751A4348C16B75DE86888322B11D5FE9D06FC2E11EF3D02A9EF0308B05A7F"
"03_往届冠军仓库快照\R078_github_Brown-Bert_S5\case_310b\GatherV3\build\lib.linux-aarch64-cpython-39\custom_ops_lib.cpython-39-aarch64-linux-gnu.so","204040","55EDB95F6024C63C9E24597F2ABECA7C84E530962FE32CAC4C32B6FEBB94EEE0"
"03_往届冠军仓库快照\R078_github_Brown-Bert_S5\case_310b\GatherV3\build\temp.linux-aarch64-cpython-39\extension\custom_op.o","337624","6515E54E9B7231A235018DBE07D6D0B1884294792F207E5923F497BDE0CFD75C"
"03_往届冠军仓库快照\R078_github_Brown-Bert_S5\case_310b\GatherV3\common\pytorch_npu_helper.hpp","23645","0CEF79DA17674A0E68B56091BB4D26FA77806CE5B04E9CAE52079692821DA395"
"03_往届冠军仓库快照\R078_github_Brown-Bert_S5\case_310b\GatherV3\custom_ops.egg-info\dependency_links.txt","2","7EB70257593DA06F682A3DDDA54A9D260D4FC514F645237F5CA74B08F8DA61A6"
"03_往届冠军仓库快照\R078_github_Brown-Bert_S5\case_310b\GatherV3\custom_ops.egg-info\PKG-INFO","77","4DB7F0E956C7E79ADC2CAC4BCB0FDAF6F424AF935F56FC9DD34E9CF16BC99E7F"
"03_往届冠军仓库快照\R078_github_Brown-Bert_S5\case_310b\GatherV3\custom_ops.egg-info\SOURCES.txt","175","10720EEEB72A42D58768E07DB2F90FD20B8ECFCA52EF1E5825CA96B2DD0D587B"
"03_往届冠军仓库快照\R078_github_Brown-Bert_S5\case_310b\GatherV3\custom_ops.egg-info\top_level.txt","16","DB49DD119DFCD0ABAB02C7B3D06102309283645F37FFA4309B3F15B340D1AFE1"
"03_往届冠军仓库快照\R078_github_Brown-Bert_S5\case_310b\GatherV3\dist\custom_ops-1.0-cp39-cp39-linux_aarch64.whl","78731","E879B484690DE15623127FF48F7F45883432069DBBC554DD94AD6C604A0580FB"
"03_往届冠军仓库快照\R078_github_Brown-Bert_S5\case_310b\GatherV3\extension\custom_op.cpp","1890","3CA93FEF2E994C4A0DDFF720CC99BCFEA9296985FDA388BE1D426BED3C226BE1"
"03_往届冠军仓库快照\R078_github_Brown-Bert_S5\case_310b\GatherV3\get_time.py","782","A223697B4DDDEFB587A9A29E4FD85DFE88794082B7A2AED83E6F5F23234ED606"
"03_往届冠军仓库快照\R078_github_Brown-Bert_S5\case_310b\GatherV3\kernel_meta\buildPidInfo.json","3556","305E1DFAFA90B955A2F78CFC4DB64C02519FAD3323A553BDCAE2FAE7B04CD182"
"03_往届冠军仓库快照\R078_github_Brown-Bert_S5\case_310b\GatherV3\kernel_meta\kernel_meta_temp_10533806073706102438\1293080_1293319_bt.log","0","E3B0C44298FC1C149AFBF4C8996FB92427AE41E4649B934CA495991B7852B855"
"03_往届冠军仓库快照\R078_github_Brown-Bert_S5\case_310b\GatherV3\kernel_meta\kernel_meta_temp_10533806073706102438\1293080_1293322_bt.log","0","E3B0C44298FC1C149AFBF4C8996FB92427AE41E4649B934CA495991B7852B855"
"03_往届冠军仓库快照\R078_github_Brown-Bert_S5\case_310b\GatherV3\kernel_meta\kernel_meta_temp_10533806073706102438\1293080_1293325_bt.log","0","E3B0C44298FC1C149AFBF4C8996FB92427AE41E4649B934CA495991B7852B855"
"03_往届冠军仓库快照\R078_github_Brown-Bert_S5\case_310b\GatherV3\kernel_meta\kernel_meta_temp_11346475184553267177\1367087_1367479_bt.log","0","E3B0C44298FC1C149AFBF4C8996FB92427AE41E4649B934CA495991B7852B855"
"03_往届冠军仓库快照\R078_github_Brown-Bert_S5\case_310b\GatherV3\kernel_meta\kernel_meta_temp_11346475184553267177\1367087_1367486_bt.log","0","E3B0C44298FC1C149AFBF4C8996FB92427AE41E4649B934CA495991B7852B855"
"03_往届冠军仓库快照\R078_github_Brown-Bert_S5\case_310b\GatherV3\kernel_meta\kernel_meta_temp_11367834834288363937\1361277_1361537_bt.log","0","E3B0C44298FC1C149AFBF4C8996FB92427AE41E4649B934CA495991B7852B855"
"03_往届冠军仓库快照\R078_github_Brown-Bert_S5\case_310b\GatherV3\kernel_meta\kernel_meta_temp_11493225555990743703\1595463_1595751_bt.log","0","E3B0C44298FC1C149AFBF4C8996FB92427AE41E4649B934CA495991B7852B855"
"03_往届冠军仓库快照\R078_github_Brown-Bert_S5\case_310b\GatherV3\kernel_meta\kernel_meta_temp_11493225555990743703\1595463_1595752_bt.log","0","E3B0C44298FC1C149AFBF4C8996FB92427AE41E4649B934CA495991B7852B855"
"03_往届冠军仓库快照\R078_github_Brown-Bert_S5\case_310b\GatherV3\kernel_meta\kernel_meta_temp_11493225555990743703\1595463_1595753_bt.log","0","E3B0C44298FC1C149AFBF4C8996FB92427AE41E4649B934CA495991B7852B855"
"03_往届冠军仓库快照\R078_github_Brown-Bert_S5\case_310b\GatherV3\kernel_meta\kernel_meta_temp_11493225555990743703\1595463_1595756_bt.log","0","E3B0C44298FC1C149AFBF4C8996FB92427AE41E4649B934CA495991B7852B855"
"03_往届冠军仓库快照\R078_github_Brown-Bert_S5\case_310b\GatherV3\kernel_meta\kernel_meta_temp_11626111018768733393\1597981_1598400_bt.log","0","E3B0C44298FC1C149AFBF4C8996FB92427AE41E4649B934CA495991B7852B855"
"03_往届冠军仓库快照\R078_github_Brown-Bert_S5\case_310b\GatherV3\kernel_meta\kernel_meta_temp_11626111018768733393\1597981_1598403_bt.log","0","E3B0C44298FC1C149AFBF4C8996FB92427AE41E4649B934CA495991B7852B855"
"03_往届冠军仓库快照\R078_github_Brown-Bert_S5\case_310b\GatherV3\kernel_meta\kernel_meta_temp_12912027782707887637\1357163_1357818_bt.log","0","E3B0C44298FC1C149AFBF4C8996FB92427AE41E4649B934CA495991B7852B855"
"03_往届冠军仓库快照\R078_github_Brown-Bert_S5\case_310b\GatherV3\kernel_meta\kernel_meta_temp_14957709735296175246\1185877_1186665_bt.log","0","E3B0C44298FC1C149AFBF4C8996FB92427AE41E4649B934CA495991B7852B855"
"03_往届冠军仓库快照\R078_github_Brown-Bert_S5\case_310b\GatherV3\kernel_meta\kernel_meta_temp_17894063813210697371\1177007_1177215_bt.log","0","E3B0C44298FC1C149AFBF4C8996FB92427AE41E4649B934CA495991B7852B855"
"03_往届冠军仓库快照\R078_github_Brown-Bert_S5\case_310b\GatherV3\kernel_meta\kernel_meta_temp_17894063813210697371\1177007_1177218_bt.log","0","E3B0C44298FC1C149AFBF4C8996FB92427AE41E4649B934CA495991B7852B855"
"03_往届冠军仓库快照\R078_github_Brown-Bert_S5\case_310b\GatherV3\kernel_meta\kernel_meta_temp_17894063813210697371\1177007_1177219_bt.log","0","E3B0C44298FC1C149AFBF4C8996FB92427AE41E4649B934CA495991B7852B855"
"03_往届冠军仓库快照\R078_github_Brown-Bert_S5\case_310b\GatherV3\kernel_meta\kernel_meta_temp_4870520256082710130\1188739_1189155_bt.log","0","E3B0C44298FC1C149AFBF4C8996FB92427AE41E4649B934CA495991B7852B855"
"03_往届冠军仓库快照\R078_github_Brown-Bert_S5\case_310b\GatherV3\kernel_meta\kernel_meta_temp_4870520256082710130\1188739_1189156_bt.log","0","E3B0C44298FC1C149AFBF4C8996FB92427AE41E4649B934CA495991B7852B855"
"03_往届冠军仓库快照\R078_github_Brown-Bert_S5\case_310b\GatherV3\kernel_meta\kernel_meta_temp_6102335603818635818\1375862_1376075_bt.log","0","E3B0C44298FC1C149AFBF4C8996FB92427AE41E4649B934CA495991B7852B855"
"03_往届冠军仓库快照\R078_github_Brown-Bert_S5\case_310b\GatherV3\kernel_meta\kernel_meta_temp_8256069823140534216\1624309_1624737_bt.log","0","E3B0C44298FC1C149AFBF4C8996FB92427AE41E4649B934CA495991B7852B855"
"03_往届冠军仓库快照\R078_github_Brown-Bert_S5\case_310b\GatherV3\kernel_meta\kernel_meta_temp_8256069823140534216\1624309_1624739_bt.log","0","E3B0C44298FC1C149AFBF4C8996FB92427AE41E4649B934CA495991B7852B855"
"03_往届冠军仓库快照\R078_github_Brown-Bert_S5\case_310b\GatherV3\kernel_meta\kernel_meta_temp_8486770479074518587\1495685_1496095_bt.log","0","E3B0C44298FC1C149AFBF4C8996FB92427AE41E4649B934CA495991B7852B855"
"03_往届冠军仓库快照\R078_github_Brown-Bert_S5\case_310b\GatherV3\kernel_meta\kernel_meta_temp_8486770479074518587\1495685_1496098_bt.log","0","E3B0C44298FC1C149AFBF4C8996FB92427AE41E4649B934CA495991B7852B855"
"03_往届冠军仓库快照\R078_github_Brown-Bert_S5\case_310b\GatherV3\kernel_meta\kernel_meta_temp_883421014589768654\1294159_1294534_bt.log","0","E3B0C44298FC1C149AFBF4C8996FB92427AE41E4649B934CA495991B7852B855"
"03_往届冠军仓库快照\R078_github_Brown-Bert_S5\case_310b\GatherV3\kernel_meta\kernel_meta_temp_883421014589768654\1294159_1294536_bt.log","0","E3B0C44298FC1C149AFBF4C8996FB92427AE41E4649B934CA495991B7852B855"
"03_往届冠军仓库快照\R078_github_Brown-Bert_S5\case_310b\GatherV3\kernel_meta\kernel_meta_temp_883421014589768654\1294159_1294537_bt.log","0","E3B0C44298FC1C149AFBF4C8996FB92427AE41E4649B934CA495991B7852B855"
"03_往届冠军仓库快照\R078_github_Brown-Bert_S5\case_310b\GatherV3\kernel_meta\kernel_meta_temp_883421014589768654\1294159_1294540_bt.log","0","E3B0C44298FC1C149AFBF4C8996FB92427AE41E4649B934CA495991B7852B855"
"03_往届冠军仓库快照\R078_github_Brown-Bert_S5\case_310b\GatherV3\kernel_meta\kernel_meta_temp_883421014589768654\1294159_1294541_bt.log","0","E3B0C44298FC1C149AFBF4C8996FB92427AE41E4649B934CA495991B7852B855"
"03_往届冠军仓库快照\R078_github_Brown-Bert_S5\case_310b\GatherV3\op\GatherV3_zip\custom_opp_ubuntu_aarch64.run","201777","1F99A6CD0C79186444EC4CC9DDCCE1A0DA7CD06421D4BADF0C8F614DCAE9280E"
"03_往届冠军仓库快照\R078_github_Brown-Bert_S5\case_310b\GatherV3\op\GatherV3_zip\op_host\CMakeLists.txt","6641","3F99E9B8934BF9C16722CC36EB95402AE05D12AE473A7F97F77F1ACA75121402"
"03_往届冠军仓库快照\R078_github_Brown-Bert_S5\case_310b\GatherV3\op\GatherV3_zip\op_host\gather_v3_tiling.h","663","C036A78532F6A242ABD79826C2575673A235219B22456D27D7444E994558A3DA"
"03_往届冠军仓库快照\R078_github_Brown-Bert_S5\case_310b\GatherV3\op\GatherV3_zip\op_host\gather_v3.cpp","4880","E476095735ABB657662F9B6DA17A3AECF4F384B02B7A90085439C25D59A89DD5"
"03_往届冠军仓库快照\R078_github_Brown-Bert_S5\case_310b\GatherV3\op\GatherV3_zip\op_kernel\CMakeLists.txt","160","28DB4CC809D625D8A352D6078635873484A8D90CF5645711D0FD4FDC6AA6DA81"
"03_往届冠军仓库快照\R078_github_Brown-Bert_S5\case_310b\GatherV3\op\GatherV3_zip\op_kernel\gather_v3.cpp","54547","EA2A848C45DBD7F420860BB20C16A4C06B26B95FF06496D2E6B8BB5438C194A4"
"03_往届冠军仓库快照\R078_github_Brown-Bert_S5\case_310b\GatherV3\op\gatherv3.json","2261","45A23E81AEE337A1B81D0CBDB985AE7DC492A437AABC71B2ACC4C8E1336963E5"
"03_往届冠军仓库快照\R078_github_Brown-Bert_S5\case_310b\GatherV3\op\GatherV3.zip","196260","A05FAE64BE32D48C6075927B860A72301370ED9F11AC2CCF9CE040D9BF207554"
"03_往届冠军仓库快照\R078_github_Brown-Bert_S5\case_310b\GatherV3\op\GatherV3\build_out\_CPack_Packages\Linux\External\custom_opp_ubuntu_aarch64.run.json","765","A3EE8EF56CAF8B0D281170E6066C60D9FA90545892D6B05C8B6F5D79E754A28F"
"03_往届冠军仓库快照\R078_github_Brown-Bert_S5\case_310b\GatherV3\op\GatherV3\build_out\_CPack_Packages\Linux\External\custom_opp_ubuntu_aarch64.run\custom_opp_ubuntu_aarch64.run","201777","1F99A6CD0C79186444EC4CC9DDCCE1A0DA7CD06421D4BADF0C8F614DCAE9280E"
"03_往届冠军仓库快照\R078_github_Brown-Bert_S5\case_310b\GatherV3\op\GatherV3\build_out\_CPack_Packages\Linux\External\custom_opp_ubuntu_aarch64.run\help.info","81","27067F1EC0A23A694AE80EC4A05BC68415A284FBAF509B1A9CC0234035C61E5B"
"03_往届冠军仓库快照\R078_github_Brown-Bert_S5\case_310b\GatherV3\op\GatherV3\build_out\_CPack_Packages\Linux\External\custom_opp_ubuntu_aarch64.run\install.sh","9881","02862BAF881E9EBFA0EB5F43BE11932391E2B1EDC1D6C1C508812B5410C04181"
"03_往届冠军仓库快照\R078_github_Brown-Bert_S5\case_310b\GatherV3\op\GatherV3\build_out\_CPack_Packages\Linux\External\custom_opp_ubuntu_aarch64.run\packages\vendors\customize\framework\tensorflow\libcust_tf_parsers.so","10160","759101AABF4B811497304C84DA59ABCE259207DA46A768B59AF6B87BA117BC9F"
"03_往届冠军仓库快照\R078_github_Brown-Bert_S5\case_310b\GatherV3\op\GatherV3\build_out\_CPack_Packages\Linux\External\custom_opp_ubuntu_aarch64.run\packages\vendors\customize\framework\tensorflow\npu_supported_ops.json","72","2156CADA5B7967206378FE6816FD203850AC55BF59C5F1FDDA42C8D42FD4577F"
"03_往届冠军仓库快照\R078_github_Brown-Bert_S5\case_310b\GatherV3\op\GatherV3\build_out\_CPack_Packages\Linux\External\custom_opp_ubuntu_aarch64.run\packages\vendors\customize\op_api\include\aclnn_gather_v3.h","1245","95175A0354515106802365A94231269AF9239CE6FE85181B3B26FC9D2FE8BCFB"
"03_往届冠军仓库快照\R078_github_Brown-Bert_S5\case_310b\GatherV3\op\GatherV3\build_out\_CPack_Packages\Linux\External\custom_opp_ubuntu_aarch64.run\packages\vendors\customize\op_api\lib\libcust_opapi.so","14480","41719B5E0C28E32FD2E4F8B3EAC9587FB0A420B82C8EDF94F50F4C1F7CDDE259"
"03_往届冠军仓库快照\R078_github_Brown-Bert_S5\case_310b\GatherV3\op\GatherV3\build_out\_CPack_Packages\Linux\External\custom_opp_ubuntu_aarch64.run\packages\vendors\customize\op_impl\ai_core\tbe\customize_impl\dynamic\gather_v3.cpp","54547","EA2A848C45DBD7F420860BB20C16A4C06B26B95FF06496D2E6B8BB5438C194A4"
"03_往届冠军仓库快照\R078_github_Brown-Bert_S5\case_310b\GatherV3\op\GatherV3\build_out\_CPack_Packages\Linux\External\custom_opp_ubuntu_aarch64.run\packages\vendors\customize\op_impl\ai_core\tbe\customize_impl\dynamic\gather_v3.py","10222","91404A7792752E80B4DEE19F148815B024B6985C152A4B7CD633CBD8A4A888DD"
"03_往届冠军仓库快照\R078_github_Brown-Bert_S5\case_310b\GatherV3\op\GatherV3\build_out\_CPack_Packages\Linux\External\custom_opp_ubuntu_aarch64.run\packages\vendors\customize\op_impl\ai_core\tbe\kernel\config\ascend310b\gather_v3.json","8570","76140AE3A20A1BA55903709B5B2D3B7AE6E79D968F5D414E7DF83F0B1F3D257E"
"03_往届冠军仓库快照\R078_github_Brown-Bert_S5\case_310b\GatherV3\op\GatherV3\build_out\_CPack_Packages\Linux\External\custom_opp_ubuntu_aarch64.run\packages\vendors\customize\op_impl\ai_core\tbe\op_tiling\liboptiling.so","174032","0C3AB7A81EDD3F6CFC0A70CF9FFB2002CE1C112136CEAE30B9B2CE0048DD6828"
"03_往届冠军仓库快照\R078_github_Brown-Bert_S5\case_310b\GatherV3\op\GatherV3\build_out\_CPack_Packages\Linux\External\custom_opp_ubuntu_aarch64.run\packages\vendors\customize\op_proto\inc\op_proto.h","449","ED40662A0FBA96E68105534D56B1F8260DD434903F6A68527FC56C0137C0978D"
"03_往届冠军仓库快照\R078_github_Brown-Bert_S5\case_310b\GatherV3\op\GatherV3\build_out\_CPack_Packages\Linux\External\custom_opp_ubuntu_aarch64.run\packages\vendors\customize\op_proto\lib\linux\aarch64\libcust_opsproto_rt2.0.so","194512","F62EE0FF71D9BBF460C79A0B554D59825E8D518C7E38DAF4634668DE6B98737D"
"03_往届冠军仓库快照\R078_github_Brown-Bert_S5\case_310b\GatherV3\op\GatherV3\build_out\_CPack_Packages\Linux\External\custom_opp_ubuntu_aarch64.run\packages\vendors\customize\version.info","41","933E1E3BBA7C2A4B8D5F3F985CA7BF811A5E5DC7B0F6B17116992B5B076900F6"
"03_往届冠军仓库快照\R078_github_Brown-Bert_S5\case_310b\GatherV3\op\GatherV3\build_out\_CPack_Packages\Linux\External\custom_opp_ubuntu_aarch64.run\upgrade.sh","4151","DDF117CFD96BF93194F66A8C4C7A298A263254107D1EFAE8F2081F0626E4C1F7"
"03_往届冠军仓库快照\R078_github_Brown-Bert_S5\case_310b\GatherV3\op\GatherV3\build_out\autogen\aclnn_gather_v3.cpp","10043","3C5B46C662411BDF3E43BC8374D1AE0765BA65115A57562C6231645C0304307C"
"03_往届冠军仓库快照\R078_github_Brown-Bert_S5\case_310b\GatherV3\op\GatherV3\build_out\autogen\aclnn_gather_v3.h","1245","95175A0354515106802365A94231269AF9239CE6FE85181B3B26FC9D2FE8BCFB"
"03_往届冠军仓库快照\R078_github_Brown-Bert_S5\case_310b\GatherV3\op\GatherV3\build_out\autogen\aic-ascend310b-ops-info.ini","1263","A83A213A2C9CE7ADCD58273042EEB6F4C6193BC124745A58FC856186009CCBA9"
"03_往届冠军仓库快照\R078_github_Brown-Bert_S5\case_310b\GatherV3\op\GatherV3\build_out\autogen\custom_compile_options.ini","0","E3B0C44298FC1C149AFBF4C8996FB92427AE41E4649B934CA495991B7852B855"
"03_往届冠军仓库快照\R078_github_Brown-Bert_S5\case_310b\GatherV3\op\GatherV3\build_out\autogen\custom_opc_options.ini","0","E3B0C44298FC1C149AFBF4C8996FB92427AE41E4649B934CA495991B7852B855"
"03_往届冠军仓库快照\R078_github_Brown-Bert_S5\case_310b\GatherV3\op\GatherV3\build_out\autogen\libascend_all_ops.so","1153976","48E83016C8461DD270603F7CBC2CF3A2708FA7928D25170066030C65F0EEFE4A"
"03_往届冠军仓库快照\R078_github_Brown-Bert_S5\case_310b\GatherV3\op\GatherV3\build_out\autogen\op_proto.cc","46","DC083979E3347BD043D9C87DFE57082A78F868F5FE310AD96738B8754456DF68"
"03_往届冠军仓库快照\R078_github_Brown-Bert_S5\case_310b\GatherV3\op\GatherV3\build_out\autogen\op_proto.h","449","ED40662A0FBA96E68105534D56B1F8260DD434903F6A68527FC56C0137C0978D"
"03_往届冠军仓库快照\R078_github_Brown-Bert_S5\case_310b\GatherV3\op\GatherV3\build_out\cmake_install.cmake","3273","AC9582DC00EB97D8BA10FBDBA311DF85CDB773AABD5C1AE5C1D6CEFB80252090"
"03_往届冠军仓库快照\R078_github_Brown-Bert_S5\case_310b\GatherV3\op\GatherV3\build_out\CMakeCache.txt","16211","CD4D1426F5599531660CBAC778FBBE9FDDB1032D84AD89FBC8DB1452C8A925CC"
"03_往届冠军仓库快照\R078_github_Brown-Bert_S5\case_310b\GatherV3\op\GatherV3\build_out\CMakeFiles\3.22.1\CMakeCCompiler.cmake","2520","3B3A7F650261019B4EB3C93FA19EBA3F6875C17F6CD969DA5A47EBF25B8771F4"
"03_往届冠军仓库快照\R078_github_Brown-Bert_S5\case_310b\GatherV3\op\GatherV3\build_out\CMakeFiles\3.22.1\CMakeCXXCompiler.cmake","5530","FD8D3A76BC6108C13BD6D3B024586E14C90C4EBF7DC983BFFB2874385DE97543"
"03_往届冠军仓库快照\R078_github_Brown-Bert_S5\case_310b\GatherV3\op\GatherV3\build_out\CMakeFiles\3.22.1\CMakeDetermineCompilerABI_C.bin","9024","3EBC4D23B6D4351D2999BE35D493A2C07BDF7D09991F77FB91DE2C100AB65EF1"
"03_往届冠军仓库快照\R078_github_Brown-Bert_S5\case_310b\GatherV3\op\GatherV3\build_out\CMakeFiles\3.22.1\CMakeDetermineCompilerABI_CXX.bin","9048","693F615E2D8427B73BA1C01AD03D313D3A4E2572B120FC49E5BB25218C2373B5"
"03_往届冠军仓库快照\R078_github_Brown-Bert_S5\case_310b\GatherV3\op\GatherV3\build_out\CMakeFiles\3.22.1\CMakeSystem.cmake","379","5F549207C0F3A1948F4D794F24E4E03DB9D6F6EB672A5B7EDCBD4A30329673E2"
"03_往届冠军仓库快照\R078_github_Brown-Bert_S5\case_310b\GatherV3\op\GatherV3\build_out\CMakeFiles\3.22.1\CompilerIdC\a.out","9168","D828DD0248B6DA383BAB6694ACFBD14FE4529EC97CA8C04503CC1E7C998529FA"
"03_往届冠军仓库快照\R078_github_Brown-Bert_S5\case_310b\GatherV3\op\GatherV3\build_out\CMakeFiles\3.22.1\CompilerIdC\CMakeCCompilerId.c","25656","A5BC5D659352BB93E28CE0EC49B3B97490ECC65AFCE5456F43D04795D0AD627F"
"03_往届冠军仓库快照\R078_github_Brown-Bert_S5\case_310b\GatherV3\op\GatherV3\build_out\CMakeFiles\3.22.1\CompilerIdCXX\a.out","9176","2FC725BC9AF23D27285BDE2CA8B8A47492DF5119CB4522A96DF56C90A2DB3CEC"
"03_往届冠军仓库快照\R078_github_Brown-Bert_S5\case_310b\GatherV3\op\GatherV3\build_out\CMakeFiles\3.22.1\CompilerIdCXX\CMakeCXXCompilerId.cpp","25388","6EE4286C9B42405EE114CCF00A8AE3093B7C2FF079CAE1A946AF11D96A5898AB"
"03_往届冠军仓库快照\R078_github_Brown-Bert_S5\case_310b\GatherV3\op\GatherV3\build_out\CMakeFiles\cmake.check_cache","86","95079B44BCEF481D601432C2FD3C654D7FE85B9C8386C355F2874502B47441D7"
"03_往届冠军仓库快照\R078_github_Brown-Bert_S5\case_310b\GatherV3\op\GatherV3\build_out\CMakeFiles\CMakeDirectoryInformation.cmake","710","319A19426C522D631716945D3D1262172E2E4A48FE7C869268CCCA04A2E3E38A"
"03_往届冠军仓库快照\R078_github_Brown-Bert_S5\case_310b\GatherV3\op\GatherV3\build_out\CMakeFiles\CMakeOutput.log","46079","EF906C43113E3BF6F954A54FE3EAA858EF43155E9C3EEDFFCD0234E22EED088B"
"03_往届冠军仓库快照\R078_github_Brown-Bert_S5\case_310b\GatherV3\op\GatherV3\build_out\CMakeFiles\CMakeRuleHashes.txt","793","9C35E7E3B08D52E9BB0AE2DCA9F0DDE4E5E8A905117366A89C6B8B2325990E7A"
"03_往届冠军仓库快照\R078_github_Brown-Bert_S5\case_310b\GatherV3\op\GatherV3\build_out\CMakeFiles\gen_version_info.dir\build.make","3067","52FDF0C36AB32373BC3688E6A4DD2306B67700128A2F03BB29A4760A796A45A6"
"03_往届冠军仓库快照\R078_github_Brown-Bert_S5\case_310b\GatherV3\op\GatherV3\build_out\CMakeFiles\gen_version_info.dir\cmake_clean.cmake","222","4F2E6BEAB2858B48596AF6ECB2771BBD5A1F45DD0D6227DCB9C30A95DE6E893D"
"03_往届冠军仓库快照\R078_github_Brown-Bert_S5\case_310b\GatherV3\op\GatherV3\build_out\CMakeFiles\gen_version_info.dir\compiler_depend.make","128","FECC2108B4CF660AC621247C7E73158DC4D4E2CF317F54CAC18DD6A635CE27DF"
"03_往届冠军仓库快照\R078_github_Brown-Bert_S5\case_310b\GatherV3\op\GatherV3\build_out\CMakeFiles\gen_version_info.dir\compiler_depend.ts","122","73664F9E3F477A28D415F783D5FC1E8DE5B9F90B186D329126EBCE6E38A83E44"
"03_往届冠军仓库快照\R078_github_Brown-Bert_S5\case_310b\GatherV3\op\GatherV3\build_out\CMakeFiles\gen_version_info.dir\DependInfo.cmake","441","2C4D7F0C8064DD3E7C5E136231230F197B6DFA2ADC123C7CAA6ADCA96977CD8B"
"03_往届冠军仓库快照\R078_github_Brown-Bert_S5\case_310b\GatherV3\op\GatherV3\build_out\CMakeFiles\gen_version_info.dir\progress.make","2","7EB70257593DA06F682A3DDDA54A9D260D4FC514F645237F5CA74B08F8DA61A6"
"03_往届冠军仓库快照\R078_github_Brown-Bert_S5\case_310b\GatherV3\op\GatherV3\build_out\CMakeFiles\Makefile.cmake","8589","29CFAD7752405A4D4D0A2DDC80A91F3DF56F29D7251FBDAB9C2703D704AF4C90"
"03_往届冠军仓库快照\R078_github_Brown-Bert_S5\case_310b\GatherV3\op\GatherV3\build_out\CMakeFiles\Makefile2","25389","99856DC21A020DE7ABB6529419846FDC5FB13C26481C0CCCCECFC8F67DEA29E7"
"03_往届冠军仓库快照\R078_github_Brown-Bert_S5\case_310b\GatherV3\op\GatherV3\build_out\CMakeFiles\modify_vendor.dir\build.make","3685","F46458D5D83140CDB22DD1143572F07B84684BB164E7946CFA144C6525FD9605"
"03_往届冠军仓库快照\R078_github_Brown-Bert_S5\case_310b\GatherV3\op\GatherV3\build_out\CMakeFiles\modify_vendor.dir\cmake_clean.cmake","264","2D5DDE10F3FC1047BA7B1C27F41CE8E3738B64F3C31587E35F9A459EA48B13A3"
"03_往届冠军仓库快照\R078_github_Brown-Bert_S5\case_310b\GatherV3\op\GatherV3\build_out\CMakeFiles\modify_vendor.dir\compiler_depend.make","125","34AF02E58A00F9D633AF1B15C9DA951C4054A974E18153127C92EF21D890C2F6"
"03_往届冠军仓库快照\R078_github_Brown-Bert_S5\case_310b\GatherV3\op\GatherV3\build_out\CMakeFiles\modify_vendor.dir\compiler_depend.ts","119","4A652558AA324FAA12E57A4AF5AEB3814210E8D464113A6690BE726AF6BBE24D"
"03_往届冠军仓库快照\R078_github_Brown-Bert_S5\case_310b\GatherV3\op\GatherV3\build_out\CMakeFiles\modify_vendor.dir\DependInfo.cmake","710","4AF891039295D6FD706F28D2AA939B97E58F47E9A60AEF6EADC724943686CDDC"
"03_往届冠军仓库快照\R078_github_Brown-Bert_S5\case_310b\GatherV3\op\GatherV3\build_out\CMakeFiles\modify_vendor.dir\progress.make","25","1BA5889C49F61C256A2F5F3D974802A66B61ABD750D4844F8226BA2B2BF972F9"
"03_往届冠军仓库快照\R078_github_Brown-Bert_S5\case_310b\GatherV3\op\GatherV3\build_out\CMakeFiles\progress.marks","4","F2BF6CB915EC521520920F625E9A641F22BAE7808A5F5DB7867C431C1A79440F"
"03_往届冠军仓库快照\R078_github_Brown-Bert_S5\case_310b\GatherV3\op\GatherV3\build_out\CMakeFiles\TargetDirectories.txt","5447","89D022B1333FBDB97C6633717C1A1E4161176A97010782CC00A7035EE5B52326"
"03_往届冠军仓库快照\R078_github_Brown-Bert_S5\case_310b\GatherV3\op\GatherV3\build_out\CPackConfig.cmake","3812","57E024E8743942FA8172FF05DDB61ABA9E3E83FB290E57779F4EEEFD69ABFA50"
"03_往届冠军仓库快照\R078_github_Brown-Bert_S5\case_310b\GatherV3\op\GatherV3\build_out\CPackSourceConfig.cmake","4276","9F0D52D765B6F9DEC95A3C1E9D1FE2A12C4AA5EF1754838AF1E71B70D6E08071"
"03_往届冠军仓库快照\R078_github_Brown-Bert_S5\case_310b\GatherV3\op\GatherV3\build_out\custom_opp_ubuntu_aarch64.run","201777","1F99A6CD0C79186444EC4CC9DDCCE1A0DA7CD06421D4BADF0C8F614DCAE9280E"
"03_往届冠军仓库快照\R078_github_Brown-Bert_S5\case_310b\GatherV3\op\GatherV3\build_out\custom_opp_ubuntu_aarch64.run.json","765","A3EE8EF56CAF8B0D281170E6066C60D9FA90545892D6B05C8B6F5D79E754A28F"
"03_往届冠军仓库快照\R078_github_Brown-Bert_S5\case_310b\GatherV3\op\GatherV3\build_out\framework\cmake_install.cmake","1601","25C0CFFC9A16DB41EB9FD89CF34A49F0D250C35A04B832EC1F87FEDC1E931C14"
"03_往届冠军仓库快照\R078_github_Brown-Bert_S5\case_310b\GatherV3\op\GatherV3\build_out\framework\CMakeFiles\CMakeDirectoryInformation.cmake","710","319A19426C522D631716945D3D1262172E2E4A48FE7C869268CCCA04A2E3E38A"
"03_往届冠军仓库快照\R078_github_Brown-Bert_S5\case_310b\GatherV3\op\GatherV3\build_out\framework\CMakeFiles\progress.marks","3","DF4E26A04A444901B95AFEF44E4A96CFAE34690FFF2AD2C66389C70079CDFF2B"
"03_往届冠军仓库快照\R078_github_Brown-Bert_S5\case_310b\GatherV3\op\GatherV3\build_out\framework\Makefile","7880","DAA4DD7B9ECB7D98343323945223E1ECCD63FD3E97E611BDFA4F1B50EDB1FF07"
"03_往届冠军仓库快照\R078_github_Brown-Bert_S5\case_310b\GatherV3\op\GatherV3\build_out\framework\tf_plugin\cmake_install.cmake","2982","018D23C2F4A423C4FB4F241E667390FAD413CF534B5A6B3F1E392C40C11E7E2A"
"03_往届冠军仓库快照\R078_github_Brown-Bert_S5\case_310b\GatherV3\op\GatherV3\build_out\framework\tf_plugin\CMakeFiles\CMakeDirectoryInformation.cmake","710","319A19426C522D631716945D3D1262172E2E4A48FE7C869268CCCA04A2E3E38A"
"03_往届冠军仓库快照\R078_github_Brown-Bert_S5\case_310b\GatherV3\op\GatherV3\build_out\framework\tf_plugin\CMakeFiles\cust_tf_parsers.dir\build.make","6667","76F3493AFF6F28BB0454459B27E05041FD57E4F58E021166E3FF9F5A60FE7A1E"
"03_往届冠军仓库快照\R078_github_Brown-Bert_S5\case_310b\GatherV3\op\GatherV3\build_out\framework\tf_plugin\CMakeFiles\cust_tf_parsers.dir\cmake_clean.cmake","386","56433083EB6D97459D9BB4DF3CF0CABFBADF03EBE20131453AA9CAA2DC3D0AC8"
"03_往届冠军仓库快照\R078_github_Brown-Bert_S5\case_310b\GatherV3\op\GatherV3\build_out\framework\tf_plugin\CMakeFiles\cust_tf_parsers.dir\compiler_depend.internal","10345","1F5E6D7DDFCFFA4ABB05536722F48DA5B778AD4520D4FE52E71B490FC8C1B576"
"03_往届冠军仓库快照\R078_github_Brown-Bert_S5\case_310b\GatherV3\op\GatherV3\build_out\framework\tf_plugin\CMakeFiles\cust_tf_parsers.dir\compiler_depend.make","21003","BE8ADE640ECA081DB91893194B2C64615D9AB2C484D5FA1C731454F7A0255AC4"
"03_往届冠军仓库快照\R078_github_Brown-Bert_S5\case_310b\GatherV3\op\GatherV3\build_out\framework\tf_plugin\CMakeFiles\cust_tf_parsers.dir\compiler_depend.ts","124","3C7672CAEC6C89C9EE4468D6EAAD05460BAEFDA90453715ED92FE54E97F37287"
"03_往届冠军仓库快照\R078_github_Brown-Bert_S5\case_310b\GatherV3\op\GatherV3\build_out\framework\tf_plugin\CMakeFiles\cust_tf_parsers.dir\depend.make","101","9B59CB499916FA83237D586252B6E7C4FCC850E75D3844311145ADB364277AA3"
"03_往届冠军仓库快照\R078_github_Brown-Bert_S5\case_310b\GatherV3\op\GatherV3\build_out\framework\tf_plugin\CMakeFiles\cust_tf_parsers.dir\DependInfo.cmake","732","9B604615DD548E7DC12CAB02F6E24DF34EEB0C39E822C2B8ADC26DF9F5E37535"
"03_往届冠军仓库快照\R078_github_Brown-Bert_S5\case_310b\GatherV3\op\GatherV3\build_out\framework\tf_plugin\CMakeFiles\cust_tf_parsers.dir\flags.make","500","DE9539E9D9FA6013E5B3BCAFA54262E73BBF67016E6814801AFF6513CAEEDCF3"
"03_往届冠军仓库快照\R078_github_Brown-Bert_S5\case_310b\GatherV3\op\GatherV3\build_out\framework\tf_plugin\CMakeFiles\cust_tf_parsers.dir\link.txt","315","33279CD22F6325340EEA1CEE672B44871DEABDE2DF68BD1E5C62148B0F0051F9"
"03_往届冠军仓库快照\R078_github_Brown-Bert_S5\case_310b\GatherV3\op\GatherV3\build_out\framework\tf_plugin\CMakeFiles\cust_tf_parsers.dir\progress.make","46","A3721D65A41B3B911AE3FC23DE007CAD987ABE746629D119125A65EDE4CFF06D"
"03_往届冠军仓库快照\R078_github_Brown-Bert_S5\case_310b\GatherV3\op\GatherV3\build_out\framework\tf_plugin\CMakeFiles\cust_tf_parsers.dir\tensorflow_gather_v3_plugin.cc.o","10440","865E73700E1DC0E8F52DBFEA8C9D8417C45B2F4C031F08EAB1F1F05F5DD03023"
"03_往届冠军仓库快照\R078_github_Brown-Bert_S5\case_310b\GatherV3\op\GatherV3\build_out\framework\tf_plugin\CMakeFiles\cust_tf_parsers.dir\tensorflow_gather_v3_plugin.cc.o.d","10559","196ED6243C01E45F21C3C366FEE112CB5281602B7ED860D836CA04729436671A"
"03_往届冠军仓库快照\R078_github_Brown-Bert_S5\case_310b\GatherV3\op\GatherV3\build_out\framework\tf_plugin\CMakeFiles\progress.marks","3","DF4E26A04A444901B95AFEF44E4A96CFAE34690FFF2AD2C66389C70079CDFF2B"
"03_往届冠军仓库快照\R078_github_Brown-Bert_S5\case_310b\GatherV3\op\GatherV3\build_out\framework\tf_plugin\libcust_tf_parsers.so","10160","65FE461882556C0229CF45E49775EA8A2AE59B74A2B44A011181AF4FC9E8D385"
"03_往届冠军仓库快照\R078_github_Brown-Bert_S5\case_310b\GatherV3\op\GatherV3\build_out\framework\tf_plugin\Makefile","10270","8D09E97506F73FE4167A7571344676B92EFCD90D4A1C5F88B6BCB3E394D1AD92"
"03_往届冠军仓库快照\R078_github_Brown-Bert_S5\case_310b\GatherV3\op\GatherV3\build_out\install_manifest.txt","5241","CEB2B2CD6F90E3E25FD3FA0CFB715206217FD2AEF6B03ADF4D72189FE44E0EAC"
"03_往届冠军仓库快照\R078_github_Brown-Bert_S5\case_310b\GatherV3\op\GatherV3\build_out\Makefile","13740","BCB3444D80852B783DA27CB4890399DB7A121A3EBFD8BC6179645A80286644EC"
"03_往届冠军仓库快照\R078_github_Brown-Bert_S5\case_310b\GatherV3\op\GatherV3\build_out\op_host\cmake_install.cmake","7250","B6D14FAD15D00F052689C8C37B9795E05C02A04D4A2BCF88A847FF8EA43B32A7"
"03_往届冠军仓库快照\R078_github_Brown-Bert_S5\case_310b\GatherV3\op\GatherV3\build_out\op_host\CMakeFiles\CMakeDirectoryInformation.cmake","710","319A19426C522D631716945D3D1262172E2E4A48FE7C869268CCCA04A2E3E38A"
"03_往届冠军仓库快照\R078_github_Brown-Bert_S5\case_310b\GatherV3\op\GatherV3\build_out\op_host\CMakeFiles\cust_op_proto.dir\__\autogen\op_proto.cc.o","65808","AE0E3A8E23DD26918AC13CC2635BD0003E871E95DD31FFA41DCB0F6DBA953DFB"
"03_往届冠军仓库快照\R078_github_Brown-Bert_S5\case_310b\GatherV3\op\GatherV3\build_out\op_host\CMakeFiles\cust_op_proto.dir\__\autogen\op_proto.cc.o.d","15346","850D007752DD332743700AD4D7F8633B3A216324EEF8C36703919259F43AC680"
"03_往届冠军仓库快照\R078_github_Brown-Bert_S5\case_310b\GatherV3\op\GatherV3\build_out\op_host\CMakeFiles\cust_op_proto.dir\build.make","8026","4F5316CF4E3A0F6523A023F9AEBAD10DFFB32158FA5A8282D8E9CED9BC275DFF"
"03_往届冠军仓库快照\R078_github_Brown-Bert_S5\case_310b\GatherV3\op\GatherV3\build_out\op_host\CMakeFiles\cust_op_proto.dir\cmake_clean.cmake","474","D890E03BF31AA36C6AA07BF1949ECE50ACFBB0C514AF2B6462CB98194AE6E719"
"03_往届冠军仓库快照\R078_github_Brown-Bert_S5\case_310b\GatherV3\op\GatherV3\build_out\op_host\CMakeFiles\cust_op_proto.dir\compiler_depend.internal","30644","F43528F5ACB4C85FD58B14FAAFA83ECB729384FD172AF6175BF779BC0EA3E695"
"03_往届冠军仓库快照\R078_github_Brown-Bert_S5\case_310b\GatherV3\op\GatherV3\build_out\op_host\CMakeFiles\cust_op_proto.dir\compiler_depend.make","46945","6A963A7649DB1A8444D38F6884BF5DBC6F2BAD5B401E216C052C2E9856563776"
"03_往届冠军仓库快照\R078_github_Brown-Bert_S5\case_310b\GatherV3\op\GatherV3\build_out\op_host\CMakeFiles\cust_op_proto.dir\compiler_depend.ts","122","746DB2524BA04C5FBDCF35FA80ED520F1B259E1CAFAFFF7074127558AF699CED"
"03_往届冠军仓库快照\R078_github_Brown-Bert_S5\case_310b\GatherV3\op\GatherV3\build_out\op_host\CMakeFiles\cust_op_proto.dir\depend.make","99","2DD5080ABB4D8DCCE8A17C02E0B4C7D82F06DA6C3409FDC379D5150DF40DA037"
"03_往届冠军仓库快照\R078_github_Brown-Bert_S5\case_310b\GatherV3\op\GatherV3\build_out\op_host\CMakeFiles\cust_op_proto.dir\DependInfo.cmake","867","6214E0BD8BFD9195A36A383DA2126688F04AEC075B266201650E2AB79DA34DE0"
"03_往届冠军仓库快照\R078_github_Brown-Bert_S5\case_310b\GatherV3\op\GatherV3\build_out\op_host\CMakeFiles\cust_op_proto.dir\flags.make","489","E2D9AB0000A8ED52AAD652A909B73F053D315DA5CE8700DA0172FCBE26C3EEE9"
"03_往届冠军仓库快照\R078_github_Brown-Bert_S5\case_310b\GatherV3\op\GatherV3\build_out\op_host\CMakeFiles\cust_op_proto.dir\gather_v3.cpp.o","89192","D1128E0C6D4ED6A02F2B20B0D6B1954555200E6095BF6C81FCCE4C4941388090"
"03_往届冠军仓库快照\R078_github_Brown-Bert_S5\case_310b\GatherV3\op\GatherV3\build_out\op_host\CMakeFiles\cust_op_proto.dir\gather_v3.cpp.o.d","16113","C4B4F440706509E1D349144CFBE50B9731D2B1330AEFCF90050F4CBDC779EF6B"
"03_往届冠军仓库快照\R078_github_Brown-Bert_S5\case_310b\GatherV3\op\GatherV3\build_out\op_host\CMakeFiles\cust_op_proto.dir\link.txt","444","C443102F309C1B293BE199FDE2D570E2D9CC4C05E30ECDD5646C528AB2BF7FCA"
"03_往届冠军仓库快照\R078_github_Brown-Bert_S5\case_310b\GatherV3\op\GatherV3\build_out\op_host\CMakeFiles\cust_op_proto.dir\progress.make","68","2FD1599278D658BFDFC128189954161817A5CCAF8A3EF6D6A0B6423B2A38216B"
"03_往届冠军仓库快照\R078_github_Brown-Bert_S5\case_310b\GatherV3\op\GatherV3\build_out\op_host\CMakeFiles\cust_opapi.dir\__\autogen\aclnn_gather_v3.cpp.o","14008","87F0B5A02EDF03C8B1CD9ECE8394363422907025DBCC0AB7398A3914D820C277"
"03_往届冠军仓库快照\R078_github_Brown-Bert_S5\case_310b\GatherV3\op\GatherV3\build_out\op_host\CMakeFiles\cust_opapi.dir\__\autogen\aclnn_gather_v3.cpp.o.d","7901","EC3BAD69FCBF918315678F25A70584064FB48A3690FA7E5E397E662951C9C1BC"
"03_往届冠军仓库快照\R078_github_Brown-Bert_S5\case_310b\GatherV3\op\GatherV3\build_out\op_host\CMakeFiles\cust_opapi.dir\build.make","5989","72FBD8D72E821E3F06372A816BCDAE51BF6E39E44E0001EB2FA6B9E6422D8360"
"03_往届冠军仓库快照\R078_github_Brown-Bert_S5\case_310b\GatherV3\op\GatherV3\build_out\op_host\CMakeFiles\cust_opapi.dir\cmake_clean.cmake","361","CF1349DDAC863FCAE397218C6347A95A32EDEAEA6C40FBF8A24472EFCDBD9D64"
"03_往届冠军仓库快照\R078_github_Brown-Bert_S5\case_310b\GatherV3\op\GatherV3\build_out\op_host\CMakeFiles\cust_opapi.dir\compiler_depend.internal","7771","F1F30DFA32E205D792DCF9745505D2CC64CE14F02638F98A79FE27C4A32A1C80"
"03_往届冠军仓库快照\R078_github_Brown-Bert_S5\case_310b\GatherV3\op\GatherV3\build_out\op_host\CMakeFiles\cust_opapi.dir\compiler_depend.make","15930","5A821FF9812CFCF9BAE9BEB596A047F06456CC6E0271890BF02D4FE9AA1632C8"
"03_往届冠军仓库快照\R078_github_Brown-Bert_S5\case_310b\GatherV3\op\GatherV3\build_out\op_host\CMakeFiles\cust_opapi.dir\compiler_depend.ts","119","4567C57648BCC9A8436398405A50D93D52A6C8EA847ADC4C39C107CB24781FB3"
"03_往届冠军仓库快照\R078_github_Brown-Bert_S5\case_310b\GatherV3\op\GatherV3\build_out\op_host\CMakeFiles\cust_opapi.dir\depend.make","96","A909259367E470AC0FC4B3405CAFD915AF4D7E9B8951F698186D9D7504E970F4"
"03_往届冠军仓库快照\R078_github_Brown-Bert_S5\case_310b\GatherV3\op\GatherV3\build_out\op_host\CMakeFiles\cust_opapi.dir\DependInfo.cmake","685","060EF60BAAA239B1B2B5574E104FF2353B1495E9BA6F072FC24ADAE521980355"
"03_往届冠军仓库快照\R078_github_Brown-Bert_S5\case_310b\GatherV3\op\GatherV3\build_out\op_host\CMakeFiles\cust_opapi.dir\flags.make","471","CEC6890CB286F62C7EA9BE0FDDD0B45B69980E19EDE6254B375CC4899B8EE6E0"
"03_往届冠军仓库快照\R078_github_Brown-Bert_S5\case_310b\GatherV3\op\GatherV3\build_out\op_host\CMakeFiles\cust_opapi.dir\link.txt","314","0305EAEFB4563285A5B665DC36EF3F6D853FC47827FA5E553CF46B0F0BA16080"
"03_往届冠军仓库快照\R078_github_Brown-Bert_S5\case_310b\GatherV3\op\GatherV3\build_out\op_host\CMakeFiles\cust_opapi.dir\progress.make","46","47759FBA680232732BBFCC44D15D253E4BF6BFF0A1E99AAB286E38942D0ECA31"
"03_往届冠军仓库快照\R078_github_Brown-Bert_S5\case_310b\GatherV3\op\GatherV3\build_out\op_host\CMakeFiles\cust_optiling.dir\build.make","5836","9A6C9A083853109887FB3DB784329BA090967F689E5C0C326D746710D674DF20"
"03_往届冠军仓库快照\R078_github_Brown-Bert_S5\case_310b\GatherV3\op\GatherV3\build_out\op_host\CMakeFiles\cust_optiling.dir\cmake_clean.cmake","354","850135A51EA90066214852EA66D7E9C281205758E89E5BCDF5D2E9229BC65D1B"
"03_往届冠军仓库快照\R078_github_Brown-Bert_S5\case_310b\GatherV3\op\GatherV3\build_out\op_host\CMakeFiles\cust_optiling.dir\compiler_depend.internal","15747","0ABBBE52E53130480B306BCD348BC2A0540E1988CC2D92889870D2D486E3ECEA"
"03_往届冠军仓库快照\R078_github_Brown-Bert_S5\case_310b\GatherV3\op\GatherV3\build_out\op_host\CMakeFiles\cust_optiling.dir\compiler_depend.make","31250","0526457710FD9C02A55B336BDAA1EF55CF0B788AFA5BFB5C7710DD45F76EE25C"
"03_往届冠军仓库快照\R078_github_Brown-Bert_S5\case_310b\GatherV3\op\GatherV3\build_out\op_host\CMakeFiles\cust_optiling.dir\compiler_depend.ts","122","275E8BF31C17171D429EB3BDA93192FBFB3066F91177792418FC3B1A0D6055D0"
"03_往届冠军仓库快照\R078_github_Brown-Bert_S5\case_310b\GatherV3\op\GatherV3\build_out\op_host\CMakeFiles\cust_optiling.dir\depend.make","99","0F5D49CC575B33CFEC83DB55E5E6FE93688D6610D08985E5347B96E35CA83E6D"
"03_往届冠军仓库快照\R078_github_Brown-Bert_S5\case_310b\GatherV3\op\GatherV3\build_out\op_host\CMakeFiles\cust_optiling.dir\DependInfo.cmake","641","5F74E8B77CF0AAB160B22CF8599ACCBEFF4E4C58C4D97B9BF6C2ABEF08A658F9"
"03_往届冠军仓库快照\R078_github_Brown-Bert_S5\case_310b\GatherV3\op\GatherV3\build_out\op_host\CMakeFiles\cust_optiling.dir\flags.make","490","37533C661C28AD2973C36D5FF0B1608665F6FBF53935DBC34EC0A4B18FAF4922"
"03_往届冠军仓库快照\R078_github_Brown-Bert_S5\case_310b\GatherV3\op\GatherV3\build_out\op_host\CMakeFiles\cust_optiling.dir\gather_v3.cpp.o","93792","5DB82C12AD8037F2B7F72AA37418096589E86E3FDE4E592E4C002D11CCB9DDDE"
"03_往届冠军仓库快照\R078_github_Brown-Bert_S5\case_310b\GatherV3\op\GatherV3\build_out\op_host\CMakeFiles\cust_optiling.dir\gather_v3.cpp.o.d","16113","018F5B4700EE49652D8FD9A9D17C6A74C408987910DFB66F615094C61246C6B7"
"03_往届冠军仓库快照\R078_github_Brown-Bert_S5\case_310b\GatherV3\op\GatherV3\build_out\op_host\CMakeFiles\cust_optiling.dir\link.txt","401","A66DAC86D75F2C5C73AA5EF3B20964E6AA7493DB346162702D668077A01FE1F5"
"03_往届冠军仓库快照\R078_github_Brown-Bert_S5\case_310b\GatherV3\op\GatherV3\build_out\op_host\CMakeFiles\cust_optiling.dir\progress.make","46","7CC1A60A8A2705B1231159ACA5DA7F3B0D014E76EA95F36AB9C86425A15FC977"
"03_往届冠军仓库快照\R078_github_Brown-Bert_S5\case_310b\GatherV3\op\GatherV3\build_out\op_host\CMakeFiles\optiling_compat.dir\build.make","3262","165AEEF80B59552C9B6B27C7A1A9378809D220A6BECECACDCD4567567A7AB417"
"03_往届冠军仓库快照\R078_github_Brown-Bert_S5\case_310b\GatherV3\op\GatherV3\build_out\op_host\CMakeFiles\optiling_compat.dir\cmake_clean.cmake","220","ABA4F27F84694692B7A2F000D6494B14107FB6A8D5BD6F8566243EA9783AD38D"
"03_往届冠军仓库快照\R078_github_Brown-Bert_S5\case_310b\GatherV3\op\GatherV3\build_out\op_host\CMakeFiles\optiling_compat.dir\compiler_depend.make","127","59C4C8911582CEE8D9C6B5C0637ED8DC59E7ADAAA53041E0F113B455E9606243"
"03_往届冠军仓库快照\R078_github_Brown-Bert_S5\case_310b\GatherV3\op\GatherV3\build_out\op_host\CMakeFiles\optiling_compat.dir\compiler_depend.ts","121","B167E9D0DF927F58DE29E16F65DF5D4CCE8B598568138C19657CE99E61B3DAF7"
"03_往届冠军仓库快照\R078_github_Brown-Bert_S5\case_310b\GatherV3\op\GatherV3\build_out\op_host\CMakeFiles\optiling_compat.dir\DependInfo.cmake","441","2C4D7F0C8064DD3E7C5E136231230F197B6DFA2ADC123C7CAA6ADCA96977CD8B"
"03_往届冠军仓库快照\R078_github_Brown-Bert_S5\case_310b\GatherV3\op\GatherV3\build_out\op_host\CMakeFiles\optiling_compat.dir\progress.make","2","7EB70257593DA06F682A3DDDA54A9D260D4FC514F645237F5CA74B08F8DA61A6"
"03_往届冠军仓库快照\R078_github_Brown-Bert_S5\case_310b\GatherV3\op\GatherV3\build_out\op_host\CMakeFiles\progress.marks","3","9B6DD0F55D1CEA37555DB317F53A0631F694BD46DF8018CC2AEED3D9E2F32F5F"
"03_往届冠军仓库快照\R078_github_Brown-Bert_S5\case_310b\GatherV3\op\GatherV3\build_out\op_host\libcust_opapi.so","14480","6C399ADD8F34AF4ABFE0070CD8D8024F28094D245588A53622C1B1F7B676A7A9"
"03_往届冠军仓库快照\R078_github_Brown-Bert_S5\case_310b\GatherV3\op\GatherV3\build_out\op_host\libcust_opmaster_rt2.0.so","174032","3FAC506067AA06F7DFEB74D84E81C500F53FDE624BF7CF40AAC88D1B17749325"
"03_往届冠军仓库快照\R078_github_Brown-Bert_S5\case_310b\GatherV3\op\GatherV3\build_out\op_host\libcust_opsproto_rt2.0.so","194512","46342F87F0EED49D47E00EAB23193D9025F553B920596848F91AF61376884AE6"
"03_往届冠军仓库快照\R078_github_Brown-Bert_S5\case_310b\GatherV3\op\GatherV3\build_out\op_host\Makefile","15088","0750BE120FBDCB7238C3971CC4765C2B485CB671EFE977C629E81117577A5652"
"03_往届冠军仓库快照\R078_github_Brown-Bert_S5\case_310b\GatherV3\op\GatherV3\build_out\op_kernel\binary\ascend310b\gather_v3\GatherV3_4b020575f6960e83bd0c97c590760f9d.json","2438","D2F8A18D92442F65C48388EC8035C2666F2C8818D20D081BAF996F414B327DEA"
"03_往届冠军仓库快照\R078_github_Brown-Bert_S5\case_310b\GatherV3\op\GatherV3\build_out\op_kernel\binary\ascend310b\gather_v3\GatherV3_4b020575f6960e83bd0c97c590760f9d.o","24056","39450B7EBF48693B39072FA03F572C0AD27ACCA8B424F70F94A322B79D325B71"
"03_往届冠军仓库快照\R078_github_Brown-Bert_S5\case_310b\GatherV3\op\GatherV3\build_out\op_kernel\binary\ascend310b\gather_v3\GatherV3_5961974f3ddb4be062ba9ae5750e29db.json","2444","EE8EDA536EBFA697A14C899711B4ECB529F96B2151DED9CD6C2F022FF7CEBFFE"
"03_往届冠军仓库快照\R078_github_Brown-Bert_S5\case_310b\GatherV3\op\GatherV3\build_out\op_kernel\binary\ascend310b\gather_v3\GatherV3_5961974f3ddb4be062ba9ae5750e29db.o","24232","AD39104B174E6F06492BA8D71D37EEDDBB1FAD4663248B060DEDC0471DD09209"
"03_往届冠军仓库快照\R078_github_Brown-Bert_S5\case_310b\GatherV3\op\GatherV3\build_out\op_kernel\binary\ascend310b\gather_v3\GatherV3_e5deb57250f6c4f258599159aa71b879.json","2440","65915BCD6C84BF6B75451BDA32C2E89E6344A0F70C65154F6C5DFF1E9B4F24A7"
"03_往届冠军仓库快照\R078_github_Brown-Bert_S5\case_310b\GatherV3\op\GatherV3\build_out\op_kernel\binary\ascend310b\gather_v3\GatherV3_e5deb57250f6c4f258599159aa71b879.o","24232","DF932A18C62BF4BFDC919573B3B77CA834957FDE8CFFCC8489AB21C439B3F6A8"
"03_往届冠军仓库快照\R078_github_Brown-Bert_S5\case_310b\GatherV3\op\GatherV3\build_out\op_kernel\binary\ascend310b\gather_v3\GatherV3_f4933daf835e913a83b9879204df12f3.json","2444","B110E29C52E79A007024939F9F22492F3DF938398439C66A5E3D9E719F599F39"
"03_往届冠军仓库快照\R078_github_Brown-Bert_S5\case_310b\GatherV3\op\GatherV3\build_out\op_kernel\binary\ascend310b\gather_v3\GatherV3_f4933daf835e913a83b9879204df12f3.o","24232","2DD1D69A4A6ABDDF7E4C143755EE65237F4611251398C10DDA9748C524D07837"
"03_往届冠军仓库快照\R078_github_Brown-Bert_S5\case_310b\GatherV3\op\GatherV3\build_out\op_kernel\binary\config\ascend310b\binary_info_config.json","2851","9496F0620BE680CD340E9824D1A9D146A2E1BA6CB3702E30237E584F7CA597E2"
"03_往届冠军仓库快照\R078_github_Brown-Bert_S5\case_310b\GatherV3\op\GatherV3\build_out\op_kernel\binary\config\ascend310b\gather_v3.json","8570","76140AE3A20A1BA55903709B5B2D3B7AE6E79D968F5D414E7DF83F0B1F3D257E"
"03_往届冠军仓库快照\R078_github_Brown-Bert_S5\case_310b\GatherV3\op\GatherV3\build_out\op_kernel\binary\dynamic\gather_v3.cpp","54547","EA2A848C45DBD7F420860BB20C16A4C06B26B95FF06496D2E6B8BB5438C194A4"
"03_往届冠军仓库快照\R078_github_Brown-Bert_S5\case_310b\GatherV3\op\GatherV3\build_out\op_kernel\binary\dynamic\gather_v3.py","10222","91404A7792752E80B4DEE19F148815B024B6985C152A4B7CD633CBD8A4A888DD"
"03_往届冠军仓库快照\R078_github_Brown-Bert_S5\case_310b\GatherV3\op\GatherV3\build_out\op_kernel\cmake_install.cmake","3128","DC43496E837EACF1652E7F099409FB8B8A10995887490BF7D9C13D170D21F85C"
"03_往届冠军仓库快照\R078_github_Brown-Bert_S5\case_310b\GatherV3\op\GatherV3\build_out\op_kernel\CMakeFiles\ascendc_bin_ascend310b_gen_ops_config.dir\build.make","4538","7F38A217D4127E5A1C1C0296AE4C486AB0468A58C314C62E5F979F3F2BE870B3"
"03_往届冠军仓库快照\R078_github_Brown-Bert_S5\case_310b\GatherV3\op\GatherV3\build_out\op_kernel\CMakeFiles\ascendc_bin_ascend310b_gen_ops_config.dir\cmake_clean.cmake","264","545066E544C511AA38FB3C011546AB0DFA53EBC867BD36B4A6B0B43931CF4FDB"
"03_往届冠军仓库快照\R078_github_Brown-Bert_S5\case_310b\GatherV3\op\GatherV3\build_out\op_kernel\CMakeFiles\ascendc_bin_ascend310b_gen_ops_config.dir\compiler_depend.make","149","16CF94A59F9796280087176A43EC549EC83FC2CF1D5FEE640FA9272BDC6D460B"
"03_往届冠军仓库快照\R078_github_Brown-Bert_S5\case_310b\GatherV3\op\GatherV3\build_out\op_kernel\CMakeFiles\ascendc_bin_ascend310b_gen_ops_config.dir\compiler_depend.ts","143","BBB1C21AD558147BC1DDE4BCCC8D83412AF0066A070D608B4A50C6611812CECD"
"03_往届冠军仓库快照\R078_github_Brown-Bert_S5\case_310b\GatherV3\op\GatherV3\build_out\op_kernel\CMakeFiles\ascendc_bin_ascend310b_gen_ops_config.dir\DependInfo.cmake","441","2C4D7F0C8064DD3E7C5E136231230F197B6DFA2ADC123C7CAA6ADCA96977CD8B"
"03_往届冠军仓库快照\R078_github_Brown-Bert_S5\case_310b\GatherV3\op\GatherV3\build_out\op_kernel\CMakeFiles\ascendc_bin_ascend310b_gen_ops_config.dir\progress.make","2","7EB70257593DA06F682A3DDDA54A9D260D4FC514F645237F5CA74B08F8DA61A6"
"03_往届冠军仓库快照\R078_github_Brown-Bert_S5\case_310b\GatherV3\op\GatherV3\build_out\op_kernel\CMakeFiles\binary.dir\build.make","2841","6109BE61C544D4A157092314B68DEDCF6C083AAD4FB279B566EF2CED6C320326"
"03_往届冠军仓库快照\R078_github_Brown-Bert_S5\case_310b\GatherV3\op\GatherV3\build_out\op_kernel\CMakeFiles\binary.dir\cmake_clean.cmake","155","9A8C5156ECA9B540184177910BCB011A13B6AF9AC1EDCA750A371FD42FF4CF0B"
"03_往届冠军仓库快照\R078_github_Brown-Bert_S5\case_310b\GatherV3\op\GatherV3\build_out\op_kernel\CMakeFiles\binary.dir\compiler_depend.make","118","F23B9E7DE9E7F14D62FFB92AF84E045EF0DB54255810AB1E3979EA4E512CE374"
"03_往届冠军仓库快照\R078_github_Brown-Bert_S5\case_310b\GatherV3\op\GatherV3\build_out\op_kernel\CMakeFiles\binary.dir\compiler_depend.ts","112","0CEAEB11B71DD14509213B8B79299ADB7300A880879A8DCF36DB3187DFECF633"
"03_往届冠军仓库快照\R078_github_Brown-Bert_S5\case_310b\GatherV3\op\GatherV3\build_out\op_kernel\CMakeFiles\binary.dir\DependInfo.cmake","441","2C4D7F0C8064DD3E7C5E136231230F197B6DFA2ADC123C7CAA6ADCA96977CD8B"
"03_往届冠军仓库快照\R078_github_Brown-Bert_S5\case_310b\GatherV3\op\GatherV3\build_out\op_kernel\CMakeFiles\binary.dir\progress.make","2","7EB70257593DA06F682A3DDDA54A9D260D4FC514F645237F5CA74B08F8DA61A6"
"03_往届冠军仓库快照\R078_github_Brown-Bert_S5\case_310b\GatherV3\op\GatherV3\build_out\op_kernel\CMakeFiles\CMakeDirectoryInformation.cmake","710","319A19426C522D631716945D3D1262172E2E4A48FE7C869268CCCA04A2E3E38A"
"03_往届冠军仓库快照\R078_github_Brown-Bert_S5\case_310b\GatherV3\op\GatherV3\build_out\op_kernel\CMakeFiles\GatherV3_ascend310b.dir\build.make","4122","746A3804F21B149B30ED281C87CA9D8AE68F554A6011DB5ADBF6EFD437AD24F0"
"03_往届冠军仓库快照\R078_github_Brown-Bert_S5\case_310b\GatherV3\op\GatherV3\build_out\op_kernel\CMakeFiles\GatherV3_ascend310b.dir\cmake_clean.cmake","228","CA90CD2B14BC81E053DE6D4BF8983A22408CFD47A40171CC6094CFA67124F2BB"
"03_往届冠军仓库快照\R078_github_Brown-Bert_S5\case_310b\GatherV3\op\GatherV3\build_out\op_kernel\CMakeFiles\GatherV3_ascend310b.dir\compiler_depend.make","131","BE4FE9EC2D6354C0034D49665CF2F89042227D124EAC41FFC6DA481C5D3120E1"
"03_往届冠军仓库快照\R078_github_Brown-Bert_S5\case_310b\GatherV3\op\GatherV3\build_out\op_kernel\CMakeFiles\GatherV3_ascend310b.dir\compiler_depend.ts","125","6D5B1BDF0172A12F0892B416FD2855E986B0D3B04F2DA1EC58B3B245EBAEF386"
"03_往届冠军仓库快照\R078_github_Brown-Bert_S5\case_310b\GatherV3\op\GatherV3\build_out\op_kernel\CMakeFiles\GatherV3_ascend310b.dir\DependInfo.cmake","441","2C4D7F0C8064DD3E7C5E136231230F197B6DFA2ADC123C7CAA6ADCA96977CD8B"
"03_往届冠军仓库快照\R078_github_Brown-Bert_S5\case_310b\GatherV3\op\GatherV3\build_out\op_kernel\CMakeFiles\GatherV3_ascend310b.dir\progress.make","2","7EB70257593DA06F682A3DDDA54A9D260D4FC514F645237F5CA74B08F8DA61A6"
"03_往届冠军仓库快照\R078_github_Brown-Bert_S5\case_310b\GatherV3\op\GatherV3\build_out\op_kernel\CMakeFiles\npu_supported_ops.dir\build.make","4042","8FD39B72DE86B469BAB4E608F50C676533EB8EAEF7A784047860FC5E8CC56BA3"
"03_往届冠军仓库快照\R078_github_Brown-Bert_S5\case_310b\GatherV3\op\GatherV3\build_out\op_kernel\CMakeFiles\npu_supported_ops.dir\cmake_clean.cmake","276","03AB318B6F8D53840C00F3606548EF1661EBF26FA90BD549A468D58F42FF72A0"
"03_往届冠军仓库快照\R078_github_Brown-Bert_S5\case_310b\GatherV3\op\GatherV3\build_out\op_kernel\CMakeFiles\npu_supported_ops.dir\compiler_depend.make","129","628C48BDA1920A5E2A7D09C6A9BBB8CCB433499F9F45F82E9E3BBC2B386CB61E"
"03_往届冠军仓库快照\R078_github_Brown-Bert_S5\case_310b\GatherV3\op\GatherV3\build_out\op_kernel\CMakeFiles\npu_supported_ops.dir\compiler_depend.ts","123","CE09BC099C8B2F676FFD41FE5608A65D50ECD276988FBEFBE52BD10386577DB2"
"03_往届冠军仓库快照\R078_github_Brown-Bert_S5\case_310b\GatherV3\op\GatherV3\build_out\op_kernel\CMakeFiles\npu_supported_ops.dir\DependInfo.cmake","441","2C4D7F0C8064DD3E7C5E136231230F197B6DFA2ADC123C7CAA6ADCA96977CD8B"
"03_往届冠军仓库快照\R078_github_Brown-Bert_S5\case_310b\GatherV3\op\GatherV3\build_out\op_kernel\CMakeFiles\npu_supported_ops.dir\progress.make","25","F38AA4592608209C601E781F3564538AB6207D0CC10C1AA82EFBAB29C1D7200B"
"03_往届冠军仓库快照\R078_github_Brown-Bert_S5\case_310b\GatherV3\op\GatherV3\build_out\op_kernel\CMakeFiles\ops_info_gen_ascend310b.dir\build.make","4363","6BDD17A9ECF2B864CD720FBCA3A85A2C402C1B0CA5D5398A26443B08B9FB7739"
"03_往届冠军仓库快照\R078_github_Brown-Bert_S5\case_310b\GatherV3\op\GatherV3\build_out\op_kernel\CMakeFiles\ops_info_gen_ascend310b.dir\cmake_clean.cmake","305","47F8D3984DCD2ABA751ED987459489AF241CC0403E86B5E9FC78AE824C4B09AE"
"03_往届冠军仓库快照\R078_github_Brown-Bert_S5\case_310b\GatherV3\op\GatherV3\build_out\op_kernel\CMakeFiles\ops_info_gen_ascend310b.dir\compiler_depend.make","135","B546715E8A4F2013271800B255DF98FB2A2618026C9BB0AC4D060F30320A107C"
"03_往届冠军仓库快照\R078_github_Brown-Bert_S5\case_310b\GatherV3\op\GatherV3\build_out\op_kernel\CMakeFiles\ops_info_gen_ascend310b.dir\compiler_depend.ts","129","69A21D4C97033A4747DD75C0526E6C8A687CBF5B8B05339376F36B8869BFA83F"
"03_往届冠军仓库快照\R078_github_Brown-Bert_S5\case_310b\GatherV3\op\GatherV3\build_out\op_kernel\CMakeFiles\ops_info_gen_ascend310b.dir\DependInfo.cmake","441","2C4D7F0C8064DD3E7C5E136231230F197B6DFA2ADC123C7CAA6ADCA96977CD8B"
"03_往届冠军仓库快照\R078_github_Brown-Bert_S5\case_310b\GatherV3\op\GatherV3\build_out\op_kernel\CMakeFiles\ops_info_gen_ascend310b.dir\progress.make","25","E94D768723169C3E72C00E8AE359E8346E8A0BDA23F142A656A2F275E0D8493C"
"03_往届冠军仓库快照\R078_github_Brown-Bert_S5\case_310b\GatherV3\op\GatherV3\build_out\op_kernel\CMakeFiles\progress.marks","3","DF4E26A04A444901B95AFEF44E4A96CFAE34690FFF2AD2C66389C70079CDFF2B"
"03_往届冠军仓库快照\R078_github_Brown-Bert_S5\case_310b\GatherV3\op\GatherV3\build_out\op_kernel\Makefile","11882","12A65F9A6BB978581ED97A371ABA9618FD6EAB96677B7426EE3BFF62A54DAE7B"
"03_往届冠军仓库快照\R078_github_Brown-Bert_S5\case_310b\GatherV3\op\GatherV3\build_out\op_kernel\tbe\op_info_cfg\ai_core\ascend310b\aic-ascend310b-ops-info.json","2059","9B5A5D81252AC21F9D1C564E1EB5436AE8EB38D5FB851B326DC7DBAC424FD2D0"
"03_往届冠军仓库快照\R078_github_Brown-Bert_S5\case_310b\GatherV3\op\GatherV3\build_out\op_kernel\tbe\op_info_cfg\ai_core\npu_supported_ops.json","72","2156CADA5B7967206378FE6816FD203850AC55BF59C5F1FDDA42C8D42FD4577F"
"03_往届冠军仓库快照\R078_github_Brown-Bert_S5\case_310b\GatherV3\op\GatherV3\build_out\scripts\help.info","81","27067F1EC0A23A694AE80EC4A05BC68415A284FBAF509B1A9CC0234035C61E5B"
"03_往届冠军仓库快照\R078_github_Brown-Bert_S5\case_310b\GatherV3\op\GatherV3\build_out\scripts\install.sh","9881","02862BAF881E9EBFA0EB5F43BE11932391E2B1EDC1D6C1C508812B5410C04181"
"03_往届冠军仓库快照\R078_github_Brown-Bert_S5\case_310b\GatherV3\op\GatherV3\build_out\scripts\upgrade.sh","4151","DDF117CFD96BF93194F66A8C4C7A298A263254107D1EFAE8F2081F0626E4C1F7"
"03_往届冠军仓库快照\R078_github_Brown-Bert_S5\case_310b\GatherV3\op\GatherV3\build_out\version.info","41","933E1E3BBA7C2A4B8D5F3F985CA7BF811A5E5DC7B0F6B17116992B5B076900F6"
"03_往届冠军仓库快照\R078_github_Brown-Bert_S5\case_310b\GatherV3\op\GatherV3\build.sh","2326","0A0B0DFA0813B4960898E272DFBC8FBA05E9D7A7502BA0EDDBDD7888E8CDD9C6"
"03_往届冠军仓库快照\R078_github_Brown-Bert_S5\case_310b\GatherV3\op\GatherV3\cmake\config.cmake","2110","55673A4E044FCD4A48F091178419BFC66A623510589D1C47BA2A339BACF2CFB4"
"03_往届冠军仓库快照\R078_github_Brown-Bert_S5\case_310b\GatherV3\op\GatherV3\cmake\device_task.cmake","1364","3452CC47D661D636E23C84E26A3E2D07FD29F64C9D7729CEBE1221A5F5C247EC"
"03_往届冠军仓库快照\R078_github_Brown-Bert_S5\case_310b\GatherV3\op\GatherV3\cmake\func.cmake","17515","FAF9CA84C4AA2B1FC5123B1E4878C62F210F2B8900DCEF4D6A931D7DA2CF488A"
"03_往届冠军仓库快照\R078_github_Brown-Bert_S5\case_310b\GatherV3\op\GatherV3\cmake\intf.cmake","1061","0C2533D6A98259B396930252585C65F1CD582D667171F20AFA4759FCDEB2C5A5"
"03_往届冠军仓库快照\R078_github_Brown-Bert_S5\case_310b\GatherV3\op\GatherV3\cmake\makeself.cmake","1411","E417E77228AE18A82CF2D551D63CBA5B8E001069DE18ECE287597D6E043B9573"
"03_往届冠军仓库快照\R078_github_Brown-Bert_S5\case_310b\GatherV3\op\GatherV3\cmake\util\__init__.py","158","3F8B7683A736D7274A9A5B95FA7AF6DBDE368599C327336EAADE4059BE3C850F"
"03_往届冠军仓库快照\R078_github_Brown-Bert_S5\case_310b\GatherV3\op\GatherV3\cmake\util\__pycache__\ascendc_bin_param_build.cpython-39.pyc","15238","D75425DBEE680DF2F196E137464B92DF63CE3D6105A749AF2B9D3C9A68EDD1D1"
"03_往届冠军仓库快照\R078_github_Brown-Bert_S5\case_310b\GatherV3\op\GatherV3\cmake\util\__pycache__\ascendc_impl_build.cpython-39.pyc","24414","75415D023D17F025C5025EC8435BECD8D1337DD574A33B426862D8F8B86FEFF0"
"03_往届冠军仓库快照\R078_github_Brown-Bert_S5\case_310b\GatherV3\op\GatherV3\cmake\util\__pycache__\ascendc_op_info.cpython-39.pyc","1729","74BDC6C8129DFA2C4355A361543EF5378DE47F31AF739F7513432C2BFAB91EB2"
"03_往届冠军仓库快照\R078_github_Brown-Bert_S5\case_310b\GatherV3\op\GatherV3\cmake\util\__pycache__\const_var.cpython-39.pyc","1650","2978624AA6F8001222038CFE7D07E537BF551C355D979F111BC7ED97735BDD13"
"03_往届冠军仓库快照\R078_github_Brown-Bert_S5\case_310b\GatherV3\op\GatherV3\cmake\util\__pycache__\opdesc_parser.cpython-39.pyc","11235","E97BBAE4D47FD343C104BD6440507C969462FA26E1FA2245BA3B223370A95D3F"
"03_往届冠军仓库快照\R078_github_Brown-Bert_S5\case_310b\GatherV3\op\GatherV3\cmake\util\ascendc_bin_param_build.py","21488","5414E49F5154E7397C07D94EDFF6C0ECA72EB075AC157D0B4DDBCD1425751511"
"03_往届冠军仓库快照\R078_github_Brown-Bert_S5\case_310b\GatherV3\op\GatherV3\cmake\util\ascendc_compile_kernel.py","9322","ED84D36CB4A1BF791113E4AA05CC6F1F6439AAFE08A390622089A7D52C482403"
"03_往届冠军仓库快照\R078_github_Brown-Bert_S5\case_310b\GatherV3\op\GatherV3\cmake\util\ascendc_gen_options.py","3350","FBD8BC4332B2340FDB71F4BBAE452E93C3A54B43CEA86818643D9D9D61794D35"
"03_往届冠军仓库快照\R078_github_Brown-Bert_S5\case_310b\GatherV3\op\GatherV3\cmake\util\ascendc_get_op_name.py","620","FCA6F6025A4ACBF41CA583D29D86B2E8BCAEAE7BA1930C94B9291BFA55800F53"
"03_往届冠军仓库快照\R078_github_Brown-Bert_S5\case_310b\GatherV3\op\GatherV3\cmake\util\ascendc_impl_build.py","28353","4F3086C115B60D627C0081894A10E38D96EBD0149154A08BCBE064CDDBC162B3"
"03_往届冠军仓库快照\R078_github_Brown-Bert_S5\case_310b\GatherV3\op\GatherV3\cmake\util\ascendc_op_info.py","1224","F2622F78079FAFC0B268FAE4227697143C042ACA009C3E8D0BBA6C38CD25368C"
"03_往届冠军仓库快照\R078_github_Brown-Bert_S5\case_310b\GatherV3\op\GatherV3\cmake\util\ascendc_ops_config.py","10286","D5115115B7432FB649DF4087095325B043F42C46A035BDCAB0258D44F8835025"
"03_往届冠军仓库快照\R078_github_Brown-Bert_S5\case_310b\GatherV3\op\GatherV3\cmake\util\ascendc_pack_kernel.py","9706","3CABC5970DF1BD7E3AC67D9199D27178AA3F9554CDD8C4269369DE900ACC77A7"
"03_往届冠军仓库快照\R078_github_Brown-Bert_S5\case_310b\GatherV3\op\GatherV3\cmake\util\ascendc_pack_opregistry.py","12928","25E69163383C4F721A51CFD5509F7765F3AE5FA4FCF8BA6AF1B6203FD4D7AF2F"
"03_往届冠军仓库快照\R078_github_Brown-Bert_S5\case_310b\GatherV3\op\GatherV3\cmake\util\ascendc_replay_build.py","2712","165C9FE01344DC57176004A21AB38A23DB4B1186FE60B1A5AF63E9D4EE0BE263"
"03_往届冠军仓库快照\R078_github_Brown-Bert_S5\case_310b\GatherV3\op\GatherV3\cmake\util\batch_replay_impl.temp","3889","C1B37BD05B2BD1CBF093AF635F4B2F18540BF98ED7FF4B04C3287B1F1A0FCCE0"
"03_往届冠军仓库快照\R078_github_Brown-Bert_S5\case_310b\GatherV3\op\GatherV3\cmake\util\code_channel_infer.py","1597","EA76DA48CC19A3CFB3E06EA25FF1DBD03039E4FBE7C2D3690F6FEBC6F0C90E1B"
"03_往届冠军仓库快照\R078_github_Brown-Bert_S5\case_310b\GatherV3\op\GatherV3\cmake\util\const_var.py","1505","5769FF6128070F83BE6246019212F5930ABEDEA17A2A0D7AEC63C5B6659760B9"
"03_往届冠军仓库快照\R078_github_Brown-Bert_S5\case_310b\GatherV3\op\GatherV3\cmake\util\gen_impl_and_mrege_json.sh","646","8E62E9A6C1F4D5691417B9B25A4B77BCA4E8ADF26B1D677E1EEE7B013121DE8D"
"03_往届冠军仓库快照\R078_github_Brown-Bert_S5\case_310b\GatherV3\op\GatherV3\cmake\util\gen_ops_filter.sh","1506","CE87DD1E7FB96BD999C3DDC93CD36F29FBD6A3F3AB75E088C5FDDA1AFC3D3A28"
"03_往届冠军仓库快照\R078_github_Brown-Bert_S5\case_310b\GatherV3\op\GatherV3\cmake\util\gen_version_info.sh","353","1871CFEF3DD083C81966A95F98C812A19DF8FE0A4C83DFC3CA5BA03DB6E65A9A"
"03_往届冠军仓库快照\R078_github_Brown-Bert_S5\case_310b\GatherV3\op\GatherV3\cmake\util\insert_op_info.py","1098","A15BAB921F83F74CE42E828EC1D1DD3F4057823F48B44CB138F85ACD906472CB"
"03_往届冠军仓库快照\R078_github_Brown-Bert_S5\case_310b\GatherV3\op\GatherV3\cmake\util\insert_simplified_keys.py","6668","A1A460FE71424FBD78EF188ECC09C3B76BC9DAA99AE2D48D342DC0128FFA134F"
"03_往届冠军仓库快照\R078_github_Brown-Bert_S5\case_310b\GatherV3\op\GatherV3\cmake\util\kernel_entry.py","3947","9DF250FFEBB39AC528DB19D76CD1AFD852942AC81C41E48C02A6E3368B3DC7E5"
"03_往届冠军仓库快照\R078_github_Brown-Bert_S5\case_310b\GatherV3\op\GatherV3\cmake\util\kernel_impl.temp","240","660B98F6111CDD71260984CA38CC289710012291A414E21C4CF1BABB2F1A4AD1"
"03_往届冠军仓库快照\R078_github_Brown-Bert_S5\case_310b\GatherV3\op\GatherV3\cmake\util\makeself\COPYING","18431","189B1AF95D661151E054CEA10C91B3D754E4DE4D3FECFB074C1FB29476F7167B"
"03_往届冠军仓库快照\R078_github_Brown-Bert_S5\case_310b\GatherV3\op\GatherV3\cmake\util\makeself\make-release.sh","349","FBD10A2882B5BF82A407E855F0F088E469F4D142AFDD7B3DFDCC808798E374B9"
"03_往届冠军仓库快照\R078_github_Brown-Bert_S5\case_310b\GatherV3\op\GatherV3\cmake\util\makeself\makeself-header.sh","18618","93AE39674EC8EA07C00245F38CA18365B78787E10DF443049360C051B49B0A97"
"03_往届冠军仓库快照\R078_github_Brown-Bert_S5\case_310b\GatherV3\op\GatherV3\cmake\util\makeself\makeself.1","3189","1518183932195173D43E85ABC10CFB10366B0A1E3FC61A2D6136B68A78AB15FE"
"03_往届冠军仓库快照\R078_github_Brown-Bert_S5\case_310b\GatherV3\op\GatherV3\cmake\util\makeself\makeself.lsm","836","270D45704E0F94F39B67369371A063C4E793F4AF5996B273D30ABC281994C1D9"
"03_往届冠军仓库快照\R078_github_Brown-Bert_S5\case_310b\GatherV3\op\GatherV3\cmake\util\makeself\makeself.sh","25787","40482E4E390F2F3E1C1E06250C31C36814F054DF5254A5CBDD2FE89FD70D9C2B"
"03_往届冠军仓库快照\R078_github_Brown-Bert_S5\case_310b\GatherV3\op\GatherV3\cmake\util\makeself\README.md","22146","C12F14B92112511DE28B943EDDB8765D3D75D1AEDB23AA49442559C1BE273E4A"
"03_往届冠军仓库快照\R078_github_Brown-Bert_S5\case_310b\GatherV3\op\GatherV3\cmake\util\makeself\run-tests.sh","192","A9E7846C51870CA216D9620416C29F82466172876909E382CD7600215E766292"
"03_往届冠军仓库快照\R078_github_Brown-Bert_S5\case_310b\GatherV3\op\GatherV3\cmake\util\makeself\VERSION","7","6117CCF1F1DE058A9243D93A2A0FB0C13BFD3CD3D4DA8E8AAF3C85EABDBEF5B5"
"03_往届冠军仓库快照\R078_github_Brown-Bert_S5\case_310b\GatherV3\op\GatherV3\cmake\util\merge_aicpu_info_json.sh","1143","AEFF13DF06A408A231344AFDB046A914B0319D95C02547F93E5357B64CDA23EB"
"03_往届冠军仓库快照\R078_github_Brown-Bert_S5\case_310b\GatherV3\op\GatherV3\cmake\util\opdesc_parser.py","14595","E3CD4BFBCA992EF4E6DB4780D7189D0752540EFB385488E0B515A9C9CB9D0E49"
"03_往届冠军仓库快照\R078_github_Brown-Bert_S5\case_310b\GatherV3\op\GatherV3\cmake\util\parse_ini_to_json.py","13195","FA25B699BB3EB603849CCCAB152C791F72FF83D246F366DD8F064E9165EAA247"
"03_往届冠军仓库快照\R078_github_Brown-Bert_S5\case_310b\GatherV3\op\GatherV3\cmake\util\preset_parse.py","861","23C46E652B4411E735E7A6C10EE262E0508C41799E60660E60B5028F317535CB"
"03_往届冠军仓库快照\R078_github_Brown-Bert_S5\case_310b\GatherV3\op\GatherV3\cmake\util\replay_codegen.py","4527","56F4EEA8AA8CEB6E44795AB8DC5785D3D1D608697385D190564399AC6DC56A18"
"03_往届冠军仓库快照\R078_github_Brown-Bert_S5\case_310b\GatherV3\op\GatherV3\cmake\util\replay_impl.temp","4207","E66480E82316EEC24DDA34890235F281D0631CF13FBEC631788E586CA7B7B458"
"03_往届冠军仓库快照\R078_github_Brown-Bert_S5\case_310b\GatherV3\op\GatherV3\cmake\util\tiling_data_def_build.py","4172","93089EA6995DE374AEDBDED2781A75C8F0D2501E691890F269A0E0454F9F55C8"
"03_往届冠军仓库快照\R078_github_Brown-Bert_S5\case_310b\GatherV3\op\GatherV3\CMakeLists.txt","3307","8547C357858A1960295565B1A794B41E2CB475D4DEE5113C26CB7348D6AEFB55"
"03_往届冠军仓库快照\R078_github_Brown-Bert_S5\case_310b\GatherV3\op\GatherV3\CMakePresets.json","2230","A8F2CC94FC8C2FCAFCF95A89E11AA1EBA8BA4A04DE82BECDA4F0E221DF2A1334"
"03_往届冠军仓库快照\R078_github_Brown-Bert_S5\case_310b\GatherV3\op\GatherV3\framework\CMakeLists.txt","396","2B9117B8865AB55A4C4018C86AD230F5C4AFDED78FBBEE939CB0385501C022B6"
"03_往届冠军仓库快照\R078_github_Brown-Bert_S5\case_310b\GatherV3\op\GatherV3\framework\tf_plugin\CMakeLists.txt","593","632568F858CE5D11D8405EC4C32E23A6403F184247953721C447DB5BF98057C9"
"03_往届冠军仓库快照\R078_github_Brown-Bert_S5\case_310b\GatherV3\op\GatherV3\framework\tf_plugin\tensorflow_gather_v3_plugin.cc","883","D2E9522740C4B458AF31B068845F649946A4474349CE937E6787AE6A3831A5B2"
"03_往届冠军仓库快照\R078_github_Brown-Bert_S5\case_310b\GatherV3\op\GatherV3\op_host\CMakeLists.txt","6641","3F99E9B8934BF9C16722CC36EB95402AE05D12AE473A7F97F77F1ACA75121402"
"03_往届冠军仓库快照\R078_github_Brown-Bert_S5\case_310b\GatherV3\op\GatherV3\op_host\gather_v3_tiling.h","663","C036A78532F6A242ABD79826C2575673A235219B22456D27D7444E994558A3DA"
"03_往届冠军仓库快照\R078_github_Brown-Bert_S5\case_310b\GatherV3\op\GatherV3\op_host\gather_v3.cpp","4880","E476095735ABB657662F9B6DA17A3AECF4F384B02B7A90085439C25D59A89DD5"
"03_往届冠军仓库快照\R078_github_Brown-Bert_S5\case_310b\GatherV3\op\GatherV3\op_kernel\CMakeLists.txt","160","28DB4CC809D625D8A352D6078635873484A8D90CF5645711D0FD4FDC6AA6DA81"
"03_往届冠军仓库快照\R078_github_Brown-Bert_S5\case_310b\GatherV3\op\GatherV3\op_kernel\gather_v3.cpp","54547","EA2A848C45DBD7F420860BB20C16A4C06B26B95FF06496D2E6B8BB5438C194A4"
"03_往届冠军仓库快照\R078_github_Brown-Bert_S5\case_310b\GatherV3\op\GatherV3\scripts\help.info","81","27067F1EC0A23A694AE80EC4A05BC68415A284FBAF509B1A9CC0234035C61E5B"
"03_往届冠军仓库快照\R078_github_Brown-Bert_S5\case_310b\GatherV3\op\GatherV3\scripts\install.sh","9881","02862BAF881E9EBFA0EB5F43BE11932391E2B1EDC1D6C1C508812B5410C04181"
"03_往届冠军仓库快照\R078_github_Brown-Bert_S5\case_310b\GatherV3\op\GatherV3\scripts\upgrade.sh","4151","DDF117CFD96BF93194F66A8C4C7A298A263254107D1EFAE8F2081F0626E4C1F7"
"03_往届冠军仓库快照\R078_github_Brown-Bert_S5\case_310b\GatherV3\op\zip_op.sh","440","65E7E3B9C67D4F53B93248A72524E798BE7898684EF173A2A72663DFA547E9F4"
"03_往届冠军仓库快照\R078_github_Brown-Bert_S5\case_310b\GatherV3\PROF_000001_20250626220740489_ORIFJIMBBLRKHMFC\device_0\data\ffts_profile.data.0.slice_0","128","FB07CFA6C56820EA57BEBE3C09F2F91C7CD1264D6E524448E3C63FE644C31B97"
"03_往届冠军仓库快照\R078_github_Brown-Bert_S5\case_310b\GatherV3\PROF_000001_20250626220740489_ORIFJIMBBLRKHMFC\device_0\data\ffts_profile.data.0.slice_0.done","40","8F82A36C435AFC3118498A75CAD9184F369A7F90FC0E19034C8B56BD1793FF64"
"03_往届冠军仓库快照\R078_github_Brown-Bert_S5\case_310b\GatherV3\PROF_000001_20250626220740489_ORIFJIMBBLRKHMFC\device_0\data\stars_soc.data.0.slice_0","896","44D58E39938174FB23B3EA61D3B1F23E96BF69647F8BAECBD8F3D92E3F7ABE04"
"03_往届冠军仓库快照\R078_github_Brown-Bert_S5\case_310b\GatherV3\PROF_000001_20250626220740489_ORIFJIMBBLRKHMFC\device_0\data\stars_soc.data.0.slice_0.done","40","74FE6036ADA95BFA57B81E17E30061C089448EFC3864557D0AB9E501FEA51EEC"
"03_往届冠军仓库快照\R078_github_Brown-Bert_S5\case_310b\GatherV3\PROF_000001_20250626220740489_ORIFJIMBBLRKHMFC\device_0\dev_start.log.0","62","5D575BC7F3DAE0DBB12329381AC9483DB12F4C9BFA7030D12F65F48CA105031A"
"03_往届冠军仓库快照\R078_github_Brown-Bert_S5\case_310b\GatherV3\PROF_000001_20250626220740489_ORIFJIMBBLRKHMFC\device_0\dev_start.log.0.done","13","EDCE5A7A262FB66623DCFE026B74416E6C5F28F8BFFA91AA66C45D56B4AE18F2"
"03_往届冠军仓库快照\R078_github_Brown-Bert_S5\case_310b\GatherV3\PROF_000001_20250626220740489_ORIFJIMBBLRKHMFC\device_0\end_info.0","127","9C130592AE595C8893D82F5CD4B5CF1665637CDBE2C9078BD3A9403821F30CEF"
"03_往届冠军仓库快照\R078_github_Brown-Bert_S5\case_310b\GatherV3\PROF_000001_20250626220740489_ORIFJIMBBLRKHMFC\device_0\end_info.0.done","14","900F60EDE24E59D38BBC6454196C3952AABCF6D41CA1AC951311CFBE0CA06CF8"
"03_往届冠军仓库快照\R078_github_Brown-Bert_S5\case_310b\GatherV3\PROF_000001_20250626220740489_ORIFJIMBBLRKHMFC\device_0\host_start.log.0","90","D47C51D13C5D034D7F957A7329E24A26E9737F117180BEBF17492066192EC5B3"
"03_往届冠军仓库快照\R078_github_Brown-Bert_S5\case_310b\GatherV3\PROF_000001_20250626220740489_ORIFJIMBBLRKHMFC\device_0\host_start.log.0.done","13","22F5B9AB52D2EABA7388BDE7378323689829B062039D8D2370B44E16720A5C77"
"03_往届冠军仓库快照\R078_github_Brown-Bert_S5\case_310b\GatherV3\PROF_000001_20250626220740489_ORIFJIMBBLRKHMFC\device_0\incompatible_features.json","154","8E257BE15D4074D9C45FFE7DAC165DDAD27E8EB1578F8FEAC0ACE42EBD805232"
"03_往届冠军仓库快照\R078_github_Brown-Bert_S5\case_310b\GatherV3\PROF_000001_20250626220740489_ORIFJIMBBLRKHMFC\device_0\incompatible_features.json.done","14","DD5A137530BC91681100D137C0BC9A63D46D8D82132385F55E4A3CC9779FC69A"
"03_往届冠军仓库快照\R078_github_Brown-Bert_S5\case_310b\GatherV3\PROF_000001_20250626220740489_ORIFJIMBBLRKHMFC\device_0\info.json.0","911","9EA87906D20274C3C484812A920EC711B57B20A2631CD6A379662F0A723C7E81"
"03_往届冠军仓库快照\R078_github_Brown-Bert_S5\case_310b\GatherV3\PROF_000001_20250626220740489_ORIFJIMBBLRKHMFC\device_0\info.json.0.done","14","6E6BEEC7EF96FA04CD75EF3B26CDEBF2DB824EC18533CCDF105BF1F92ECD1E72"
"03_往届冠军仓库快照\R078_github_Brown-Bert_S5\case_310b\GatherV3\PROF_000001_20250626220740489_ORIFJIMBBLRKHMFC\device_0\sample.json","2720","B4297F0F14168C047A1397E27C3CD58632768B285CE85F67B22D34BD250B8226"
"03_往届冠军仓库快照\R078_github_Brown-Bert_S5\case_310b\GatherV3\PROF_000001_20250626220740489_ORIFJIMBBLRKHMFC\device_0\sample.json.done","15","410AFA25F4F7F600C68B8D04DB118D0669884412B67AB6CA262EE2A657233845"
"03_往届冠军仓库快照\R078_github_Brown-Bert_S5\case_310b\GatherV3\PROF_000001_20250626220740489_ORIFJIMBBLRKHMFC\device_0\start_info.0","131","2A7EC673BEA27A08E93F3463721BB018DF89177195ED70BE445D76CC6B0095A4"
"03_往届冠军仓库快照\R078_github_Brown-Bert_S5\case_310b\GatherV3\PROF_000001_20250626220740489_ORIFJIMBBLRKHMFC\device_0\start_info.0.done","14","A2684DB261CDD0328036756AD4EBE1ACA6EC52B5EA7B29546A93E639A9D81F8C"
"03_往届冠军仓库快照\R078_github_Brown-Bert_S5\case_310b\GatherV3\PROF_000001_20250626220740489_ORIFJIMBBLRKHMFC\host\data\aging.additional.tensor_info.slice_0","256","8EE5148466C73B2ADB3DF74010A13ABA0BB1A90A7ECCE830695C8F078AEF047C"
"03_往届冠军仓库快照\R078_github_Brown-Bert_S5\case_310b\GatherV3\PROF_000001_20250626220740489_ORIFJIMBBLRKHMFC\host\data\aging.additional.tensor_info.slice_0.done","40","ACE1D7AC7EF8D59569D07C7147DB1331A869724EC48A616393F44B7A8B500A19"
"03_往届冠军仓库快照\R078_github_Brown-Bert_S5\case_310b\GatherV3\PROF_000001_20250626220740489_ORIFJIMBBLRKHMFC\host\data\aging.api_event.data.slice_0","1120","0177F357C873461D784FB35647662892500F57710482A726A83855B3E9A0AA26"
"03_往届冠军仓库快照\R078_github_Brown-Bert_S5\case_310b\GatherV3\PROF_000001_20250626220740489_ORIFJIMBBLRKHMFC\host\data\aging.api_event.data.slice_0.done","41","85FC9C4712DC75C05C4AF1CD2753DB7D040D7B875E482DCE11451DD7139FC14C"
"03_往届冠军仓库快照\R078_github_Brown-Bert_S5\case_310b\GatherV3\PROF_000001_20250626220740489_ORIFJIMBBLRKHMFC\host\data\aging.compact.node_basic_info.slice_0","64","ECBB7BD5D5729434B551D80A2007B541D7D0E08BB8B7DB5231BAA842E350E0C8"
"03_往届冠军仓库快照\R078_github_Brown-Bert_S5\case_310b\GatherV3\PROF_000001_20250626220740489_ORIFJIMBBLRKHMFC\host\data\aging.compact.node_basic_info.slice_0.done","39","6EFBD8046A9358A83909A037022AFB49120ACCCB6411BC0D460999FE9170DA32"
"03_往届冠军仓库快照\R078_github_Brown-Bert_S5\case_310b\GatherV3\PROF_000001_20250626220740489_ORIFJIMBBLRKHMFC\host\data\aging.compact.task_track.slice_0","448","3B69916D86B15135F557E8AF9172224B994EA55C9D4491162C383D9E1C6DD3BB"
"03_往届冠军仓库快照\R078_github_Brown-Bert_S5\case_310b\GatherV3\PROF_000001_20250626220740489_ORIFJIMBBLRKHMFC\host\data\aging.compact.task_track.slice_0.done","40","B02CFC5A026875CF13A706BFAA3FCB8A503334070517EB26801682DBD406D529"
"03_往届冠军仓库快照\R078_github_Brown-Bert_S5\case_310b\GatherV3\PROF_000001_20250626220740489_ORIFJIMBBLRKHMFC\host\data\unaging.additional.hash_dic.slice_0","215","3F4F9ACEA22183950A7CE441AFF7AF87EE016E30E576EC78A0EC2CDB68E589CF"
"03_往届冠军仓库快照\R078_github_Brown-Bert_S5\case_310b\GatherV3\PROF_000001_20250626220740489_ORIFJIMBBLRKHMFC\host\data\unaging.additional.hash_dic.slice_0.done","68","4E871384513983BCF398FF4A2CA34EDC673908C4145CDEE131269DC459F0FE86"
"03_往届冠军仓库快照\R078_github_Brown-Bert_S5\case_310b\GatherV3\PROF_000001_20250626220740489_ORIFJIMBBLRKHMFC\host\data\unaging.additional.type_info_dic.slice_0","14515","9135BF1EFB6C8001559DC5F8A4D8091B68665F7F36137D1E531B10A6704D680A"
"03_往届冠军仓库快照\R078_github_Brown-Bert_S5\case_310b\GatherV3\PROF_000001_20250626220740489_ORIFJIMBBLRKHMFC\host\data\unaging.additional.type_info_dic.slice_0.done","70","E8571A5D7A63AC5584DB7E024BE75206CD82C7E66738193E9DE63035035FC593"
"03_往届冠军仓库快照\R078_github_Brown-Bert_S5\case_310b\GatherV3\PROF_000001_20250626220740489_ORIFJIMBBLRKHMFC\host\end_info","127","DE09AE43B131A54C49A9B36108362A9CD4FD92E986055BBD7DCD7824D5CD4F7D"
"03_往届冠军仓库快照\R078_github_Brown-Bert_S5\case_310b\GatherV3\PROF_000001_20250626220740489_ORIFJIMBBLRKHMFC\host\end_info.done","14","900F60EDE24E59D38BBC6454196C3952AABCF6D41CA1AC951311CFBE0CA06CF8"
"03_往届冠军仓库快照\R078_github_Brown-Bert_S5\case_310b\GatherV3\PROF_000001_20250626220740489_ORIFJIMBBLRKHMFC\host\host_start.log","86","F13EF5361488C74BA7EDB51C4A2EFAEE8F91FBCEFB5553D6411FC8B457583514"
"03_往届冠军仓库快照\R078_github_Brown-Bert_S5\case_310b\GatherV3\PROF_000001_20250626220740489_ORIFJIMBBLRKHMFC\host\host_start.log.done","13","C890A52A5D594CAB490971D2ACCD9A87682667F0F18029A7F673D22EED366416"
"03_往届冠军仓库快照\R078_github_Brown-Bert_S5\case_310b\GatherV3\PROF_000001_20250626220740489_ORIFJIMBBLRKHMFC\host\incompatible_features.json","154","8E257BE15D4074D9C45FFE7DAC165DDAD27E8EB1578F8FEAC0ACE42EBD805232"
"03_往届冠军仓库快照\R078_github_Brown-Bert_S5\case_310b\GatherV3\PROF_000001_20250626220740489_ORIFJIMBBLRKHMFC\host\incompatible_features.json.done","14","DD5A137530BC91681100D137C0BC9A63D46D8D82132385F55E4A3CC9779FC69A"
"03_往届冠军仓库快照\R078_github_Brown-Bert_S5\case_310b\GatherV3\PROF_000001_20250626220740489_ORIFJIMBBLRKHMFC\host\info.json","574","43B8D6D249C4BC8486D15E98DAD4115EAB46F4285EB9D15107273D194D6F1773"
"03_往届冠军仓库快照\R078_github_Brown-Bert_S5\case_310b\GatherV3\PROF_000001_20250626220740489_ORIFJIMBBLRKHMFC\host\info.json.done","14","F13038F0A3EACE977C4545227D5DAEDF54BCE42F9F9468D9064CDB0483C2ED44"
"03_往届冠军仓库快照\R078_github_Brown-Bert_S5\case_310b\GatherV3\PROF_000001_20250626220740489_ORIFJIMBBLRKHMFC\host\sample.json","2718","2A4650ABBBB71EFF19F59A7B85D0C5646C20A8B63C1211EA158DD75D0E3EB77A"
"03_往届冠军仓库快照\R078_github_Brown-Bert_S5\case_310b\GatherV3\PROF_000001_20250626220740489_ORIFJIMBBLRKHMFC\host\sample.json.done","15","BA2BC7915B7C62808DA26CC22921BE5033635AC453D1966B502F726ECB403F52"
"03_往届冠军仓库快照\R078_github_Brown-Bert_S5\case_310b\GatherV3\PROF_000001_20250626220740489_ORIFJIMBBLRKHMFC\host\start_info","131","510F73A183A526DCE460B12E9CB76B94C1B30E699119507DDC71C2316ED84BC9"
"03_往届冠军仓库快照\R078_github_Brown-Bert_S5\case_310b\GatherV3\PROF_000001_20250626220740489_ORIFJIMBBLRKHMFC\host\start_info.done","14","A2684DB261CDD0328036756AD4EBE1ACA6EC52B5EA7B29546A93E639A9D81F8C"
"03_往届冠军仓库快照\R078_github_Brown-Bert_S5\case_310b\GatherV3\run.sh","917","77C8AC5308663C71688E8E5DA2462E7097CE974AA2D7F3F65259CF70F60B2CC4"
"03_往届冠军仓库快照\R078_github_Brown-Bert_S5\case_310b\GatherV3\setup.py","790","6826B7E7D048502FFBA87282BA1DA669458DDDEF61C8B114BF988AC72F0C0DF6"
"03_往届冠军仓库快照\R078_github_Brown-Bert_S5\case_310b\GatherV3\test_op.py","3038","FF83FF4294850497338E9CC886D2EBF4CB0686D875026AAE80485782F6C81D90"
"03_往届冠军仓库快照\R078_github_Brown-Bert_S5\case_310b\GatherV3\test.py","541","84A564383E37B06603BFF0057F6F1361CD07163D57D23D0C1203BC675873FD2F"
"03_往届冠军仓库快照\R078_github_Brown-Bert_S5\case_310b\GroupedMatmul\common\pytorch_npu_helper.hpp","23810","D7AE031353C71665C16EC998727661F2A949413F0EE6C44F50732F7AD6B9721F"
"03_往届冠军仓库快照\R078_github_Brown-Bert_S5\case_310b\GroupedMatmul\extension\custom_op.cpp","2749","9A61E82708086BE40426AED66BC81E121E181CBF83038443B1FA62CC018F8B7D"
"03_往届冠军仓库快照\R078_github_Brown-Bert_S5\case_310b\GroupedMatmul\get_time.py","782","A223697B4DDDEFB587A9A29E4FD85DFE88794082B7A2AED83E6F5F23234ED606"
"03_往届冠军仓库快照\R078_github_Brown-Bert_S5\case_310b\GroupedMatmul\run.sh","891","2C82648D575EA6E537C8E49715E2F182B4F207F32BA74C548C737E3D2C299EB4"
"03_往届冠军仓库快照\R078_github_Brown-Bert_S5\case_310b\GroupedMatmul\setup.py","790","6826B7E7D048502FFBA87282BA1DA669458DDDEF61C8B114BF988AC72F0C0DF6"
"03_往届冠军仓库快照\R078_github_Brown-Bert_S5\case_310b\GroupedMatmul\test_op.py","5682","6A63986D7D7D6B68DA7EB5078579CCE1D80A4384626504BF4F83ABB615702707"
"03_往届冠军仓库快照\R078_github_Brown-Bert_S5\case_310b\ReduceLogSumExp\.vscode\settings.json","209","7AF632C98ED525523DF6BDBAF90EC0BED4C8CA65234B2D926F046113F2F21ACE"
"03_往届冠军仓库快照\R078_github_Brown-Bert_S5\case_310b\ReduceLogSumExp\build\lib.linux-aarch64-cpython-39\custom_ops_lib.cpython-39-aarch64-linux-gnu.so","199696","EAA715756F97CEB30A0B1ECF3BB98169E6160E99F391D5A50199087B20ACD11B"
"03_往届冠军仓库快照\R078_github_Brown-Bert_S5\case_310b\ReduceLogSumExp\build\temp.linux-aarch64-cpython-39\extension\custom_op.o","337088","AE0EB41AD7F1C17CCC57C89122C83DEC81F0E79D120A69668239268A16133683"
"03_往届冠军仓库快照\R078_github_Brown-Bert_S5\case_310b\ReduceLogSumExp\common\pytorch_npu_helper.hpp","23645","0CEF79DA17674A0E68B56091BB4D26FA77806CE5B04E9CAE52079692821DA395"
"03_往届冠军仓库快照\R078_github_Brown-Bert_S5\case_310b\ReduceLogSumExp\custom_ops.egg-info\dependency_links.txt","2","7EB70257593DA06F682A3DDDA54A9D260D4FC514F645237F5CA74B08F8DA61A6"
"03_往届冠军仓库快照\R078_github_Brown-Bert_S5\case_310b\ReduceLogSumExp\custom_ops.egg-info\PKG-INFO","77","4DB7F0E956C7E79ADC2CAC4BCB0FDAF6F424AF935F56FC9DD34E9CF16BC99E7F"
"03_往届冠军仓库快照\R078_github_Brown-Bert_S5\case_310b\ReduceLogSumExp\custom_ops.egg-info\SOURCES.txt","175","10720EEEB72A42D58768E07DB2F90FD20B8ECFCA52EF1E5825CA96B2DD0D587B"
"03_往届冠军仓库快照\R078_github_Brown-Bert_S5\case_310b\ReduceLogSumExp\custom_ops.egg-info\top_level.txt","16","DB49DD119DFCD0ABAB02C7B3D06102309283645F37FFA4309B3F15B340D1AFE1"
"03_往届冠军仓库快照\R078_github_Brown-Bert_S5\case_310b\ReduceLogSumExp\dist\custom_ops-1.0-cp39-cp39-linux_aarch64.whl","78506","69D9B20F27E4AD52FF0EF80F92EA8A92795FA8F8104B204274DFAD0ABD6EE314"
"03_往届冠军仓库快照\R078_github_Brown-Bert_S5\case_310b\ReduceLogSumExp\extension\custom_op.cpp","1678","DA3B3B40FB6242550445E35C844C4BA35E53390738F9B740D77715E739B74318"
"03_往届冠军仓库快照\R078_github_Brown-Bert_S5\case_310b\ReduceLogSumExp\fusion_result.json","4","74234E98AFE7498FB5DAF1F36AC2D78ACC339464F950703B8C019892F982B90B"
"03_往届冠军仓库快照\R078_github_Brown-Bert_S5\case_310b\ReduceLogSumExp\get_time.py","782","A223697B4DDDEFB587A9A29E4FD85DFE88794082B7A2AED83E6F5F23234ED606"
"03_往届冠军仓库快照\R078_github_Brown-Bert_S5\case_310b\ReduceLogSumExp\kernel_meta\kernel_meta_temp_1012646221707580777\277551_277941_bt.log","0","E3B0C44298FC1C149AFBF4C8996FB92427AE41E4649B934CA495991B7852B855"
"03_往届冠军仓库快照\R078_github_Brown-Bert_S5\case_310b\ReduceLogSumExp\kernel_meta\kernel_meta_temp_1012646221707580777\277551_277942_bt.log","0","E3B0C44298FC1C149AFBF4C8996FB92427AE41E4649B934CA495991B7852B855"
"03_往届冠军仓库快照\R078_github_Brown-Bert_S5\case_310b\ReduceLogSumExp\kernel_meta\kernel_meta_temp_1012646221707580777\277551_277943_bt.log","0","E3B0C44298FC1C149AFBF4C8996FB92427AE41E4649B934CA495991B7852B855"
"03_往届冠军仓库快照\R078_github_Brown-Bert_S5\case_310b\ReduceLogSumExp\kernel_meta\kernel_meta_temp_1012646221707580777\277551_277944_bt.log","0","E3B0C44298FC1C149AFBF4C8996FB92427AE41E4649B934CA495991B7852B855"
"03_往届冠军仓库快照\R078_github_Brown-Bert_S5\case_310b\ReduceLogSumExp\kernel_meta\kernel_meta_temp_1012646221707580777\277551_277945_bt.log","0","E3B0C44298FC1C149AFBF4C8996FB92427AE41E4649B934CA495991B7852B855"
"03_往届冠军仓库快照\R078_github_Brown-Bert_S5\case_310b\ReduceLogSumExp\kernel_meta\kernel_meta_temp_1012646221707580777\277551_277946_bt.log","0","E3B0C44298FC1C149AFBF4C8996FB92427AE41E4649B934CA495991B7852B855"
"03_往届冠军仓库快照\R078_github_Brown-Bert_S5\case_310b\ReduceLogSumExp\kernel_meta\kernel_meta_temp_1012646221707580777\277551_277947_bt.log","0","E3B0C44298FC1C149AFBF4C8996FB92427AE41E4649B934CA495991B7852B855"
"03_往届冠军仓库快照\R078_github_Brown-Bert_S5\case_310b\ReduceLogSumExp\kernel_meta\kernel_meta_temp_1012646221707580777\277551_277948_bt.log","0","E3B0C44298FC1C149AFBF4C8996FB92427AE41E4649B934CA495991B7852B855"
"03_往届冠军仓库快照\R078_github_Brown-Bert_S5\case_310b\ReduceLogSumExp\kernel_meta\kernel_meta_temp_10263859135566976292\1898360_1898754_bt.log","0","E3B0C44298FC1C149AFBF4C8996FB92427AE41E4649B934CA495991B7852B855"
"03_往届冠军仓库快照\R078_github_Brown-Bert_S5\case_310b\ReduceLogSumExp\kernel_meta\kernel_meta_temp_10263859135566976292\1898360_1898755_bt.log","0","E3B0C44298FC1C149AFBF4C8996FB92427AE41E4649B934CA495991B7852B855"
"03_往届冠军仓库快照\R078_github_Brown-Bert_S5\case_310b\ReduceLogSumExp\kernel_meta\kernel_meta_temp_10263859135566976292\1898360_1898756_bt.log","0","E3B0C44298FC1C149AFBF4C8996FB92427AE41E4649B934CA495991B7852B855"
"03_往届冠军仓库快照\R078_github_Brown-Bert_S5\case_310b\ReduceLogSumExp\kernel_meta\kernel_meta_temp_10263859135566976292\1898360_1898757_bt.log","0","E3B0C44298FC1C149AFBF4C8996FB92427AE41E4649B934CA495991B7852B855"
"03_往届冠军仓库快照\R078_github_Brown-Bert_S5\case_310b\ReduceLogSumExp\kernel_meta\kernel_meta_temp_1031355943557591106\793147_793638_bt.log","0","E3B0C44298FC1C149AFBF4C8996FB92427AE41E4649B934CA495991B7852B855"
"03_往届冠军仓库快照\R078_github_Brown-Bert_S5\case_310b\ReduceLogSumExp\kernel_meta\kernel_meta_temp_1031355943557591106\793147_793639_bt.log","0","E3B0C44298FC1C149AFBF4C8996FB92427AE41E4649B934CA495991B7852B855"
"03_往届冠军仓库快照\R078_github_Brown-Bert_S5\case_310b\ReduceLogSumExp\kernel_meta\kernel_meta_temp_1031355943557591106\793147_793640_bt.log","0","E3B0C44298FC1C149AFBF4C8996FB92427AE41E4649B934CA495991B7852B855"
"03_往届冠军仓库快照\R078_github_Brown-Bert_S5\case_310b\ReduceLogSumExp\kernel_meta\kernel_meta_temp_1031355943557591106\793147_793641_bt.log","0","E3B0C44298FC1C149AFBF4C8996FB92427AE41E4649B934CA495991B7852B855"
"03_往届冠军仓库快照\R078_github_Brown-Bert_S5\case_310b\ReduceLogSumExp\kernel_meta\kernel_meta_temp_1031355943557591106\793147_793642_bt.log","0","E3B0C44298FC1C149AFBF4C8996FB92427AE41E4649B934CA495991B7852B855"
"03_往届冠军仓库快照\R078_github_Brown-Bert_S5\case_310b\ReduceLogSumExp\kernel_meta\kernel_meta_temp_1031355943557591106\793147_793643_bt.log","0","E3B0C44298FC1C149AFBF4C8996FB92427AE41E4649B934CA495991B7852B855"
"03_往届冠军仓库快照\R078_github_Brown-Bert_S5\case_310b\ReduceLogSumExp\kernel_meta\kernel_meta_temp_1031355943557591106\793147_793644_bt.log","0","E3B0C44298FC1C149AFBF4C8996FB92427AE41E4649B934CA495991B7852B855"
"03_往届冠军仓库快照\R078_github_Brown-Bert_S5\case_310b\ReduceLogSumExp\kernel_meta\kernel_meta_temp_1031355943557591106\793147_793645_bt.log","0","E3B0C44298FC1C149AFBF4C8996FB92427AE41E4649B934CA495991B7852B855"
"03_往届冠军仓库快照\R078_github_Brown-Bert_S5\case_310b\ReduceLogSumExp\kernel_meta\kernel_meta_temp_10464464184600937159\750278_750935_bt.log","0","E3B0C44298FC1C149AFBF4C8996FB92427AE41E4649B934CA495991B7852B855"
"03_往届冠军仓库快照\R078_github_Brown-Bert_S5\case_310b\ReduceLogSumExp\kernel_meta\kernel_meta_temp_10506822479708275736\814635_815019_bt.log","0","E3B0C44298FC1C149AFBF4C8996FB92427AE41E4649B934CA495991B7852B855"
"03_往届冠军仓库快照\R078_github_Brown-Bert_S5\case_310b\ReduceLogSumExp\kernel_meta\kernel_meta_temp_10506822479708275736\814635_815020_bt.log","0","E3B0C44298FC1C149AFBF4C8996FB92427AE41E4649B934CA495991B7852B855"
"03_往届冠军仓库快照\R078_github_Brown-Bert_S5\case_310b\ReduceLogSumExp\kernel_meta\kernel_meta_temp_10790786648176461544\1947562_1947930_bt.log","0","E3B0C44298FC1C149AFBF4C8996FB92427AE41E4649B934CA495991B7852B855"
"03_往届冠军仓库快照\R078_github_Brown-Bert_S5\case_310b\ReduceLogSumExp\kernel_meta\kernel_meta_temp_10968631902287034105\1977837_1978250_bt.log","0","E3B0C44298FC1C149AFBF4C8996FB92427AE41E4649B934CA495991B7852B855"
"03_往届冠军仓库快照\R078_github_Brown-Bert_S5\case_310b\ReduceLogSumExp\kernel_meta\kernel_meta_temp_10968631902287034105\1977837_1978251_bt.log","0","E3B0C44298FC1C149AFBF4C8996FB92427AE41E4649B934CA495991B7852B855"
"03_往届冠军仓库快照\R078_github_Brown-Bert_S5\case_310b\ReduceLogSumExp\kernel_meta\kernel_meta_temp_10968631902287034105\1977837_1978252_bt.log","0","E3B0C44298FC1C149AFBF4C8996FB92427AE41E4649B934CA495991B7852B855"
"03_往届冠军仓库快照\R078_github_Brown-Bert_S5\case_310b\ReduceLogSumExp\kernel_meta\kernel_meta_temp_10968631902287034105\1977837_1978254_bt.log","0","E3B0C44298FC1C149AFBF4C8996FB92427AE41E4649B934CA495991B7852B855"
"03_往届冠军仓库快照\R078_github_Brown-Bert_S5\case_310b\ReduceLogSumExp\kernel_meta\kernel_meta_temp_10968631902287034105\1977837_1978255_bt.log","0","E3B0C44298FC1C149AFBF4C8996FB92427AE41E4649B934CA495991B7852B855"
"03_往届冠军仓库快照\R078_github_Brown-Bert_S5\case_310b\ReduceLogSumExp\kernel_meta\kernel_meta_temp_116660627093651848\303515_303907_bt.log","0","E3B0C44298FC1C149AFBF4C8996FB92427AE41E4649B934CA495991B7852B855"
"03_往届冠军仓库快照\R078_github_Brown-Bert_S5\case_310b\ReduceLogSumExp\kernel_meta\kernel_meta_temp_116660627093651848\303515_303909_bt.log","0","E3B0C44298FC1C149AFBF4C8996FB92427AE41E4649B934CA495991B7852B855"
"03_往届冠军仓库快照\R078_github_Brown-Bert_S5\case_310b\ReduceLogSumExp\kernel_meta\kernel_meta_temp_11752951715622608711\757478_757840_bt.log","0","E3B0C44298FC1C149AFBF4C8996FB92427AE41E4649B934CA495991B7852B855"
"03_往届冠军仓库快照\R078_github_Brown-Bert_S5\case_310b\ReduceLogSumExp\kernel_meta\kernel_meta_temp_12046793726315331180\865521_865929_bt.log","0","E3B0C44298FC1C149AFBF4C8996FB92427AE41E4649B934CA495991B7852B855"
"03_往届冠军仓库快照\R078_github_Brown-Bert_S5\case_310b\ReduceLogSumExp\kernel_meta\kernel_meta_temp_12350384682220445789\717703_718371_bt.log","0","E3B0C44298FC1C149AFBF4C8996FB92427AE41E4649B934CA495991B7852B855"
"03_往届冠军仓库快照\R078_github_Brown-Bert_S5\case_310b\ReduceLogSumExp\kernel_meta\kernel_meta_temp_12817705332913650347\871481_871843_bt.log","0","E3B0C44298FC1C149AFBF4C8996FB92427AE41E4649B934CA495991B7852B855"
"03_往届冠军仓库快照\R078_github_Brown-Bert_S5\case_310b\ReduceLogSumExp\kernel_meta\kernel_meta_temp_12817705332913650347\871481_871844_bt.log","0","E3B0C44298FC1C149AFBF4C8996FB92427AE41E4649B934CA495991B7852B855"
"03_往届冠军仓库快照\R078_github_Brown-Bert_S5\case_310b\ReduceLogSumExp\kernel_meta\kernel_meta_temp_12817705332913650347\871481_871845_bt.log","0","E3B0C44298FC1C149AFBF4C8996FB92427AE41E4649B934CA495991B7852B855"
"03_往届冠军仓库快照\R078_github_Brown-Bert_S5\case_310b\ReduceLogSumExp\kernel_meta\kernel_meta_temp_12817705332913650347\871481_871847_bt.log","0","E3B0C44298FC1C149AFBF4C8996FB92427AE41E4649B934CA495991B7852B855"
"03_往届冠军仓库快照\R078_github_Brown-Bert_S5\case_310b\ReduceLogSumExp\kernel_meta\kernel_meta_temp_12817705332913650347\871481_871849_bt.log","0","E3B0C44298FC1C149AFBF4C8996FB92427AE41E4649B934CA495991B7852B855"
"03_往届冠军仓库快照\R078_github_Brown-Bert_S5\case_310b\ReduceLogSumExp\kernel_meta\kernel_meta_temp_12948001898222694834\679174_679650_bt.log","0","E3B0C44298FC1C149AFBF4C8996FB92427AE41E4649B934CA495991B7852B855"
"03_往届冠军仓库快照\R078_github_Brown-Bert_S5\case_310b\ReduceLogSumExp\kernel_meta\kernel_meta_temp_13440571059518742499\691685_692072_bt.log","0","E3B0C44298FC1C149AFBF4C8996FB92427AE41E4649B934CA495991B7852B855"
"03_往届冠军仓库快照\R078_github_Brown-Bert_S5\case_310b\ReduceLogSumExp\kernel_meta\kernel_meta_temp_13853627756462702682\1944076_1944610_bt.log","0","E3B0C44298FC1C149AFBF4C8996FB92427AE41E4649B934CA495991B7852B855"
"03_往届冠军仓库快照\R078_github_Brown-Bert_S5\case_310b\ReduceLogSumExp\kernel_meta\kernel_meta_temp_13853627756462702682\1944076_1944611_bt.log","0","E3B0C44298FC1C149AFBF4C8996FB92427AE41E4649B934CA495991B7852B855"
"03_往届冠军仓库快照\R078_github_Brown-Bert_S5\case_310b\ReduceLogSumExp\kernel_meta\kernel_meta_temp_13853627756462702682\1944076_1944612_bt.log","0","E3B0C44298FC1C149AFBF4C8996FB92427AE41E4649B934CA495991B7852B855"
"03_往届冠军仓库快照\R078_github_Brown-Bert_S5\case_310b\ReduceLogSumExp\kernel_meta\kernel_meta_temp_13853627756462702682\1944076_1944613_bt.log","0","E3B0C44298FC1C149AFBF4C8996FB92427AE41E4649B934CA495991B7852B855"
"03_往届冠军仓库快照\R078_github_Brown-Bert_S5\case_310b\ReduceLogSumExp\kernel_meta\kernel_meta_temp_13853627756462702682\1944076_1944614_bt.log","0","E3B0C44298FC1C149AFBF4C8996FB92427AE41E4649B934CA495991B7852B855"
"03_往届冠军仓库快照\R078_github_Brown-Bert_S5\case_310b\ReduceLogSumExp\kernel_meta\kernel_meta_temp_13853627756462702682\1944076_1944615_bt.log","0","E3B0C44298FC1C149AFBF4C8996FB92427AE41E4649B934CA495991B7852B855"
"03_往届冠军仓库快照\R078_github_Brown-Bert_S5\case_310b\ReduceLogSumExp\kernel_meta\kernel_meta_temp_13863762529083493458\859629_860175_bt.log","0","E3B0C44298FC1C149AFBF4C8996FB92427AE41E4649B934CA495991B7852B855"
"03_往届冠军仓库快照\R078_github_Brown-Bert_S5\case_310b\ReduceLogSumExp\kernel_meta\kernel_meta_temp_13863762529083493458\859629_860178_bt.log","0","E3B0C44298FC1C149AFBF4C8996FB92427AE41E4649B934CA495991B7852B855"
"03_往届冠军仓库快照\R078_github_Brown-Bert_S5\case_310b\ReduceLogSumExp\kernel_meta\kernel_meta_temp_13863762529083493458\859629_860180_bt.log","0","E3B0C44298FC1C149AFBF4C8996FB92427AE41E4649B934CA495991B7852B855"
"03_往届冠军仓库快照\R078_github_Brown-Bert_S5\case_310b\ReduceLogSumExp\kernel_meta\kernel_meta_temp_13863762529083493458\859629_860181_bt.log","0","E3B0C44298FC1C149AFBF4C8996FB92427AE41E4649B934CA495991B7852B855"
"03_往届冠军仓库快照\R078_github_Brown-Bert_S5\case_310b\ReduceLogSumExp\kernel_meta\kernel_meta_temp_14035771057114690292\461890_462348_bt.log","0","E3B0C44298FC1C149AFBF4C8996FB92427AE41E4649B934CA495991B7852B855"
"03_往届冠军仓库快照\R078_github_Brown-Bert_S5\case_310b\ReduceLogSumExp\kernel_meta\kernel_meta_temp_14035771057114690292\461890_462349_bt.log","0","E3B0C44298FC1C149AFBF4C8996FB92427AE41E4649B934CA495991B7852B855"
"03_往届冠军仓库快照\R078_github_Brown-Bert_S5\case_310b\ReduceLogSumExp\kernel_meta\kernel_meta_temp_14035771057114690292\461890_462350_bt.log","0","E3B0C44298FC1C149AFBF4C8996FB92427AE41E4649B934CA495991B7852B855"
"03_往届冠军仓库快照\R078_github_Brown-Bert_S5\case_310b\ReduceLogSumExp\kernel_meta\kernel_meta_temp_14035771057114690292\461890_462351_bt.log","0","E3B0C44298FC1C149AFBF4C8996FB92427AE41E4649B934CA495991B7852B855"
"03_往届冠军仓库快照\R078_github_Brown-Bert_S5\case_310b\ReduceLogSumExp\kernel_meta\kernel_meta_temp_14035771057114690292\461890_462352_bt.log","0","E3B0C44298FC1C149AFBF4C8996FB92427AE41E4649B934CA495991B7852B855"
"03_往届冠军仓库快照\R078_github_Brown-Bert_S5\case_310b\ReduceLogSumExp\kernel_meta\kernel_meta_temp_14035771057114690292\461890_462353_bt.log","0","E3B0C44298FC1C149AFBF4C8996FB92427AE41E4649B934CA495991B7852B855"
"03_往届冠军仓库快照\R078_github_Brown-Bert_S5\case_310b\ReduceLogSumExp\kernel_meta\kernel_meta_temp_14035771057114690292\461890_462354_bt.log","0","E3B0C44298FC1C149AFBF4C8996FB92427AE41E4649B934CA495991B7852B855"
"03_往届冠军仓库快照\R078_github_Brown-Bert_S5\case_310b\ReduceLogSumExp\kernel_meta\kernel_meta_temp_14035771057114690292\461890_462355_bt.log","0","E3B0C44298FC1C149AFBF4C8996FB92427AE41E4649B934CA495991B7852B855"
"03_往届冠军仓库快照\R078_github_Brown-Bert_S5\case_310b\ReduceLogSumExp\kernel_meta\kernel_meta_temp_14202318043667834691\343830_344481_bt.log","0","E3B0C44298FC1C149AFBF4C8996FB92427AE41E4649B934CA495991B7852B855"
"03_往届冠军仓库快照\R078_github_Brown-Bert_S5\case_310b\ReduceLogSumExp\kernel_meta\kernel_meta_temp_14256078241127184249\797061_797420_bt.log","0","E3B0C44298FC1C149AFBF4C8996FB92427AE41E4649B934CA495991B7852B855"
"03_往届冠军仓库快照\R078_github_Brown-Bert_S5\case_310b\ReduceLogSumExp\kernel_meta\kernel_meta_temp_14256078241127184249\797061_797423_bt.log","0","E3B0C44298FC1C149AFBF4C8996FB92427AE41E4649B934CA495991B7852B855"
"03_往届冠军仓库快照\R078_github_Brown-Bert_S5\case_310b\ReduceLogSumExp\kernel_meta\kernel_meta_temp_14256078241127184249\797061_797426_bt.log","0","E3B0C44298FC1C149AFBF4C8996FB92427AE41E4649B934CA495991B7852B855"
"03_往届冠军仓库快照\R078_github_Brown-Bert_S5\case_310b\ReduceLogSumExp\kernel_meta\kernel_meta_temp_14256078241127184249\797061_797427_bt.log","0","E3B0C44298FC1C149AFBF4C8996FB92427AE41E4649B934CA495991B7852B855"
"03_往届冠军仓库快照\R078_github_Brown-Bert_S5\case_310b\ReduceLogSumExp\kernel_meta\kernel_meta_temp_14256078241127184249\797061_797428_bt.log","0","E3B0C44298FC1C149AFBF4C8996FB92427AE41E4649B934CA495991B7852B855"
"03_往届冠军仓库快照\R078_github_Brown-Bert_S5\case_310b\ReduceLogSumExp\kernel_meta\kernel_meta_temp_14347977184085925076\687195_687841_bt.log","0","E3B0C44298FC1C149AFBF4C8996FB92427AE41E4649B934CA495991B7852B855"
"03_往届冠军仓库快照\R078_github_Brown-Bert_S5\case_310b\ReduceLogSumExp\kernel_meta\kernel_meta_temp_1435693434306331032\43827_44216_bt.log","0","E3B0C44298FC1C149AFBF4C8996FB92427AE41E4649B934CA495991B7852B855"
"03_往届冠军仓库快照\R078_github_Brown-Bert_S5\case_310b\ReduceLogSumExp\kernel_meta\kernel_meta_temp_1435693434306331032\43827_44217_bt.log","0","E3B0C44298FC1C149AFBF4C8996FB92427AE41E4649B934CA495991B7852B855"
"03_往届冠军仓库快照\R078_github_Brown-Bert_S5\case_310b\ReduceLogSumExp\kernel_meta\kernel_meta_temp_1435693434306331032\43827_44218_bt.log","0","E3B0C44298FC1C149AFBF4C8996FB92427AE41E4649B934CA495991B7852B855"
"03_往届冠军仓库快照\R078_github_Brown-Bert_S5\case_310b\ReduceLogSumExp\kernel_meta\kernel_meta_temp_1435693434306331032\43827_44219_bt.log","0","E3B0C44298FC1C149AFBF4C8996FB92427AE41E4649B934CA495991B7852B855"
"03_往届冠军仓库快照\R078_github_Brown-Bert_S5\case_310b\ReduceLogSumExp\kernel_meta\kernel_meta_temp_1435693434306331032\43827_44220_bt.log","0","E3B0C44298FC1C149AFBF4C8996FB92427AE41E4649B934CA495991B7852B855"
"03_往届冠军仓库快照\R078_github_Brown-Bert_S5\case_310b\ReduceLogSumExp\kernel_meta\kernel_meta_temp_1435693434306331032\43827_44221_bt.log","0","E3B0C44298FC1C149AFBF4C8996FB92427AE41E4649B934CA495991B7852B855"
"03_往届冠军仓库快照\R078_github_Brown-Bert_S5\case_310b\ReduceLogSumExp\kernel_meta\kernel_meta_temp_1435693434306331032\43827_44222_bt.log","0","E3B0C44298FC1C149AFBF4C8996FB92427AE41E4649B934CA495991B7852B855"
"03_往届冠军仓库快照\R078_github_Brown-Bert_S5\case_310b\ReduceLogSumExp\kernel_meta\kernel_meta_temp_1435693434306331032\43827_44223_bt.log","0","E3B0C44298FC1C149AFBF4C8996FB92427AE41E4649B934CA495991B7852B855"
"03_往届冠军仓库快照\R078_github_Brown-Bert_S5\case_310b\ReduceLogSumExp\kernel_meta\kernel_meta_temp_14367820894687752053\964195_964580_bt.log","0","E3B0C44298FC1C149AFBF4C8996FB92427AE41E4649B934CA495991B7852B855"
"03_往届冠军仓库快照\R078_github_Brown-Bert_S5\case_310b\ReduceLogSumExp\kernel_meta\kernel_meta_temp_14367820894687752053\964195_964585_bt.log","0","E3B0C44298FC1C149AFBF4C8996FB92427AE41E4649B934CA495991B7852B855"
"03_往届冠军仓库快照\R078_github_Brown-Bert_S5\case_310b\ReduceLogSumExp\kernel_meta\kernel_meta_temp_14595176370950997192\728958_729469_bt.log","0","E3B0C44298FC1C149AFBF4C8996FB92427AE41E4649B934CA495991B7852B855"
"03_往届冠军仓库快照\R078_github_Brown-Bert_S5\case_310b\ReduceLogSumExp\kernel_meta\kernel_meta_temp_15044651457660678828\382405_382705_bt.log","0","E3B0C44298FC1C149AFBF4C8996FB92427AE41E4649B934CA495991B7852B855"
"03_往届冠军仓库快照\R078_github_Brown-Bert_S5\case_310b\ReduceLogSumExp\kernel_meta\kernel_meta_temp_15044651457660678828\382405_382706_bt.log","0","E3B0C44298FC1C149AFBF4C8996FB92427AE41E4649B934CA495991B7852B855"
"03_往届冠军仓库快照\R078_github_Brown-Bert_S5\case_310b\ReduceLogSumExp\kernel_meta\kernel_meta_temp_15209741583370666669\877483_877783_bt.log","0","E3B0C44298FC1C149AFBF4C8996FB92427AE41E4649B934CA495991B7852B855"
"03_往届冠军仓库快照\R078_github_Brown-Bert_S5\case_310b\ReduceLogSumExp\kernel_meta\kernel_meta_temp_15209741583370666669\877483_877784_bt.log","0","E3B0C44298FC1C149AFBF4C8996FB92427AE41E4649B934CA495991B7852B855"
"03_往届冠军仓库快照\R078_github_Brown-Bert_S5\case_310b\ReduceLogSumExp\kernel_meta\kernel_meta_temp_15209741583370666669\877483_877788_bt.log","0","E3B0C44298FC1C149AFBF4C8996FB92427AE41E4649B934CA495991B7852B855"
"03_往届冠军仓库快照\R078_github_Brown-Bert_S5\case_310b\ReduceLogSumExp\kernel_meta\kernel_meta_temp_15457271427397743257\927498_927830_bt.log","0","E3B0C44298FC1C149AFBF4C8996FB92427AE41E4649B934CA495991B7852B855"
"03_往届冠军仓库快照\R078_github_Brown-Bert_S5\case_310b\ReduceLogSumExp\kernel_meta\kernel_meta_temp_15457271427397743257\927498_927831_bt.log","0","E3B0C44298FC1C149AFBF4C8996FB92427AE41E4649B934CA495991B7852B855"
"03_往届冠军仓库快照\R078_github_Brown-Bert_S5\case_310b\ReduceLogSumExp\kernel_meta\kernel_meta_temp_15457271427397743257\927498_927832_bt.log","0","E3B0C44298FC1C149AFBF4C8996FB92427AE41E4649B934CA495991B7852B855"
"03_往届冠军仓库快照\R078_github_Brown-Bert_S5\case_310b\ReduceLogSumExp\kernel_meta\kernel_meta_temp_15457271427397743257\927498_927833_bt.log","0","E3B0C44298FC1C149AFBF4C8996FB92427AE41E4649B934CA495991B7852B855"
"03_往届冠军仓库快照\R078_github_Brown-Bert_S5\case_310b\ReduceLogSumExp\kernel_meta\kernel_meta_temp_15457271427397743257\927498_927834_bt.log","0","E3B0C44298FC1C149AFBF4C8996FB92427AE41E4649B934CA495991B7852B855"
"03_往届冠军仓库快照\R078_github_Brown-Bert_S5\case_310b\ReduceLogSumExp\kernel_meta\kernel_meta_temp_15457271427397743257\927498_927836_bt.log","0","E3B0C44298FC1C149AFBF4C8996FB92427AE41E4649B934CA495991B7852B855"
"03_往届冠军仓库快照\R078_github_Brown-Bert_S5\case_310b\ReduceLogSumExp\kernel_meta\kernel_meta_temp_15457271427397743257\927498_927837_bt.log","0","E3B0C44298FC1C149AFBF4C8996FB92427AE41E4649B934CA495991B7852B855"
"03_往届冠军仓库快照\R078_github_Brown-Bert_S5\case_310b\ReduceLogSumExp\kernel_meta\kernel_meta_temp_15564748186019286147\1894190_1894491_bt.log","0","E3B0C44298FC1C149AFBF4C8996FB92427AE41E4649B934CA495991B7852B855"
"03_往届冠军仓库快照\R078_github_Brown-Bert_S5\case_310b\ReduceLogSumExp\kernel_meta\kernel_meta_temp_15564748186019286147\1894190_1894497_bt.log","0","E3B0C44298FC1C149AFBF4C8996FB92427AE41E4649B934CA495991B7852B855"
"03_往届冠军仓库快照\R078_github_Brown-Bert_S5\case_310b\ReduceLogSumExp\kernel_meta\kernel_meta_temp_15717604091007866204\46239_46720_bt.log","0","E3B0C44298FC1C149AFBF4C8996FB92427AE41E4649B934CA495991B7852B855"
"03_往届冠军仓库快照\R078_github_Brown-Bert_S5\case_310b\ReduceLogSumExp\kernel_meta\kernel_meta_temp_15717604091007866204\46239_46721_bt.log","0","E3B0C44298FC1C149AFBF4C8996FB92427AE41E4649B934CA495991B7852B855"
"03_往届冠军仓库快照\R078_github_Brown-Bert_S5\case_310b\ReduceLogSumExp\kernel_meta\kernel_meta_temp_15717604091007866204\46239_46723_bt.log","0","E3B0C44298FC1C149AFBF4C8996FB92427AE41E4649B934CA495991B7852B855"
"03_往届冠军仓库快照\R078_github_Brown-Bert_S5\case_310b\ReduceLogSumExp\kernel_meta\kernel_meta_temp_15717604091007866204\46239_46724_bt.log","0","E3B0C44298FC1C149AFBF4C8996FB92427AE41E4649B934CA495991B7852B855"
"03_往届冠军仓库快照\R078_github_Brown-Bert_S5\case_310b\ReduceLogSumExp\kernel_meta\kernel_meta_temp_15735316743489114309\884950_885488_bt.log","0","E3B0C44298FC1C149AFBF4C8996FB92427AE41E4649B934CA495991B7852B855"
"03_往届冠军仓库快照\R078_github_Brown-Bert_S5\case_310b\ReduceLogSumExp\kernel_meta\kernel_meta_temp_15735316743489114309\884950_885489_bt.log","0","E3B0C44298FC1C149AFBF4C8996FB92427AE41E4649B934CA495991B7852B855"
"03_往届冠军仓库快照\R078_github_Brown-Bert_S5\case_310b\ReduceLogSumExp\kernel_meta\kernel_meta_temp_15735316743489114309\884950_885490_bt.log","0","E3B0C44298FC1C149AFBF4C8996FB92427AE41E4649B934CA495991B7852B855"
"03_往届冠军仓库快照\R078_github_Brown-Bert_S5\case_310b\ReduceLogSumExp\kernel_meta\kernel_meta_temp_15735316743489114309\884950_885491_bt.log","0","E3B0C44298FC1C149AFBF4C8996FB92427AE41E4649B934CA495991B7852B855"
"03_往届冠军仓库快照\R078_github_Brown-Bert_S5\case_310b\ReduceLogSumExp\kernel_meta\kernel_meta_temp_15735316743489114309\884950_885494_bt.log","0","E3B0C44298FC1C149AFBF4C8996FB92427AE41E4649B934CA495991B7852B855"
"03_往届冠军仓库快照\R078_github_Brown-Bert_S5\case_310b\ReduceLogSumExp\kernel_meta\kernel_meta_temp_1586238503798467301\649120_649494_bt.log","0","E3B0C44298FC1C149AFBF4C8996FB92427AE41E4649B934CA495991B7852B855"
"03_往届冠军仓库快照\R078_github_Brown-Bert_S5\case_310b\ReduceLogSumExp\kernel_meta\kernel_meta_temp_1586238503798467301\649120_649496_bt.log","0","E3B0C44298FC1C149AFBF4C8996FB92427AE41E4649B934CA495991B7852B855"
"03_往届冠军仓库快照\R078_github_Brown-Bert_S5\case_310b\ReduceLogSumExp\kernel_meta\kernel_meta_temp_1586238503798467301\649120_649501_bt.log","0","E3B0C44298FC1C149AFBF4C8996FB92427AE41E4649B934CA495991B7852B855"
"03_往届冠军仓库快照\R078_github_Brown-Bert_S5\case_310b\ReduceLogSumExp\kernel_meta\kernel_meta_temp_16048882457536202626\1918890_1919315_bt.log","0","E3B0C44298FC1C149AFBF4C8996FB92427AE41E4649B934CA495991B7852B855"
"03_往届冠军仓库快照\R078_github_Brown-Bert_S5\case_310b\ReduceLogSumExp\kernel_meta\kernel_meta_temp_16327047096589466718\11747_11904_bt.log","0","E3B0C44298FC1C149AFBF4C8996FB92427AE41E4649B934CA495991B7852B855"
"03_往届冠军仓库快照\R078_github_Brown-Bert_S5\case_310b\ReduceLogSumExp\kernel_meta\kernel_meta_temp_16648733231593666764\854143_854671_bt.log","0","E3B0C44298FC1C149AFBF4C8996FB92427AE41E4649B934CA495991B7852B855"
"03_往届冠军仓库快照\R078_github_Brown-Bert_S5\case_310b\ReduceLogSumExp\kernel_meta\kernel_meta_temp_16648733231593666764\854143_854672_bt.log","0","E3B0C44298FC1C149AFBF4C8996FB92427AE41E4649B934CA495991B7852B855"
"03_往届冠军仓库快照\R078_github_Brown-Bert_S5\case_310b\ReduceLogSumExp\kernel_meta\kernel_meta_temp_16648733231593666764\854143_854673_bt.log","0","E3B0C44298FC1C149AFBF4C8996FB92427AE41E4649B934CA495991B7852B855"
"03_往届冠军仓库快照\R078_github_Brown-Bert_S5\case_310b\ReduceLogSumExp\kernel_meta\kernel_meta_temp_16648733231593666764\854143_854674_bt.log","0","E3B0C44298FC1C149AFBF4C8996FB92427AE41E4649B934CA495991B7852B855"
"03_往届冠军仓库快照\R078_github_Brown-Bert_S5\case_310b\ReduceLogSumExp\kernel_meta\kernel_meta_temp_16648733231593666764\854143_854675_bt.log","0","E3B0C44298FC1C149AFBF4C8996FB92427AE41E4649B934CA495991B7852B855"
"03_往届冠军仓库快照\R078_github_Brown-Bert_S5\case_310b\ReduceLogSumExp\kernel_meta\kernel_meta_temp_16648733231593666764\854143_854676_bt.log","0","E3B0C44298FC1C149AFBF4C8996FB92427AE41E4649B934CA495991B7852B855"
"03_往届冠军仓库快照\R078_github_Brown-Bert_S5\case_310b\ReduceLogSumExp\kernel_meta\kernel_meta_temp_16648733231593666764\854143_854677_bt.log","0","E3B0C44298FC1C149AFBF4C8996FB92427AE41E4649B934CA495991B7852B855"
"03_往届冠军仓库快照\R078_github_Brown-Bert_S5\case_310b\ReduceLogSumExp\kernel_meta\kernel_meta_temp_16648733231593666764\854143_854678_bt.log","0","E3B0C44298FC1C149AFBF4C8996FB92427AE41E4649B934CA495991B7852B855"
"03_往届冠军仓库快照\R078_github_Brown-Bert_S5\case_310b\ReduceLogSumExp\kernel_meta\kernel_meta_temp_16750557232690483295\822076_822613_bt.log","0","E3B0C44298FC1C149AFBF4C8996FB92427AE41E4649B934CA495991B7852B855"
"03_往届冠军仓库快照\R078_github_Brown-Bert_S5\case_310b\ReduceLogSumExp\kernel_meta\kernel_meta_temp_16750557232690483295\822076_822615_bt.log","0","E3B0C44298FC1C149AFBF4C8996FB92427AE41E4649B934CA495991B7852B855"
"03_往届冠军仓库快照\R078_github_Brown-Bert_S5\case_310b\ReduceLogSumExp\kernel_meta\kernel_meta_temp_16761900589422131139\946773_947177_bt.log","0","E3B0C44298FC1C149AFBF4C8996FB92427AE41E4649B934CA495991B7852B855"
"03_往届冠军仓库快照\R078_github_Brown-Bert_S5\case_310b\ReduceLogSumExp\kernel_meta\kernel_meta_temp_16761900589422131139\946773_947178_bt.log","0","E3B0C44298FC1C149AFBF4C8996FB92427AE41E4649B934CA495991B7852B855"
"03_往届冠军仓库快照\R078_github_Brown-Bert_S5\case_310b\ReduceLogSumExp\kernel_meta\kernel_meta_temp_16761900589422131139\946773_947179_bt.log","0","E3B0C44298FC1C149AFBF4C8996FB92427AE41E4649B934CA495991B7852B855"
"03_往届冠军仓库快照\R078_github_Brown-Bert_S5\case_310b\ReduceLogSumExp\kernel_meta\kernel_meta_temp_16761900589422131139\946773_947180_bt.log","0","E3B0C44298FC1C149AFBF4C8996FB92427AE41E4649B934CA495991B7852B855"
"03_往届冠军仓库快照\R078_github_Brown-Bert_S5\case_310b\ReduceLogSumExp\kernel_meta\kernel_meta_temp_16761900589422131139\946773_947183_bt.log","0","E3B0C44298FC1C149AFBF4C8996FB92427AE41E4649B934CA495991B7852B855"
"03_往届冠军仓库快照\R078_github_Brown-Bert_S5\case_310b\ReduceLogSumExp\kernel_meta\kernel_meta_temp_16761900589422131139\946773_947184_bt.log","0","E3B0C44298FC1C149AFBF4C8996FB92427AE41E4649B934CA495991B7852B855"
"03_往届冠军仓库快照\R078_github_Brown-Bert_S5\case_310b\ReduceLogSumExp\kernel_meta\kernel_meta_temp_16761900589422131139\946773_947185_bt.log","0","E3B0C44298FC1C149AFBF4C8996FB92427AE41E4649B934CA495991B7852B855"
"03_往届冠军仓库快照\R078_github_Brown-Bert_S5\case_310b\ReduceLogSumExp\kernel_meta\kernel_meta_temp_16761900589422131139\946773_947186_bt.log","0","E3B0C44298FC1C149AFBF4C8996FB92427AE41E4649B934CA495991B7852B855"
"03_往届冠军仓库快照\R078_github_Brown-Bert_S5\case_310b\ReduceLogSumExp\kernel_meta\kernel_meta_temp_17181446975813298648\753163_753533_bt.log","0","E3B0C44298FC1C149AFBF4C8996FB92427AE41E4649B934CA495991B7852B855"
"03_往届冠军仓库快照\R078_github_Brown-Bert_S5\case_310b\ReduceLogSumExp\kernel_meta\kernel_meta_temp_17562264669867401841\969550_969911_bt.log","0","E3B0C44298FC1C149AFBF4C8996FB92427AE41E4649B934CA495991B7852B855"
"03_往届冠军仓库快照\R078_github_Brown-Bert_S5\case_310b\ReduceLogSumExp\kernel_meta\kernel_meta_temp_18015076104431167984\285591_286150_bt.log","0","E3B0C44298FC1C149AFBF4C8996FB92427AE41E4649B934CA495991B7852B855"
"03_往届冠军仓库快照\R078_github_Brown-Bert_S5\case_310b\ReduceLogSumExp\kernel_meta\kernel_meta_temp_18015076104431167984\285591_286152_bt.log","0","E3B0C44298FC1C149AFBF4C8996FB92427AE41E4649B934CA495991B7852B855"
"03_往届冠军仓库快照\R078_github_Brown-Bert_S5\case_310b\ReduceLogSumExp\kernel_meta\kernel_meta_temp_18221732931487289720\45127_45521_bt.log","0","E3B0C44298FC1C149AFBF4C8996FB92427AE41E4649B934CA495991B7852B855"
"03_往届冠军仓库快照\R078_github_Brown-Bert_S5\case_310b\ReduceLogSumExp\kernel_meta\kernel_meta_temp_18302925662043924818\887522_888082_bt.log","0","E3B0C44298FC1C149AFBF4C8996FB92427AE41E4649B934CA495991B7852B855"
"03_往届冠军仓库快照\R078_github_Brown-Bert_S5\case_310b\ReduceLogSumExp\kernel_meta\kernel_meta_temp_18302925662043924818\887522_888083_bt.log","0","E3B0C44298FC1C149AFBF4C8996FB92427AE41E4649B934CA495991B7852B855"
"03_往届冠军仓库快照\R078_github_Brown-Bert_S5\case_310b\ReduceLogSumExp\kernel_meta\kernel_meta_temp_18302925662043924818\887522_888084_bt.log","0","E3B0C44298FC1C149AFBF4C8996FB92427AE41E4649B934CA495991B7852B855"
"03_往届冠军仓库快照\R078_github_Brown-Bert_S5\case_310b\ReduceLogSumExp\kernel_meta\kernel_meta_temp_2047203361750821014\794562_794945_bt.log","0","E3B0C44298FC1C149AFBF4C8996FB92427AE41E4649B934CA495991B7852B855"
"03_往届冠军仓库快照\R078_github_Brown-Bert_S5\case_310b\ReduceLogSumExp\kernel_meta\kernel_meta_temp_2047203361750821014\794562_794946_bt.log","0","E3B0C44298FC1C149AFBF4C8996FB92427AE41E4649B934CA495991B7852B855"
"03_往届冠军仓库快照\R078_github_Brown-Bert_S5\case_310b\ReduceLogSumExp\kernel_meta\kernel_meta_temp_2058575372495147526\1982446_1982837_bt.log","0","E3B0C44298FC1C149AFBF4C8996FB92427AE41E4649B934CA495991B7852B855"
"03_往届冠军仓库快照\R078_github_Brown-Bert_S5\case_310b\ReduceLogSumExp\kernel_meta\kernel_meta_temp_2190901740041224111\856815_857377_bt.log","0","E3B0C44298FC1C149AFBF4C8996FB92427AE41E4649B934CA495991B7852B855"
"03_往届冠军仓库快照\R078_github_Brown-Bert_S5\case_310b\ReduceLogSumExp\kernel_meta\kernel_meta_temp_2190901740041224111\856815_857379_bt.log","0","E3B0C44298FC1C149AFBF4C8996FB92427AE41E4649B934CA495991B7852B855"
"03_往届冠军仓库快照\R078_github_Brown-Bert_S5\case_310b\ReduceLogSumExp\kernel_meta\kernel_meta_temp_2190901740041224111\856815_857381_bt.log","0","E3B0C44298FC1C149AFBF4C8996FB92427AE41E4649B934CA495991B7852B855"
"03_往届冠军仓库快照\R078_github_Brown-Bert_S5\case_310b\ReduceLogSumExp\kernel_meta\kernel_meta_temp_2190901740041224111\856815_857384_bt.log","0","E3B0C44298FC1C149AFBF4C8996FB92427AE41E4649B934CA495991B7852B855"
"03_往届冠军仓库快照\R078_github_Brown-Bert_S5\case_310b\ReduceLogSumExp\kernel_meta\kernel_meta_temp_3032312605951344114\731994_732687_bt.log","0","E3B0C44298FC1C149AFBF4C8996FB92427AE41E4649B934CA495991B7852B855"
"03_往届冠军仓库快照\R078_github_Brown-Bert_S5\case_310b\ReduceLogSumExp\kernel_meta\kernel_meta_temp_321110985535217202\13099_13567_bt.log","0","E3B0C44298FC1C149AFBF4C8996FB92427AE41E4649B934CA495991B7852B855"
"03_往届冠军仓库快照\R078_github_Brown-Bert_S5\case_310b\ReduceLogSumExp\kernel_meta\kernel_meta_temp_321110985535217202\13099_13570_bt.log","0","E3B0C44298FC1C149AFBF4C8996FB92427AE41E4649B934CA495991B7852B855"
"03_往届冠军仓库快照\R078_github_Brown-Bert_S5\case_310b\ReduceLogSumExp\kernel_meta\kernel_meta_temp_3692432425965257849\294113_294495_bt.log","0","E3B0C44298FC1C149AFBF4C8996FB92427AE41E4649B934CA495991B7852B855"
"03_往届冠军仓库快照\R078_github_Brown-Bert_S5\case_310b\ReduceLogSumExp\kernel_meta\kernel_meta_temp_3953036160418580153\336242_336632_bt.log","0","E3B0C44298FC1C149AFBF4C8996FB92427AE41E4649B934CA495991B7852B855"
"03_往届冠军仓库快照\R078_github_Brown-Bert_S5\case_310b\ReduceLogSumExp\kernel_meta\kernel_meta_temp_4525745332729403243\782994_783500_bt.log","0","E3B0C44298FC1C149AFBF4C8996FB92427AE41E4649B934CA495991B7852B855"
"03_往届冠军仓库快照\R078_github_Brown-Bert_S5\case_310b\ReduceLogSumExp\kernel_meta\kernel_meta_temp_4525745332729403243\782994_783503_bt.log","0","E3B0C44298FC1C149AFBF4C8996FB92427AE41E4649B934CA495991B7852B855"
"03_往届冠军仓库快照\R078_github_Brown-Bert_S5\case_310b\ReduceLogSumExp\kernel_meta\kernel_meta_temp_5095186379084798683\868148_868676_bt.log","0","E3B0C44298FC1C149AFBF4C8996FB92427AE41E4649B934CA495991B7852B855"
"03_往届冠军仓库快照\R078_github_Brown-Bert_S5\case_310b\ReduceLogSumExp\kernel_meta\kernel_meta_temp_5095186379084798683\868148_868677_bt.log","0","E3B0C44298FC1C149AFBF4C8996FB92427AE41E4649B934CA495991B7852B855"
"03_往届冠军仓库快照\R078_github_Brown-Bert_S5\case_310b\ReduceLogSumExp\kernel_meta\kernel_meta_temp_5095186379084798683\868148_868679_bt.log","0","E3B0C44298FC1C149AFBF4C8996FB92427AE41E4649B934CA495991B7852B855"
"03_往届冠军仓库快照\R078_github_Brown-Bert_S5\case_310b\ReduceLogSumExp\kernel_meta\kernel_meta_temp_5095186379084798683\868148_868680_bt.log","0","E3B0C44298FC1C149AFBF4C8996FB92427AE41E4649B934CA495991B7852B855"
"03_往届冠军仓库快照\R078_github_Brown-Bert_S5\case_310b\ReduceLogSumExp\kernel_meta\kernel_meta_temp_5095186379084798683\868148_868681_bt.log","0","E3B0C44298FC1C149AFBF4C8996FB92427AE41E4649B934CA495991B7852B855"
"03_往届冠军仓库快照\R078_github_Brown-Bert_S5\case_310b\ReduceLogSumExp\kernel_meta\kernel_meta_temp_5095186379084798683\868148_868685_bt.log","0","E3B0C44298FC1C149AFBF4C8996FB92427AE41E4649B934CA495991B7852B855"
"03_往届冠军仓库快照\R078_github_Brown-Bert_S5\case_310b\ReduceLogSumExp\kernel_meta\kernel_meta_temp_5202323682427983388\92792_93100_bt.log","0","E3B0C44298FC1C149AFBF4C8996FB92427AE41E4649B934CA495991B7852B855"
"03_往届冠军仓库快照\R078_github_Brown-Bert_S5\case_310b\ReduceLogSumExp\kernel_meta\kernel_meta_temp_5850199131070610610\714718_715089_bt.log","0","E3B0C44298FC1C149AFBF4C8996FB92427AE41E4649B934CA495991B7852B855"
"03_往届冠军仓库快照\R078_github_Brown-Bert_S5\case_310b\ReduceLogSumExp\kernel_meta\kernel_meta_temp_5850199131070610610\714718_715090_bt.log","0","E3B0C44298FC1C149AFBF4C8996FB92427AE41E4649B934CA495991B7852B855"
"03_往届冠军仓库快照\R078_github_Brown-Bert_S5\case_310b\ReduceLogSumExp\kernel_meta\kernel_meta_temp_5850199131070610610\714718_715091_bt.log","0","E3B0C44298FC1C149AFBF4C8996FB92427AE41E4649B934CA495991B7852B855"
"03_往届冠军仓库快照\R078_github_Brown-Bert_S5\case_310b\ReduceLogSumExp\kernel_meta\kernel_meta_temp_5850199131070610610\714718_715094_bt.log","0","E3B0C44298FC1C149AFBF4C8996FB92427AE41E4649B934CA495991B7852B855"
"03_往届冠军仓库快照\R078_github_Brown-Bert_S5\case_310b\ReduceLogSumExp\kernel_meta\kernel_meta_temp_5850199131070610610\714718_715095_bt.log","0","E3B0C44298FC1C149AFBF4C8996FB92427AE41E4649B934CA495991B7852B855"
"03_往届冠军仓库快照\R078_github_Brown-Bert_S5\case_310b\ReduceLogSumExp\kernel_meta\kernel_meta_temp_6216915563871886473\781889_782270_bt.log","0","E3B0C44298FC1C149AFBF4C8996FB92427AE41E4649B934CA495991B7852B855"
"03_往届冠军仓库快照\R078_github_Brown-Bert_S5\case_310b\ReduceLogSumExp\kernel_meta\kernel_meta_temp_6425467739882066662\711562_711970_bt.log","0","E3B0C44298FC1C149AFBF4C8996FB92427AE41E4649B934CA495991B7852B855"
"03_往届冠军仓库快照\R078_github_Brown-Bert_S5\case_310b\ReduceLogSumExp\kernel_meta\kernel_meta_temp_6524993974850300174\810833_811192_bt.log","0","E3B0C44298FC1C149AFBF4C8996FB92427AE41E4649B934CA495991B7852B855"
"03_往届冠军仓库快照\R078_github_Brown-Bert_S5\case_310b\ReduceLogSumExp\kernel_meta\kernel_meta_temp_6524993974850300174\810833_811193_bt.log","0","E3B0C44298FC1C149AFBF4C8996FB92427AE41E4649B934CA495991B7852B855"
"03_往届冠军仓库快照\R078_github_Brown-Bert_S5\case_310b\ReduceLogSumExp\kernel_meta\kernel_meta_temp_6524993974850300174\810833_811194_bt.log","0","E3B0C44298FC1C149AFBF4C8996FB92427AE41E4649B934CA495991B7852B855"
"03_往届冠军仓库快照\R078_github_Brown-Bert_S5\case_310b\ReduceLogSumExp\kernel_meta\kernel_meta_temp_6524993974850300174\810833_811195_bt.log","0","E3B0C44298FC1C149AFBF4C8996FB92427AE41E4649B934CA495991B7852B855"
"03_往届冠军仓库快照\R078_github_Brown-Bert_S5\case_310b\ReduceLogSumExp\kernel_meta\kernel_meta_temp_6524993974850300174\810833_811196_bt.log","0","E3B0C44298FC1C149AFBF4C8996FB92427AE41E4649B934CA495991B7852B855"
"03_往届冠军仓库快照\R078_github_Brown-Bert_S5\case_310b\ReduceLogSumExp\kernel_meta\kernel_meta_temp_6524993974850300174\810833_811197_bt.log","0","E3B0C44298FC1C149AFBF4C8996FB92427AE41E4649B934CA495991B7852B855"
"03_往届冠军仓库快照\R078_github_Brown-Bert_S5\case_310b\ReduceLogSumExp\kernel_meta\kernel_meta_temp_6524993974850300174\810833_811198_bt.log","0","E3B0C44298FC1C149AFBF4C8996FB92427AE41E4649B934CA495991B7852B855"
"03_往届冠军仓库快照\R078_github_Brown-Bert_S5\case_310b\ReduceLogSumExp\kernel_meta\kernel_meta_temp_6524993974850300174\810833_811199_bt.log","0","E3B0C44298FC1C149AFBF4C8996FB92427AE41E4649B934CA495991B7852B855"
"03_往届冠军仓库快照\R078_github_Brown-Bert_S5\case_310b\ReduceLogSumExp\kernel_meta\kernel_meta_temp_6771396414428111279\798626_799101_bt.log","0","E3B0C44298FC1C149AFBF4C8996FB92427AE41E4649B934CA495991B7852B855"
"03_往届冠军仓库快照\R078_github_Brown-Bert_S5\case_310b\ReduceLogSumExp\kernel_meta\kernel_meta_temp_6771396414428111279\798626_799102_bt.log","0","E3B0C44298FC1C149AFBF4C8996FB92427AE41E4649B934CA495991B7852B855"
"03_往届冠军仓库快照\R078_github_Brown-Bert_S5\case_310b\ReduceLogSumExp\kernel_meta\kernel_meta_temp_6771396414428111279\798626_799105_bt.log","0","E3B0C44298FC1C149AFBF4C8996FB92427AE41E4649B934CA495991B7852B855"
"03_往届冠军仓库快照\R078_github_Brown-Bert_S5\case_310b\ReduceLogSumExp\kernel_meta\kernel_meta_temp_6771396414428111279\798626_799106_bt.log","0","E3B0C44298FC1C149AFBF4C8996FB92427AE41E4649B934CA495991B7852B855"
"03_往届冠军仓库快照\R078_github_Brown-Bert_S5\case_310b\ReduceLogSumExp\kernel_meta\kernel_meta_temp_6771396414428111279\798626_799107_bt.log","0","E3B0C44298FC1C149AFBF4C8996FB92427AE41E4649B934CA495991B7852B855"
"03_往届冠军仓库快照\R078_github_Brown-Bert_S5\case_310b\ReduceLogSumExp\kernel_meta\kernel_meta_temp_6771396414428111279\798626_799108_bt.log","0","E3B0C44298FC1C149AFBF4C8996FB92427AE41E4649B934CA495991B7852B855"
"03_往届冠军仓库快照\R078_github_Brown-Bert_S5\case_310b\ReduceLogSumExp\kernel_meta\kernel_meta_temp_69170917705119461\667939_668308_bt.log","0","E3B0C44298FC1C149AFBF4C8996FB92427AE41E4649B934CA495991B7852B855"
"03_往届冠军仓库快照\R078_github_Brown-Bert_S5\case_310b\ReduceLogSumExp\kernel_meta\kernel_meta_temp_69170917705119461\667939_668311_bt.log","0","E3B0C44298FC1C149AFBF4C8996FB92427AE41E4649B934CA495991B7852B855"
"03_往届冠军仓库快照\R078_github_Brown-Bert_S5\case_310b\ReduceLogSumExp\kernel_meta\kernel_meta_temp_69170917705119461\667939_668314_bt.log","0","E3B0C44298FC1C149AFBF4C8996FB92427AE41E4649B934CA495991B7852B855"
"03_往届冠军仓库快照\R078_github_Brown-Bert_S5\case_310b\ReduceLogSumExp\kernel_meta\kernel_meta_temp_6940558333606538688\680824_681228_bt.log","0","E3B0C44298FC1C149AFBF4C8996FB92427AE41E4649B934CA495991B7852B855"
"03_往届冠军仓库快照\R078_github_Brown-Bert_S5\case_310b\ReduceLogSumExp\kernel_meta\kernel_meta_temp_7626142493247417390\99330_99696_bt.log","0","E3B0C44298FC1C149AFBF4C8996FB92427AE41E4649B934CA495991B7852B855"
"03_往届冠军仓库快照\R078_github_Brown-Bert_S5\case_310b\ReduceLogSumExp\kernel_meta\kernel_meta_temp_7626142493247417390\99330_99698_bt.log","0","E3B0C44298FC1C149AFBF4C8996FB92427AE41E4649B934CA495991B7852B855"
"03_往届冠军仓库快照\R078_github_Brown-Bert_S5\case_310b\ReduceLogSumExp\kernel_meta\kernel_meta_temp_7626142493247417390\99330_99702_bt.log","0","E3B0C44298FC1C149AFBF4C8996FB92427AE41E4649B934CA495991B7852B855"
"03_往届冠军仓库快照\R078_github_Brown-Bert_S5\case_310b\ReduceLogSumExp\kernel_meta\kernel_meta_temp_7626142493247417390\99330_99703_bt.log","0","E3B0C44298FC1C149AFBF4C8996FB92427AE41E4649B934CA495991B7852B855"
"03_往届冠军仓库快照\R078_github_Brown-Bert_S5\case_310b\ReduceLogSumExp\kernel_meta\kernel_meta_temp_7725175373526069182\785502_785863_bt.log","0","E3B0C44298FC1C149AFBF4C8996FB92427AE41E4649B934CA495991B7852B855"
"03_往届冠军仓库快照\R078_github_Brown-Bert_S5\case_310b\ReduceLogSumExp\kernel_meta\kernel_meta_temp_7725175373526069182\785502_785864_bt.log","0","E3B0C44298FC1C149AFBF4C8996FB92427AE41E4649B934CA495991B7852B855"
"03_往届冠军仓库快照\R078_github_Brown-Bert_S5\case_310b\ReduceLogSumExp\kernel_meta\kernel_meta_temp_7725175373526069182\785502_785865_bt.log","0","E3B0C44298FC1C149AFBF4C8996FB92427AE41E4649B934CA495991B7852B855"
"03_往届冠军仓库快照\R078_github_Brown-Bert_S5\case_310b\ReduceLogSumExp\kernel_meta\kernel_meta_temp_7725175373526069182\785502_785866_bt.log","0","E3B0C44298FC1C149AFBF4C8996FB92427AE41E4649B934CA495991B7852B855"
"03_往届冠军仓库快照\R078_github_Brown-Bert_S5\case_310b\ReduceLogSumExp\kernel_meta\kernel_meta_temp_7725175373526069182\785502_785867_bt.log","0","E3B0C44298FC1C149AFBF4C8996FB92427AE41E4649B934CA495991B7852B855"
"03_往届冠军仓库快照\R078_github_Brown-Bert_S5\case_310b\ReduceLogSumExp\kernel_meta\kernel_meta_temp_7725175373526069182\785502_785868_bt.log","0","E3B0C44298FC1C149AFBF4C8996FB92427AE41E4649B934CA495991B7852B855"
"03_往届冠军仓库快照\R078_github_Brown-Bert_S5\case_310b\ReduceLogSumExp\kernel_meta\kernel_meta_temp_7725175373526069182\785502_785869_bt.log","0","E3B0C44298FC1C149AFBF4C8996FB92427AE41E4649B934CA495991B7852B855"
"03_往届冠军仓库快照\R078_github_Brown-Bert_S5\case_310b\ReduceLogSumExp\kernel_meta\kernel_meta_temp_7725175373526069182\785502_785872_bt.log","0","E3B0C44298FC1C149AFBF4C8996FB92427AE41E4649B934CA495991B7852B855"
"03_往届冠军仓库快照\R078_github_Brown-Bert_S5\case_310b\ReduceLogSumExp\kernel_meta\kernel_meta_temp_7895217635324832151\808006_808370_bt.log","0","E3B0C44298FC1C149AFBF4C8996FB92427AE41E4649B934CA495991B7852B855"
"03_往届冠军仓库快照\R078_github_Brown-Bert_S5\case_310b\ReduceLogSumExp\kernel_meta\kernel_meta_temp_7895217635324832151\808006_808371_bt.log","0","E3B0C44298FC1C149AFBF4C8996FB92427AE41E4649B934CA495991B7852B855"
"03_往届冠军仓库快照\R078_github_Brown-Bert_S5\case_310b\ReduceLogSumExp\kernel_meta\kernel_meta_temp_7895217635324832151\808006_808372_bt.log","0","E3B0C44298FC1C149AFBF4C8996FB92427AE41E4649B934CA495991B7852B855"
"03_往届冠军仓库快照\R078_github_Brown-Bert_S5\case_310b\ReduceLogSumExp\kernel_meta\kernel_meta_temp_7895217635324832151\808006_808373_bt.log","0","E3B0C44298FC1C149AFBF4C8996FB92427AE41E4649B934CA495991B7852B855"
"03_往届冠军仓库快照\R078_github_Brown-Bert_S5\case_310b\ReduceLogSumExp\kernel_meta\kernel_meta_temp_7895217635324832151\808006_808374_bt.log","0","E3B0C44298FC1C149AFBF4C8996FB92427AE41E4649B934CA495991B7852B855"
"03_往届冠军仓库快照\R078_github_Brown-Bert_S5\case_310b\ReduceLogSumExp\kernel_meta\kernel_meta_temp_7895217635324832151\808006_808375_bt.log","0","E3B0C44298FC1C149AFBF4C8996FB92427AE41E4649B934CA495991B7852B855"
"03_往届冠军仓库快照\R078_github_Brown-Bert_S5\case_310b\ReduceLogSumExp\kernel_meta\kernel_meta_temp_7895217635324832151\808006_808376_bt.log","0","E3B0C44298FC1C149AFBF4C8996FB92427AE41E4649B934CA495991B7852B855"
"03_往届冠军仓库快照\R078_github_Brown-Bert_S5\case_310b\ReduceLogSumExp\kernel_meta\kernel_meta_temp_7895217635324832151\808006_808377_bt.log","0","E3B0C44298FC1C149AFBF4C8996FB92427AE41E4649B934CA495991B7852B855"
"03_往届冠军仓库快照\R078_github_Brown-Bert_S5\case_310b\ReduceLogSumExp\kernel_meta\kernel_meta_temp_8203015849168866436\803603_804129_bt.log","0","E3B0C44298FC1C149AFBF4C8996FB92427AE41E4649B934CA495991B7852B855"
"03_往届冠军仓库快照\R078_github_Brown-Bert_S5\case_310b\ReduceLogSumExp\kernel_meta\kernel_meta_temp_8203015849168866436\803603_804130_bt.log","0","E3B0C44298FC1C149AFBF4C8996FB92427AE41E4649B934CA495991B7852B855"
"03_往届冠军仓库快照\R078_github_Brown-Bert_S5\case_310b\ReduceLogSumExp\kernel_meta\kernel_meta_temp_8203015849168866436\803603_804131_bt.log","0","E3B0C44298FC1C149AFBF4C8996FB92427AE41E4649B934CA495991B7852B855"
"03_往届冠军仓库快照\R078_github_Brown-Bert_S5\case_310b\ReduceLogSumExp\kernel_meta\kernel_meta_temp_8203015849168866436\803603_804132_bt.log","0","E3B0C44298FC1C149AFBF4C8996FB92427AE41E4649B934CA495991B7852B855"
"03_往届冠军仓库快照\R078_github_Brown-Bert_S5\case_310b\ReduceLogSumExp\kernel_meta\kernel_meta_temp_8203015849168866436\803603_804133_bt.log","0","E3B0C44298FC1C149AFBF4C8996FB92427AE41E4649B934CA495991B7852B855"
"03_往届冠军仓库快照\R078_github_Brown-Bert_S5\case_310b\ReduceLogSumExp\kernel_meta\kernel_meta_temp_8203015849168866436\803603_804134_bt.log","0","E3B0C44298FC1C149AFBF4C8996FB92427AE41E4649B934CA495991B7852B855"
"03_往届冠军仓库快照\R078_github_Brown-Bert_S5\case_310b\ReduceLogSumExp\kernel_meta\kernel_meta_temp_8203015849168866436\803603_804135_bt.log","0","E3B0C44298FC1C149AFBF4C8996FB92427AE41E4649B934CA495991B7852B855"
"03_往届冠军仓库快照\R078_github_Brown-Bert_S5\case_310b\ReduceLogSumExp\kernel_meta\kernel_meta_temp_8203015849168866436\803603_804136_bt.log","0","E3B0C44298FC1C149AFBF4C8996FB92427AE41E4649B934CA495991B7852B855"
"03_往届冠军仓库快照\R078_github_Brown-Bert_S5\case_310b\ReduceLogSumExp\kernel_meta\kernel_meta_temp_8351901298115995744\672741_673427_bt.log","0","E3B0C44298FC1C149AFBF4C8996FB92427AE41E4649B934CA495991B7852B855"
"03_往届冠军仓库快照\R078_github_Brown-Bert_S5\case_310b\ReduceLogSumExp\kernel_meta\kernel_meta_temp_8419746723423620162\52137_52514_bt.log","0","E3B0C44298FC1C149AFBF4C8996FB92427AE41E4649B934CA495991B7852B855"
"03_往届冠军仓库快照\R078_github_Brown-Bert_S5\case_310b\ReduceLogSumExp\kernel_meta\kernel_meta_temp_8824216772617130271\648044_648386_bt.log","0","E3B0C44298FC1C149AFBF4C8996FB92427AE41E4649B934CA495991B7852B855"
"03_往届冠军仓库快照\R078_github_Brown-Bert_S5\case_310b\ReduceLogSumExp\kernel_meta\kernel_meta_temp_9059396097027268790\1911981_1912436_bt.log","0","E3B0C44298FC1C149AFBF4C8996FB92427AE41E4649B934CA495991B7852B855"
"03_往届冠军仓库快照\R078_github_Brown-Bert_S5\case_310b\ReduceLogSumExp\kernel_meta\kernel_meta_temp_9059396097027268790\1911981_1912440_bt.log","0","E3B0C44298FC1C149AFBF4C8996FB92427AE41E4649B934CA495991B7852B855"
"03_往届冠军仓库快照\R078_github_Brown-Bert_S5\case_310b\ReduceLogSumExp\kernel_meta\kernel_meta_temp_9311255533189667140\784078_784572_bt.log","0","E3B0C44298FC1C149AFBF4C8996FB92427AE41E4649B934CA495991B7852B855"
"03_往届冠军仓库快照\R078_github_Brown-Bert_S5\case_310b\ReduceLogSumExp\kernel_meta\kernel_meta_temp_9311255533189667140\784078_784575_bt.log","0","E3B0C44298FC1C149AFBF4C8996FB92427AE41E4649B934CA495991B7852B855"
"03_往届冠军仓库快照\R078_github_Brown-Bert_S5\case_310b\ReduceLogSumExp\kernel_meta\kernel_meta_temp_9311255533189667140\784078_784576_bt.log","0","E3B0C44298FC1C149AFBF4C8996FB92427AE41E4649B934CA495991B7852B855"
"03_往届冠军仓库快照\R078_github_Brown-Bert_S5\case_310b\ReduceLogSumExp\kernel_meta\kernel_meta_temp_9311255533189667140\784078_784577_bt.log","0","E3B0C44298FC1C149AFBF4C8996FB92427AE41E4649B934CA495991B7852B855"
"03_往届冠军仓库快照\R078_github_Brown-Bert_S5\case_310b\ReduceLogSumExp\kernel_meta\kernel_meta_temp_9311255533189667140\784078_784578_bt.log","0","E3B0C44298FC1C149AFBF4C8996FB92427AE41E4649B934CA495991B7852B855"
"03_往届冠军仓库快照\R078_github_Brown-Bert_S5\case_310b\ReduceLogSumExp\kernel_meta\kernel_meta_temp_9311255533189667140\784078_784579_bt.log","0","E3B0C44298FC1C149AFBF4C8996FB92427AE41E4649B934CA495991B7852B855"
"03_往届冠军仓库快照\R078_github_Brown-Bert_S5\case_310b\ReduceLogSumExp\kernel_meta\kernel_meta_temp_9311255533189667140\784078_784580_bt.log","0","E3B0C44298FC1C149AFBF4C8996FB92427AE41E4649B934CA495991B7852B855"
"03_往届冠军仓库快照\R078_github_Brown-Bert_S5\case_310b\ReduceLogSumExp\kernel_meta\kernel_meta_temp_9311255533189667140\784078_784581_bt.log","0","E3B0C44298FC1C149AFBF4C8996FB92427AE41E4649B934CA495991B7852B855"
"03_往届冠军仓库快照\R078_github_Brown-Bert_S5\case_310b\ReduceLogSumExp\op\ReduceLogSumExp_zip\custom_opp_ubuntu_aarch64.run","180443","56DDBDC8CAC421831700581235B24530C3608236071735A024449770CC51B5DB"
"03_往届冠军仓库快照\R078_github_Brown-Bert_S5\case_310b\ReduceLogSumExp\op\ReduceLogSumExp_zip\op_host\CMakeLists.txt","6641","3F99E9B8934BF9C16722CC36EB95402AE05D12AE473A7F97F77F1ACA75121402"
"03_往届冠军仓库快照\R078_github_Brown-Bert_S5\case_310b\ReduceLogSumExp\op\ReduceLogSumExp_zip\op_host\reduce_log_sum_exp_tiling.h","541","355600153C91214042D709E59E03998F287BA554E032BF85E18156DFCBEB1A2C"
"03_往届冠军仓库快照\R078_github_Brown-Bert_S5\case_310b\ReduceLogSumExp\op\ReduceLogSumExp_zip\op_host\reduce_log_sum_exp.cpp","3807","A8FF1A4FEAAD4FAE6D6ECD8018A1EED183F88ADA928C1D4135FE79B7E8049DB2"
"03_往届冠军仓库快照\R078_github_Brown-Bert_S5\case_310b\ReduceLogSumExp\op\ReduceLogSumExp_zip\op_kernel\CMakeLists.txt","160","28DB4CC809D625D8A352D6078635873484A8D90CF5645711D0FD4FDC6AA6DA81"
"03_往届冠军仓库快照\R078_github_Brown-Bert_S5\case_310b\ReduceLogSumExp\op\ReduceLogSumExp_zip\op_kernel\reduce_log_sum_exp.cpp","2215","94D59971A80F471C23E1B13997897350978C3F42CA7DE284FAB530165E33F711"
"03_往届冠军仓库快照\R078_github_Brown-Bert_S5\case_310b\ReduceLogSumExp\op\reducelogsumexp.json","1302","19000464E6DC01F88C70543F69B80980FEFB79366C55A5485750997F59BA740F"
"03_往届冠军仓库快照\R078_github_Brown-Bert_S5\case_310b\ReduceLogSumExp\op\ReduceLogSumExp.zip","172135","714D936ECB45B99C1F2098B5B490D26B4D9C6D37300B3D09E31D189D44BE1332"
"03_往届冠军仓库快照\R078_github_Brown-Bert_S5\case_310b\ReduceLogSumExp\op\ReduceLogSumExp\build_out\_CPack_Packages\Linux\External\custom_opp_ubuntu_aarch64.run.json","779","5DE27AC1C740FFC57844142054BA53C7BA8176FDEDAED387A0AC97BA28D14D3F"
"03_往届冠军仓库快照\R078_github_Brown-Bert_S5\case_310b\ReduceLogSumExp\op\ReduceLogSumExp\build_out\_CPack_Packages\Linux\External\custom_opp_ubuntu_aarch64.run\custom_opp_ubuntu_aarch64.run","180443","56DDBDC8CAC421831700581235B24530C3608236071735A024449770CC51B5DB"
"03_往届冠军仓库快照\R078_github_Brown-Bert_S5\case_310b\ReduceLogSumExp\op\ReduceLogSumExp\build_out\_CPack_Packages\Linux\External\custom_opp_ubuntu_aarch64.run\help.info","81","27067F1EC0A23A694AE80EC4A05BC68415A284FBAF509B1A9CC0234035C61E5B"
"03_往届冠军仓库快照\R078_github_Brown-Bert_S5\case_310b\ReduceLogSumExp\op\ReduceLogSumExp\build_out\_CPack_Packages\Linux\External\custom_opp_ubuntu_aarch64.run\install.sh","9881","02862BAF881E9EBFA0EB5F43BE11932391E2B1EDC1D6C1C508812B5410C04181"
"03_往届冠军仓库快照\R078_github_Brown-Bert_S5\case_310b\ReduceLogSumExp\op\ReduceLogSumExp\build_out\_CPack_Packages\Linux\External\custom_opp_ubuntu_aarch64.run\packages\vendors\customize\framework\tensorflow\libcust_tf_parsers.so","10160","93C8944EBEC32ABA902BE9E8B75BE90BAD3E78B1A04028BE287363739096BB2E"
"03_往届冠军仓库快照\R078_github_Brown-Bert_S5\case_310b\ReduceLogSumExp\op\ReduceLogSumExp\build_out\_CPack_Packages\Linux\External\custom_opp_ubuntu_aarch64.run\packages\vendors\customize\framework\tensorflow\npu_supported_ops.json","79","1EE7D7DC7E5D37E2D5B309D4949095EFDB19F5BEFBA23DCB916F04B279E19C38"
"03_往届冠军仓库快照\R078_github_Brown-Bert_S5\case_310b\ReduceLogSumExp\op\ReduceLogSumExp\build_out\_CPack_Packages\Linux\External\custom_opp_ubuntu_aarch64.run\packages\vendors\customize\op_api\include\aclnn_reduce_log_sum_exp.h","1162","91343619FD2A47066F49F8A15D16156E5D30F57D1EB24782DB0E7FAF2A3011D9"
"03_往届冠军仓库快照\R078_github_Brown-Bert_S5\case_310b\ReduceLogSumExp\op\ReduceLogSumExp\build_out\_CPack_Packages\Linux\External\custom_opp_ubuntu_aarch64.run\packages\vendors\customize\op_api\lib\libcust_opapi.so","10304","32612405BA928F5618DF0D9F6DCE0611E8967B23E9BFA1FD85ED3502895182AE"
"03_往届冠军仓库快照\R078_github_Brown-Bert_S5\case_310b\ReduceLogSumExp\op\ReduceLogSumExp\build_out\_CPack_Packages\Linux\External\custom_opp_ubuntu_aarch64.run\packages\vendors\customize\op_impl\ai_core\tbe\op_tiling\liboptiling.so","174032","47A6D5DAF27FFACB829828D4FF981D97781A8BF8FB03E13358B933403BA5C695"
"03_往届冠军仓库快照\R078_github_Brown-Bert_S5\case_310b\ReduceLogSumExp\op\ReduceLogSumExp\build_out\_CPack_Packages\Linux\External\custom_opp_ubuntu_aarch64.run\packages\vendors\customize\op_proto\inc\op_proto.h","372","A4FF140679B2DF84CC4FCE8F66BCCE2052A974C7735DA91E3F82D92BF3581786"
"03_往届冠军仓库快照\R078_github_Brown-Bert_S5\case_310b\ReduceLogSumExp\op\ReduceLogSumExp\build_out\_CPack_Packages\Linux\External\custom_opp_ubuntu_aarch64.run\packages\vendors\customize\version.info","41","933E1E3BBA7C2A4B8D5F3F985CA7BF811A5E5DC7B0F6B17116992B5B076900F6"
"03_往届冠军仓库快照\R078_github_Brown-Bert_S5\case_310b\ReduceLogSumExp\op\ReduceLogSumExp\build_out\_CPack_Packages\Linux\External\custom_opp_ubuntu_aarch64.run\upgrade.sh","4151","DDF117CFD96BF93194F66A8C4C7A298A263254107D1EFAE8F2081F0626E4C1F7"
"03_往届冠军仓库快照\R078_github_Brown-Bert_S5\case_310b\ReduceLogSumExp\op\ReduceLogSumExp\build_out\autogen\aclnn_reduce_log_sum_exp.cpp","9025","CAD67F4196940969AAB13B1D76E5D827F512FD143CC62C8F7E382458EDB32EF0"
"03_往届冠军仓库快照\R078_github_Brown-Bert_S5\case_310b\ReduceLogSumExp\op\ReduceLogSumExp\build_out\autogen\aclnn_reduce_log_sum_exp.h","1162","91343619FD2A47066F49F8A15D16156E5D30F57D1EB24782DB0E7FAF2A3011D9"
"03_往届冠军仓库快照\R078_github_Brown-Bert_S5\case_310b\ReduceLogSumExp\op\ReduceLogSumExp\build_out\autogen\aic-ascend310b-ops-info.ini","843","9C5571B0E0274C111A8881B564333DE1FC78400848E0099D74168478FAEB9C15"
"03_往届冠军仓库快照\R078_github_Brown-Bert_S5\case_310b\ReduceLogSumExp\op\ReduceLogSumExp\build_out\autogen\custom_compile_options.ini","0","E3B0C44298FC1C149AFBF4C8996FB92427AE41E4649B934CA495991B7852B855"
"03_往届冠军仓库快照\R078_github_Brown-Bert_S5\case_310b\ReduceLogSumExp\op\ReduceLogSumExp\build_out\autogen\custom_opc_options.ini","0","E3B0C44298FC1C149AFBF4C8996FB92427AE41E4649B934CA495991B7852B855"
"03_往届冠军仓库快照\R078_github_Brown-Bert_S5\case_310b\ReduceLogSumExp\op\ReduceLogSumExp\build_out\autogen\libascend_all_ops.so","1149144","63F857F7E24F45B50F5AB5E64E02754D3F374187CB286E22C6ED82D21801EE5A"
"03_往届冠军仓库快照\R078_github_Brown-Bert_S5\case_310b\ReduceLogSumExp\op\ReduceLogSumExp\build_out\autogen\op_proto.cc","46","DC083979E3347BD043D9C87DFE57082A78F868F5FE310AD96738B8754456DF68"
"03_往届冠军仓库快照\R078_github_Brown-Bert_S5\case_310b\ReduceLogSumExp\op\ReduceLogSumExp\build_out\autogen\op_proto.h","372","A4FF140679B2DF84CC4FCE8F66BCCE2052A974C7735DA91E3F82D92BF3581786"
"03_往届冠军仓库快照\R078_github_Brown-Bert_S5\case_310b\ReduceLogSumExp\op\ReduceLogSumExp\build_out\cmake_install.cmake","3399","BF7794CE0C468B31AF332CA9540FF7CE4B33D06CD6FB2D0EB14024D3E3DFA43F"
"03_往届冠军仓库快照\R078_github_Brown-Bert_S5\case_310b\ReduceLogSumExp\op\ReduceLogSumExp\build_out\CMakeCache.txt","16295","D04E2640023FA1975EB9F93E0F5314DFB524F2264101F2190E4A821EF5A97A15"
"03_往届冠军仓库快照\R078_github_Brown-Bert_S5\case_310b\ReduceLogSumExp\op\ReduceLogSumExp\build_out\CMakeFiles\3.22.1\CMakeCCompiler.cmake","2520","3B3A7F650261019B4EB3C93FA19EBA3F6875C17F6CD969DA5A47EBF25B8771F4"
"03_往届冠军仓库快照\R078_github_Brown-Bert_S5\case_310b\ReduceLogSumExp\op\ReduceLogSumExp\build_out\CMakeFiles\3.22.1\CMakeCXXCompiler.cmake","5530","FD8D3A76BC6108C13BD6D3B024586E14C90C4EBF7DC983BFFB2874385DE97543"
"03_往届冠军仓库快照\R078_github_Brown-Bert_S5\case_310b\ReduceLogSumExp\op\ReduceLogSumExp\build_out\CMakeFiles\3.22.1\CMakeDetermineCompilerABI_C.bin","9024","3EBC4D23B6D4351D2999BE35D493A2C07BDF7D09991F77FB91DE2C100AB65EF1"
"03_往届冠军仓库快照\R078_github_Brown-Bert_S5\case_310b\ReduceLogSumExp\op\ReduceLogSumExp\build_out\CMakeFiles\3.22.1\CMakeDetermineCompilerABI_CXX.bin","9048","693F615E2D8427B73BA1C01AD03D313D3A4E2572B120FC49E5BB25218C2373B5"
"03_往届冠军仓库快照\R078_github_Brown-Bert_S5\case_310b\ReduceLogSumExp\op\ReduceLogSumExp\build_out\CMakeFiles\3.22.1\CMakeSystem.cmake","379","5F549207C0F3A1948F4D794F24E4E03DB9D6F6EB672A5B7EDCBD4A30329673E2"
"03_往届冠军仓库快照\R078_github_Brown-Bert_S5\case_310b\ReduceLogSumExp\op\ReduceLogSumExp\build_out\CMakeFiles\3.22.1\CompilerIdC\a.out","9168","D828DD0248B6DA383BAB6694ACFBD14FE4529EC97CA8C04503CC1E7C998529FA"
"03_往届冠军仓库快照\R078_github_Brown-Bert_S5\case_310b\ReduceLogSumExp\op\ReduceLogSumExp\build_out\CMakeFiles\3.22.1\CompilerIdC\CMakeCCompilerId.c","25656","A5BC5D659352BB93E28CE0EC49B3B97490ECC65AFCE5456F43D04795D0AD627F"
"03_往届冠军仓库快照\R078_github_Brown-Bert_S5\case_310b\ReduceLogSumExp\op\ReduceLogSumExp\build_out\CMakeFiles\3.22.1\CompilerIdCXX\a.out","9176","2FC725BC9AF23D27285BDE2CA8B8A47492DF5119CB4522A96DF56C90A2DB3CEC"
"03_往届冠军仓库快照\R078_github_Brown-Bert_S5\case_310b\ReduceLogSumExp\op\ReduceLogSumExp\build_out\CMakeFiles\3.22.1\CompilerIdCXX\CMakeCXXCompilerId.cpp","25388","6EE4286C9B42405EE114CCF00A8AE3093B7C2FF079CAE1A946AF11D96A5898AB"
"03_往届冠军仓库快照\R078_github_Brown-Bert_S5\case_310b\ReduceLogSumExp\op\ReduceLogSumExp\build_out\CMakeFiles\cmake.check_cache","86","95079B44BCEF481D601432C2FD3C654D7FE85B9C8386C355F2874502B47441D7"
"03_往届冠军仓库快照\R078_github_Brown-Bert_S5\case_310b\ReduceLogSumExp\op\ReduceLogSumExp\build_out\CMakeFiles\CMakeDirectoryInformation.cmake","738","CAE75445BD825575AC97BD544C268913972B6A997CD6F3B12731D42D58AD6B7B"
"03_往届冠军仓库快照\R078_github_Brown-Bert_S5\case_310b\ReduceLogSumExp\op\ReduceLogSumExp\build_out\CMakeFiles\CMakeOutput.log","46247","543097DDF4FD394D0153D6553937B43A84286F5CCF94520365039814D3A900F4"
"03_往届冠军仓库快照\R078_github_Brown-Bert_S5\case_310b\ReduceLogSumExp\op\ReduceLogSumExp\build_out\CMakeFiles\CMakeRuleHashes.txt","800","ACA2A654BB8E286E2B3D768DE2C285ECB90156B8824D0C5DD2D28AA364DB1E07"
"03_往届冠军仓库快照\R078_github_Brown-Bert_S5\case_310b\ReduceLogSumExp\op\ReduceLogSumExp\build_out\CMakeFiles\gen_version_info.dir\build.make","3207","BF0D0BBE8AD36765CD2DC29C010C9DD144261F5E1BD34344C85FF52AF030EE14"
"03_往届冠军仓库快照\R078_github_Brown-Bert_S5\case_310b\ReduceLogSumExp\op\ReduceLogSumExp\build_out\CMakeFiles\gen_version_info.dir\cmake_clean.cmake","222","4F2E6BEAB2858B48596AF6ECB2771BBD5A1F45DD0D6227DCB9C30A95DE6E893D"
"03_往届冠军仓库快照\R078_github_Brown-Bert_S5\case_310b\ReduceLogSumExp\op\ReduceLogSumExp\build_out\CMakeFiles\gen_version_info.dir\compiler_depend.make","128","FECC2108B4CF660AC621247C7E73158DC4D4E2CF317F54CAC18DD6A635CE27DF"
"03_往届冠军仓库快照\R078_github_Brown-Bert_S5\case_310b\ReduceLogSumExp\op\ReduceLogSumExp\build_out\CMakeFiles\gen_version_info.dir\compiler_depend.ts","122","73664F9E3F477A28D415F783D5FC1E8DE5B9F90B186D329126EBCE6E38A83E44"
"03_往届冠军仓库快照\R078_github_Brown-Bert_S5\case_310b\ReduceLogSumExp\op\ReduceLogSumExp\build_out\CMakeFiles\gen_version_info.dir\DependInfo.cmake","441","2C4D7F0C8064DD3E7C5E136231230F197B6DFA2ADC123C7CAA6ADCA96977CD8B"
"03_往届冠军仓库快照\R078_github_Brown-Bert_S5\case_310b\ReduceLogSumExp\op\ReduceLogSumExp\build_out\CMakeFiles\gen_version_info.dir\progress.make","2","7EB70257593DA06F682A3DDDA54A9D260D4FC514F645237F5CA74B08F8DA61A6"
"03_往届冠军仓库快照\R078_github_Brown-Bert_S5\case_310b\ReduceLogSumExp\op\ReduceLogSumExp\build_out\CMakeFiles\Makefile.cmake","8596","135A0D25F7297EEA4BD1AFD86D6521C8D14501C7606D46656B87032B260A6608"
"03_往届冠军仓库快照\R078_github_Brown-Bert_S5\case_310b\ReduceLogSumExp\op\ReduceLogSumExp\build_out\CMakeFiles\Makefile2","26068","FF2E473EF3E993B382AEC702AF92DD2BF306698E1595666AB8B701727CCD65F9"
"03_往届冠军仓库快照\R078_github_Brown-Bert_S5\case_310b\ReduceLogSumExp\op\ReduceLogSumExp\build_out\CMakeFiles\modify_vendor.dir\build.make","3867","2E5B4281351DC1956147219189823AC5C5C874C4E21BDCA9DE4FD106FE0E20DD"
"03_往届冠军仓库快照\R078_github_Brown-Bert_S5\case_310b\ReduceLogSumExp\op\ReduceLogSumExp\build_out\CMakeFiles\modify_vendor.dir\cmake_clean.cmake","264","2D5DDE10F3FC1047BA7B1C27F41CE8E3738B64F3C31587E35F9A459EA48B13A3"
"03_往届冠军仓库快照\R078_github_Brown-Bert_S5\case_310b\ReduceLogSumExp\op\ReduceLogSumExp\build_out\CMakeFiles\modify_vendor.dir\compiler_depend.make","125","34AF02E58A00F9D633AF1B15C9DA951C4054A974E18153127C92EF21D890C2F6"
"03_往届冠军仓库快照\R078_github_Brown-Bert_S5\case_310b\ReduceLogSumExp\op\ReduceLogSumExp\build_out\CMakeFiles\modify_vendor.dir\compiler_depend.ts","119","4A652558AA324FAA12E57A4AF5AEB3814210E8D464113A6690BE726AF6BBE24D"
"03_往届冠军仓库快照\R078_github_Brown-Bert_S5\case_310b\ReduceLogSumExp\op\ReduceLogSumExp\build_out\CMakeFiles\modify_vendor.dir\DependInfo.cmake","738","FE2229C993CBF3849A1F6FACE531665B6C362B30E3DAD08FBC80892F9A6A4F88"
"03_往届冠军仓库快照\R078_github_Brown-Bert_S5\case_310b\ReduceLogSumExp\op\ReduceLogSumExp\build_out\CMakeFiles\modify_vendor.dir\progress.make","25","1BA5889C49F61C256A2F5F3D974802A66B61ABD750D4844F8226BA2B2BF972F9"
"03_往届冠军仓库快照\R078_github_Brown-Bert_S5\case_310b\ReduceLogSumExp\op\ReduceLogSumExp\build_out\CMakeFiles\progress.marks","4","F2BF6CB915EC521520920F625E9A641F22BAE7808A5F5DB7867C431C1A79440F"
"03_往届冠军仓库快照\R078_github_Brown-Bert_S5\case_310b\ReduceLogSumExp\op\ReduceLogSumExp\build_out\CMakeFiles\TargetDirectories.txt","6182","2CAC8D649ADD2A4CC1408F41AAF2FCB32D7C8C0FF4DD08BE265D052FA81947BC"
"03_往届冠军仓库快照\R078_github_Brown-Bert_S5\case_310b\ReduceLogSumExp\op\ReduceLogSumExp\build_out\CPackConfig.cmake","3952","89D9E06E4B6C7518379558222644F5A6D9CA51004D889D34862B4BE1CB173148"
"03_往届冠军仓库快照\R078_github_Brown-Bert_S5\case_310b\ReduceLogSumExp\op\ReduceLogSumExp\build_out\CPackSourceConfig.cmake","4430","D5D7E54FD894605932653F131BC246B5F8E0A95BB2DB3DDA5AE556B4E5895106"
"03_往届冠军仓库快照\R078_github_Brown-Bert_S5\case_310b\ReduceLogSumExp\op\ReduceLogSumExp\build_out\custom_opp_ubuntu_aarch64.run","180443","56DDBDC8CAC421831700581235B24530C3608236071735A024449770CC51B5DB"
"03_往届冠军仓库快照\R078_github_Brown-Bert_S5\case_310b\ReduceLogSumExp\op\ReduceLogSumExp\build_out\custom_opp_ubuntu_aarch64.run.json","779","5DE27AC1C740FFC57844142054BA53C7BA8176FDEDAED387A0AC97BA28D14D3F"
"03_往届冠军仓库快照\R078_github_Brown-Bert_S5\case_310b\ReduceLogSumExp\op\ReduceLogSumExp\build_out\framework\cmake_install.cmake","1643","031434FC85D4F5192B7DE262B425A2D8131006348DEF0BBF76891325599EA6E4"
"03_往届冠军仓库快照\R078_github_Brown-Bert_S5\case_310b\ReduceLogSumExp\op\ReduceLogSumExp\build_out\framework\CMakeFiles\CMakeDirectoryInformation.cmake","738","CAE75445BD825575AC97BD544C268913972B6A997CD6F3B12731D42D58AD6B7B"
"03_往届冠军仓库快照\R078_github_Brown-Bert_S5\case_310b\ReduceLogSumExp\op\ReduceLogSumExp\build_out\framework\CMakeFiles\progress.marks","3","DF4E26A04A444901B95AFEF44E4A96CFAE34690FFF2AD2C66389C70079CDFF2B"
"03_往届冠军仓库快照\R078_github_Brown-Bert_S5\case_310b\ReduceLogSumExp\op\ReduceLogSumExp\build_out\framework\Makefile","8090","749E3F8C0667A1B0D06ACF9792105F1D0AEDFE27DC91FEA9BD2406320BA06FE1"
"03_往届冠军仓库快照\R078_github_Brown-Bert_S5\case_310b\ReduceLogSumExp\op\ReduceLogSumExp\build_out\framework\tf_plugin\cmake_install.cmake","3024","BE929B9BF91D79FB900882F1809459EE232F62BEB7EE5B554A61349211FBFBD1"
"03_往届冠军仓库快照\R078_github_Brown-Bert_S5\case_310b\ReduceLogSumExp\op\ReduceLogSumExp\build_out\framework\tf_plugin\CMakeFiles\CMakeDirectoryInformation.cmake","738","CAE75445BD825575AC97BD544C268913972B6A997CD6F3B12731D42D58AD6B7B"
"03_往届冠军仓库快照\R078_github_Brown-Bert_S5\case_310b\ReduceLogSumExp\op\ReduceLogSumExp\build_out\framework\tf_plugin\CMakeFiles\cust_tf_parsers.dir\build.make","7090","E73C007DFBCEE3E07FDA892978D64F3425E8E364EEAD2CC716FBA2A8AEC0387D"
"03_往届冠军仓库快照\R078_github_Brown-Bert_S5\case_310b\ReduceLogSumExp\op\ReduceLogSumExp\build_out\framework\tf_plugin\CMakeFiles\cust_tf_parsers.dir\cmake_clean.cmake","404","840FD025A072ADD80E81B56220EC7431729C491A793242BC50D9DE605BDDDE0B"
"03_往届冠军仓库快照\R078_github_Brown-Bert_S5\case_310b\ReduceLogSumExp\op\ReduceLogSumExp\build_out\framework\tf_plugin\CMakeFiles\cust_tf_parsers.dir\compiler_depend.internal","10377","D09EE4D97895EE37AFD7033A3E73A03970CBD7B801391F1F413AED471CDD6EEE"
"03_往届冠军仓库快照\R078_github_Brown-Bert_S5\case_310b\ReduceLogSumExp\op\ReduceLogSumExp\build_out\framework\tf_plugin\CMakeFiles\cust_tf_parsers.dir\compiler_depend.make","21030","A3ADCB522F7444303C26A45D30A032F36220B058AFB6777F69AA7D8E27667F85"
"03_往届冠军仓库快照\R078_github_Brown-Bert_S5\case_310b\ReduceLogSumExp\op\ReduceLogSumExp\build_out\framework\tf_plugin\CMakeFiles\cust_tf_parsers.dir\compiler_depend.ts","124","3C7672CAEC6C89C9EE4468D6EAAD05460BAEFDA90453715ED92FE54E97F37287"
"03_往届冠军仓库快照\R078_github_Brown-Bert_S5\case_310b\ReduceLogSumExp\op\ReduceLogSumExp\build_out\framework\tf_plugin\CMakeFiles\cust_tf_parsers.dir\depend.make","101","9B59CB499916FA83237D586252B6E7C4FCC850E75D3844311145ADB364277AA3"
"03_往届冠军仓库快照\R078_github_Brown-Bert_S5\case_310b\ReduceLogSumExp\op\ReduceLogSumExp\build_out\framework\tf_plugin\CMakeFiles\cust_tf_parsers.dir\DependInfo.cmake","773","C1FFCC2FFF59579B5DC2393436E7DA3BE4CF908E2268C6F721BFB50E67BD0379"
"03_往届冠军仓库快照\R078_github_Brown-Bert_S5\case_310b\ReduceLogSumExp\op\ReduceLogSumExp\build_out\framework\tf_plugin\CMakeFiles\cust_tf_parsers.dir\flags.make","514","C6F59DD2EE8C8A21BDBEB9AB57032CEB4BE2413F8EA005C4B7CA761961A8EB4E"
"03_往届冠军仓库快照\R078_github_Brown-Bert_S5\case_310b\ReduceLogSumExp\op\ReduceLogSumExp\build_out\framework\tf_plugin\CMakeFiles\cust_tf_parsers.dir\link.txt","324","2FB2C18ECFB2767DDFFE2D42CD76140B84881E49EBD4B5DA6579B96A66EED900"
"03_往届冠军仓库快照\R078_github_Brown-Bert_S5\case_310b\ReduceLogSumExp\op\ReduceLogSumExp\build_out\framework\tf_plugin\CMakeFiles\cust_tf_parsers.dir\progress.make","46","A3721D65A41B3B911AE3FC23DE007CAD987ABE746629D119125A65EDE4CFF06D"
"03_往届冠军仓库快照\R078_github_Brown-Bert_S5\case_310b\ReduceLogSumExp\op\ReduceLogSumExp\build_out\framework\tf_plugin\CMakeFiles\cust_tf_parsers.dir\tensorflow_reduce_log_sum_exp_plugin.cc.o","10448","22DD20F565C18B18A74B94FA72D5BDB60251CEDB15C4D6F5F40ADE6E7DBE6B70"
"03_往届冠军仓库快照\R078_github_Brown-Bert_S5\case_310b\ReduceLogSumExp\op\ReduceLogSumExp\build_out\framework\tf_plugin\CMakeFiles\cust_tf_parsers.dir\tensorflow_reduce_log_sum_exp_plugin.cc.o.d","10591","FB988332098C37271A0340573A35450D7F71B0958878251F0CD96709776DBFAA"
"03_往届冠军仓库快照\R078_github_Brown-Bert_S5\case_310b\ReduceLogSumExp\op\ReduceLogSumExp\build_out\framework\tf_plugin\CMakeFiles\progress.marks","3","DF4E26A04A444901B95AFEF44E4A96CFAE34690FFF2AD2C66389C70079CDFF2B"
"03_往届冠军仓库快照\R078_github_Brown-Bert_S5\case_310b\ReduceLogSumExp\op\ReduceLogSumExp\build_out\framework\tf_plugin\libcust_tf_parsers.so","10160","2B9A12EE32F52A35319318B30CBDC76641EF2EA3CF6FDA26BB2DE8446749DE6B"
"03_往届冠军仓库快照\R078_github_Brown-Bert_S5\case_310b\ReduceLogSumExp\op\ReduceLogSumExp\build_out\framework\tf_plugin\Makefile","10739","3FC50FCDB4C50C8B53BFC6B0E5C6808B3929013ED7523C53EB45FA918E6AB721"
"03_往届冠军仓库快照\R078_github_Brown-Bert_S5\case_310b\ReduceLogSumExp\op\ReduceLogSumExp\build_out\install_manifest.txt","4637","AC05E80561ACE408F0D964238F9B99149BAD96F43BA04A69F1A60315C08B7368"
"03_往届冠军仓库快照\R078_github_Brown-Bert_S5\case_310b\ReduceLogSumExp\op\ReduceLogSumExp\build_out\Makefile","13887","C6E8F606FEDDAE91CDD8D5B80650B8F4D4CC984F3A5224D77A16EE52B854069C"
"03_往届冠军仓库快照\R078_github_Brown-Bert_S5\case_310b\ReduceLogSumExp\op\ReduceLogSumExp\build_out\op_host\cmake_install.cmake","7371","D62E13E2EA3F24D5A574DBD99AEC51CB82D6AE470D5EF0FE8934127BF5907909"
"03_往届冠军仓库快照\R078_github_Brown-Bert_S5\case_310b\ReduceLogSumExp\op\ReduceLogSumExp\build_out\op_host\CMakeFiles\CMakeDirectoryInformation.cmake","738","CAE75445BD825575AC97BD544C268913972B6A997CD6F3B12731D42D58AD6B7B"
"03_往届冠军仓库快照\R078_github_Brown-Bert_S5\case_310b\ReduceLogSumExp\op\ReduceLogSumExp\build_out\op_host\CMakeFiles\cust_op_proto.dir\__\autogen\op_proto.cc.o","65192","DCF15FE3138C839195C278C243D7C0AB63FB3C4A4EF14472B80A83E4ADAA3FCA"
"03_往届冠军仓库快照\R078_github_Brown-Bert_S5\case_310b\ReduceLogSumExp\op\ReduceLogSumExp\build_out\op_host\CMakeFiles\cust_op_proto.dir\__\autogen\op_proto.cc.o.d","15374","26A56318A7F88523C963B198348CB6FC3E5BFBA0E63805F8F4C6B0691B23A31F"
"03_往届冠军仓库快照\R078_github_Brown-Bert_S5\case_310b\ReduceLogSumExp\op\ReduceLogSumExp\build_out\op_host\CMakeFiles\cust_op_proto.dir\build.make","8547","90C2559C6E25F5E531566C4884BBAE95D7DD618DDA9D6352D954387EFDDF24B4"
"03_往届冠军仓库快照\R078_github_Brown-Bert_S5\case_310b\ReduceLogSumExp\op\ReduceLogSumExp\build_out\op_host\CMakeFiles\cust_op_proto.dir\cmake_clean.cmake","492","911B502FE963A230C7EA4E6AC6385554A4BF44F0A652C33813FB99317CE7E9B5"
"03_往届冠军仓库快照\R078_github_Brown-Bert_S5\case_310b\ReduceLogSumExp\op\ReduceLogSumExp\build_out\op_host\CMakeFiles\cust_op_proto.dir\compiler_depend.internal","30727","0EC9C3D1E00606E32760089B516166D3D3DC58DAE2DF99CA4D43F68BCB5A26CE"
"03_往届冠军仓库快照\R078_github_Brown-Bert_S5\case_310b\ReduceLogSumExp\op\ReduceLogSumExp\build_out\op_host\CMakeFiles\cust_op_proto.dir\compiler_depend.make","46990","15F0CD81D984FF1D6BB80D0C80971F8C5DF19082B6D665C3341ABACB9CB6DB62"
"03_往届冠军仓库快照\R078_github_Brown-Bert_S5\case_310b\ReduceLogSumExp\op\ReduceLogSumExp\build_out\op_host\CMakeFiles\cust_op_proto.dir\compiler_depend.ts","122","746DB2524BA04C5FBDCF35FA80ED520F1B259E1CAFAFFF7074127558AF699CED"
"03_往届冠军仓库快照\R078_github_Brown-Bert_S5\case_310b\ReduceLogSumExp\op\ReduceLogSumExp\build_out\op_host\CMakeFiles\cust_op_proto.dir\depend.make","99","2DD5080ABB4D8DCCE8A17C02E0B4C7D82F06DA6C3409FDC379D5150DF40DA037"
"03_往届冠军仓库快照\R078_github_Brown-Bert_S5\case_310b\ReduceLogSumExp\op\ReduceLogSumExp\build_out\op_host\CMakeFiles\cust_op_proto.dir\DependInfo.cmake","922","163F4042564A9BB37D9389C0970D7417DF88E16B8489D267B9DAF654894727A4"
"03_往届冠军仓库快照\R078_github_Brown-Bert_S5\case_310b\ReduceLogSumExp\op\ReduceLogSumExp\build_out\op_host\CMakeFiles\cust_op_proto.dir\flags.make","503","46472A35EF80621ACC2F332DBEB441BA3C4C51E940A2611E8C8FC3BE8478EB30"
"03_往届冠军仓库快照\R078_github_Brown-Bert_S5\case_310b\ReduceLogSumExp\op\ReduceLogSumExp\build_out\op_host\CMakeFiles\cust_op_proto.dir\link.txt","453","81FC830027C9DBB2D8A10D712D90394B4B500BE90FD4FBDFB0B972D5301715A4"
"03_往届冠军仓库快照\R078_github_Brown-Bert_S5\case_310b\ReduceLogSumExp\op\ReduceLogSumExp\build_out\op_host\CMakeFiles\cust_op_proto.dir\progress.make","68","2FD1599278D658BFDFC128189954161817A5CCAF8A3EF6D6A0B6423B2A38216B"
"03_往届冠军仓库快照\R078_github_Brown-Bert_S5\case_310b\ReduceLogSumExp\op\ReduceLogSumExp\build_out\op_host\CMakeFiles\cust_op_proto.dir\reduce_log_sum_exp.cpp.o","87256","6FAF2C2AE0DB547F816D4BF3732A81F9356244B6EA315265C5CD14B686A9A71C"
"03_往届冠军仓库快照\R078_github_Brown-Bert_S5\case_310b\ReduceLogSumExp\op\ReduceLogSumExp\build_out\op_host\CMakeFiles\cust_op_proto.dir\reduce_log_sum_exp.cpp.o.d","16168","1C8D82F571A7AAC5BF70D703E92D823A78B12504451854FA54092A6832169E90"
"03_往届冠军仓库快照\R078_github_Brown-Bert_S5\case_310b\ReduceLogSumExp\op\ReduceLogSumExp\build_out\op_host\CMakeFiles\cust_opapi.dir\__\autogen\aclnn_reduce_log_sum_exp.cpp.o","12728","0A3029266911FB1FC62F60C0CAC1F4855440A087FC3DECEFA6A4CF8EBC61F4C5"
"03_往届冠军仓库快照\R078_github_Brown-Bert_S5\case_310b\ReduceLogSumExp\op\ReduceLogSumExp\build_out\op_host\CMakeFiles\cust_opapi.dir\__\autogen\aclnn_reduce_log_sum_exp.cpp.o.d","7956","273AE6AD7C20A64C7489994304000E90D2B56D71B72E1C30D7FEAE4987D19F7A"
"03_往届冠军仓库快照\R078_github_Brown-Bert_S5\case_310b\ReduceLogSumExp\op\ReduceLogSumExp\build_out\op_host\CMakeFiles\cust_opapi.dir\build.make","6412","CEED49D39233914E3B1816DDF9D03CA162538CECC36706BC01D65130A0D8A59B"
"03_往届冠军仓库快照\R078_github_Brown-Bert_S5\case_310b\ReduceLogSumExp\op\ReduceLogSumExp\build_out\op_host\CMakeFiles\cust_opapi.dir\cmake_clean.cmake","379","0E4C6B2BBA5AAB4C9D5E081B3F01C1CC1CFA1719418C47C384D32CCB08B0D9A7"
"03_往届冠军仓库快照\R078_github_Brown-Bert_S5\case_310b\ReduceLogSumExp\op\ReduceLogSumExp\build_out\op_host\CMakeFiles\cust_opapi.dir\compiler_depend.internal","7826","A64FC3580E7D2585E3C58BE1B464075D3E099CD2E0D769FD7FEF3FAC0014C2AE"
"03_往届冠军仓库快照\R078_github_Brown-Bert_S5\case_310b\ReduceLogSumExp\op\ReduceLogSumExp\build_out\op_host\CMakeFiles\cust_opapi.dir\compiler_depend.make","15975","3C6616F1EBE88110C910EAD9A425FDCFCC2380BEBA856104AF0B03DB7FF02F07"
"03_往届冠军仓库快照\R078_github_Brown-Bert_S5\case_310b\ReduceLogSumExp\op\ReduceLogSumExp\build_out\op_host\CMakeFiles\cust_opapi.dir\compiler_depend.ts","119","4567C57648BCC9A8436398405A50D93D52A6C8EA847ADC4C39C107CB24781FB3"
"03_往届冠军仓库快照\R078_github_Brown-Bert_S5\case_310b\ReduceLogSumExp\op\ReduceLogSumExp\build_out\op_host\CMakeFiles\cust_opapi.dir\depend.make","96","A909259367E470AC0FC4B3405CAFD915AF4D7E9B8951F698186D9D7504E970F4"
"03_往届冠军仓库快照\R078_github_Brown-Bert_S5\case_310b\ReduceLogSumExp\op\ReduceLogSumExp\build_out\op_host\CMakeFiles\cust_opapi.dir\DependInfo.cmake","726","50D33671F3A229A58A96A5360BE08B0321E365406EF3D6822411EBAD297AAFF8"
"03_往届冠军仓库快照\R078_github_Brown-Bert_S5\case_310b\ReduceLogSumExp\op\ReduceLogSumExp\build_out\op_host\CMakeFiles\cust_opapi.dir\flags.make","485","2370E99DED6EB3E2E5FE35DBAC090D2F505FBA4144DDEC46AAD0AA7C8EF3517B"
"03_往届冠军仓库快照\R078_github_Brown-Bert_S5\case_310b\ReduceLogSumExp\op\ReduceLogSumExp\build_out\op_host\CMakeFiles\cust_opapi.dir\link.txt","323","A99A40DD5B811B6C92335EB18ABCAF5A1F2BA259B1B250A9EFFB701E25DAB389"
"03_往届冠军仓库快照\R078_github_Brown-Bert_S5\case_310b\ReduceLogSumExp\op\ReduceLogSumExp\build_out\op_host\CMakeFiles\cust_opapi.dir\progress.make","46","47759FBA680232732BBFCC44D15D253E4BF6BFF0A1E99AAB286E38942D0ECA31"
"03_往届冠军仓库快照\R078_github_Brown-Bert_S5\case_310b\ReduceLogSumExp\op\ReduceLogSumExp\build_out\op_host\CMakeFiles\cust_optiling.dir\build.make","6259","B065D0398B57DD9B1DDE92173FC51CCA48266354DBF14C760DE2EA9F3D9C5A22"
"03_往届冠军仓库快照\R078_github_Brown-Bert_S5\case_310b\ReduceLogSumExp\op\ReduceLogSumExp\build_out\op_host\CMakeFiles\cust_optiling.dir\cmake_clean.cmake","372","CB3B5ADC4F5A1279CE238200C0673C04D84F85236322B4E3B4102F3D9C2ED153"
"03_往届冠军仓库快照\R078_github_Brown-Bert_S5\case_310b\ReduceLogSumExp\op\ReduceLogSumExp\build_out\op_host\CMakeFiles\cust_optiling.dir\compiler_depend.internal","15802","682D10819F1C43FAB4445879A2AAD0A4D04334D27A47D32E37A737DBAE39BE2A"
"03_往届冠军仓库快照\R078_github_Brown-Bert_S5\case_310b\ReduceLogSumExp\op\ReduceLogSumExp\build_out\op_host\CMakeFiles\cust_optiling.dir\compiler_depend.make","31295","C82B5512A6BFE3BB8CD8511C37C1EBE40EFE3DC6E671310ED630EACF47DC76D2"
"03_往届冠军仓库快照\R078_github_Brown-Bert_S5\case_310b\ReduceLogSumExp\op\ReduceLogSumExp\build_out\op_host\CMakeFiles\cust_optiling.dir\compiler_depend.ts","122","275E8BF31C17171D429EB3BDA93192FBFB3066F91177792418FC3B1A0D6055D0"
"03_往届冠军仓库快照\R078_github_Brown-Bert_S5\case_310b\ReduceLogSumExp\op\ReduceLogSumExp\build_out\op_host\CMakeFiles\cust_optiling.dir\depend.make","99","0F5D49CC575B33CFEC83DB55E5E6FE93688D6610D08985E5347B96E35CA83E6D"
"03_往届冠军仓库快照\R078_github_Brown-Bert_S5\case_310b\ReduceLogSumExp\op\ReduceLogSumExp\build_out\op_host\CMakeFiles\cust_optiling.dir\DependInfo.cmake","682","7BD95CC2AD8AF99438EAB42A30FDCC5CC7C48521894EBBD52C84BFDF8ABFBB9F"
"03_往届冠军仓库快照\R078_github_Brown-Bert_S5\case_310b\ReduceLogSumExp\op\ReduceLogSumExp\build_out\op_host\CMakeFiles\cust_optiling.dir\flags.make","504","A3F3FBBD83F57FB0E12A59BA72B132FA9CFB104E70B3319E6A5719F2FDB01E00"
"03_往届冠军仓库快照\R078_github_Brown-Bert_S5\case_310b\ReduceLogSumExp\op\ReduceLogSumExp\build_out\op_host\CMakeFiles\cust_optiling.dir\link.txt","410","39EFE4A6141E4358EE292651787AB97569EF77F6670A414D8A79E733C55BECE1"
"03_往届冠军仓库快照\R078_github_Brown-Bert_S5\case_310b\ReduceLogSumExp\op\ReduceLogSumExp\build_out\op_host\CMakeFiles\cust_optiling.dir\progress.make","46","7CC1A60A8A2705B1231159ACA5DA7F3B0D014E76EA95F36AB9C86425A15FC977"
"03_往届冠军仓库快照\R078_github_Brown-Bert_S5\case_310b\ReduceLogSumExp\op\ReduceLogSumExp\build_out\op_host\CMakeFiles\cust_optiling.dir\reduce_log_sum_exp.cpp.o","91864","33F2622F044B1A9607AC65F81F62BF191306BBA1E811FFC010E03AF7DB055537"
"03_往届冠军仓库快照\R078_github_Brown-Bert_S5\case_310b\ReduceLogSumExp\op\ReduceLogSumExp\build_out\op_host\CMakeFiles\cust_optiling.dir\reduce_log_sum_exp.cpp.o.d","16168","5001C81CFBD83502F9EFD4A1BC1CDFA3FB4AB8DC4F761E3E542D597A568D2BBA"
"03_往届冠军仓库快照\R078_github_Brown-Bert_S5\case_310b\ReduceLogSumExp\op\ReduceLogSumExp\build_out\op_host\CMakeFiles\optiling_compat.dir\build.make","3416","4224CFA04E1AE107BF7F5CE3D76F96886F3CBA977EE52DC6F45B4303629152B4"
"03_往届冠军仓库快照\R078_github_Brown-Bert_S5\case_310b\ReduceLogSumExp\op\ReduceLogSumExp\build_out\op_host\CMakeFiles\optiling_compat.dir\cmake_clean.cmake","220","ABA4F27F84694692B7A2F000D6494B14107FB6A8D5BD6F8566243EA9783AD38D"
"03_往届冠军仓库快照\R078_github_Brown-Bert_S5\case_310b\ReduceLogSumExp\op\ReduceLogSumExp\build_out\op_host\CMakeFiles\optiling_compat.dir\compiler_depend.make","127","59C4C8911582CEE8D9C6B5C0637ED8DC59E7ADAAA53041E0F113B455E9606243"
"03_往届冠军仓库快照\R078_github_Brown-Bert_S5\case_310b\ReduceLogSumExp\op\ReduceLogSumExp\build_out\op_host\CMakeFiles\optiling_compat.dir\compiler_depend.ts","121","B167E9D0DF927F58DE29E16F65DF5D4CCE8B598568138C19657CE99E61B3DAF7"
"03_往届冠军仓库快照\R078_github_Brown-Bert_S5\case_310b\ReduceLogSumExp\op\ReduceLogSumExp\build_out\op_host\CMakeFiles\optiling_compat.dir\DependInfo.cmake","441","2C4D7F0C8064DD3E7C5E136231230F197B6DFA2ADC123C7CAA6ADCA96977CD8B"
"03_往届冠军仓库快照\R078_github_Brown-Bert_S5\case_310b\ReduceLogSumExp\op\ReduceLogSumExp\build_out\op_host\CMakeFiles\optiling_compat.dir\progress.make","2","7EB70257593DA06F682A3DDDA54A9D260D4FC514F645237F5CA74B08F8DA61A6"
"03_往届冠军仓库快照\R078_github_Brown-Bert_S5\case_310b\ReduceLogSumExp\op\ReduceLogSumExp\build_out\op_host\CMakeFiles\progress.marks","3","9B6DD0F55D1CEA37555DB317F53A0631F694BD46DF8018CC2AEED3D9E2F32F5F"
"03_往届冠军仓库快照\R078_github_Brown-Bert_S5\case_310b\ReduceLogSumExp\op\ReduceLogSumExp\build_out\op_host\libcust_opapi.so","10304","50821621DF9E85F193F5FBF04350A762E00B3D2236D56F59E1413C97A3888FB6"
"03_往届冠军仓库快照\R078_github_Brown-Bert_S5\case_310b\ReduceLogSumExp\op\ReduceLogSumExp\build_out\op_host\libcust_opmaster_rt2.0.so","174032","C716B39444B9F2480844CC54AEC2935E4C22F1A9FDC2B5DAF7E51971A90BF3D6"
"03_往届冠军仓库快照\R078_github_Brown-Bert_S5\case_310b\ReduceLogSumExp\op\ReduceLogSumExp\build_out\op_host\libcust_opsproto_rt2.0.so","182224","5B04BD82C4EA89785D0AA4FF1A3438A7B5E3839BC67FA2C5A9F7E4A52B194342"
"03_往届冠军仓库快照\R078_github_Brown-Bert_S5\case_310b\ReduceLogSumExp\op\ReduceLogSumExp\build_out\op_host\Makefile","15983","6D49618B5BAA18A9E6FBBD829D0C6373C2B8498FAFE7EB61CC70C51A97CFAB47"
"03_往届冠军仓库快照\R078_github_Brown-Bert_S5\case_310b\ReduceLogSumExp\op\ReduceLogSumExp\build_out\op_kernel\binary\ascend310b\reduce_log_sum_exp\ReduceLogSumExp_51b39270301035af704588d44f088b40.json","2187","12AF86D8F96A11C830D89A405B494AC748317DFF82486D1D91D94660F5D4E806"
"03_往届冠军仓库快照\R078_github_Brown-Bert_S5\case_310b\ReduceLogSumExp\op\ReduceLogSumExp\build_out\op_kernel\binary\ascend310b\reduce_log_sum_exp\ReduceLogSumExp_51b39270301035af704588d44f088b40.o","3360","6C4E355324941F8A60B1D172D4A2A3F6BB73ECAC7F2F1BEF1FB7E96377624BE1"
"03_往届冠军仓库快照\R078_github_Brown-Bert_S5\case_310b\ReduceLogSumExp\op\ReduceLogSumExp\build_out\op_kernel\binary\ascend310b\reduce_log_sum_exp\ReduceLogSumExp_7978f3a51d5812b47a35ebe49b7a9bda.json","2187","7D6E6CAF707B093EAC815248E22A0DDD43714662B65BBDDF7D38ACDC0810BAFE"
"03_往届冠军仓库快照\R078_github_Brown-Bert_S5\case_310b\ReduceLogSumExp\op\ReduceLogSumExp\build_out\op_kernel\binary\ascend310b\reduce_log_sum_exp\ReduceLogSumExp_7978f3a51d5812b47a35ebe49b7a9bda.o","3360","169D54BAD037EE794F33EDA4E77BD8B56B13F497F4792587F0A2267044FA7C32"
"03_往届冠军仓库快照\R078_github_Brown-Bert_S5\case_310b\ReduceLogSumExp\op\ReduceLogSumExp\build_out\op_kernel\binary\config\ascend310b\binary_info_config.json","1819","D236E440E791FC7603895EF0063190B37CD65D30B35588096B8BF79E965BABE1"
"03_往届冠军仓库快照\R078_github_Brown-Bert_S5\case_310b\ReduceLogSumExp\op\ReduceLogSumExp\build_out\op_kernel\binary\config\ascend310b\reduce_log_sum_exp.json","3578","AE5A130CC088C6AA99DE1BAAF94A6C040AEE647F9C2F17E3FB5EA3E471A751A3"
"03_往届冠军仓库快照\R078_github_Brown-Bert_S5\case_310b\ReduceLogSumExp\op\ReduceLogSumExp\build_out\op_kernel\binary\dynamic\reduce_log_sum_exp.cpp","2215","94D59971A80F471C23E1B13997897350978C3F42CA7DE284FAB530165E33F711"
"03_往届冠军仓库快照\R078_github_Brown-Bert_S5\case_310b\ReduceLogSumExp\op\ReduceLogSumExp\build_out\op_kernel\binary\dynamic\reduce_log_sum_exp.py","9674","E067CDCC80096A63FD114E9C67188BAB129531EA2F622BB7A49BA88F8A66ED46"
"03_往届冠军仓库快照\R078_github_Brown-Bert_S5\case_310b\ReduceLogSumExp\op\ReduceLogSumExp\build_out\op_kernel\cmake_install.cmake","3226","89170C44FEEB01D4A8178DBD0419445457D51C6932ACF80666706A225DB2CF1B"
"03_往届冠军仓库快照\R078_github_Brown-Bert_S5\case_310b\ReduceLogSumExp\op\ReduceLogSumExp\build_out\op_kernel\CMakeFiles\ascendc_bin_ascend310b_gen_ops_config.dir\build.make","4818","5849B2A7F6039A3C1D9590EE424D0FEC2A355D88EFD80D60C608BA5231A95C35"
"03_往届冠军仓库快照\R078_github_Brown-Bert_S5\case_310b\ReduceLogSumExp\op\ReduceLogSumExp\build_out\op_kernel\CMakeFiles\ascendc_bin_ascend310b_gen_ops_config.dir\cmake_clean.cmake","264","545066E544C511AA38FB3C011546AB0DFA53EBC867BD36B4A6B0B43931CF4FDB"
"03_往届冠军仓库快照\R078_github_Brown-Bert_S5\case_310b\ReduceLogSumExp\op\ReduceLogSumExp\build_out\op_kernel\CMakeFiles\ascendc_bin_ascend310b_gen_ops_config.dir\compiler_depend.make","149","16CF94A59F9796280087176A43EC549EC83FC2CF1D5FEE640FA9272BDC6D460B"
"03_往届冠军仓库快照\R078_github_Brown-Bert_S5\case_310b\ReduceLogSumExp\op\ReduceLogSumExp\build_out\op_kernel\CMakeFiles\ascendc_bin_ascend310b_gen_ops_config.dir\compiler_depend.ts","143","BBB1C21AD558147BC1DDE4BCCC8D83412AF0066A070D608B4A50C6611812CECD"
"03_往届冠军仓库快照\R078_github_Brown-Bert_S5\case_310b\ReduceLogSumExp\op\ReduceLogSumExp\build_out\op_kernel\CMakeFiles\ascendc_bin_ascend310b_gen_ops_config.dir\DependInfo.cmake","441","2C4D7F0C8064DD3E7C5E136231230F197B6DFA2ADC123C7CAA6ADCA96977CD8B"
"03_往届冠军仓库快照\R078_github_Brown-Bert_S5\case_310b\ReduceLogSumExp\op\ReduceLogSumExp\build_out\op_kernel\CMakeFiles\ascendc_bin_ascend310b_gen_ops_config.dir\progress.make","2","7EB70257593DA06F682A3DDDA54A9D260D4FC514F645237F5CA74B08F8DA61A6"
"03_往届冠军仓库快照\R078_github_Brown-Bert_S5\case_310b\ReduceLogSumExp\op\ReduceLogSumExp\build_out\op_kernel\CMakeFiles\binary.dir\build.make","2967","0F9E08B245DFF07F0B6215D15EAD3605A63B170F922916194235B2F14F5DDB5F"
"03_往届冠军仓库快照\R078_github_Brown-Bert_S5\case_310b\ReduceLogSumExp\op\ReduceLogSumExp\build_out\op_kernel\CMakeFiles\binary.dir\cmake_clean.cmake","155","9A8C5156ECA9B540184177910BCB011A13B6AF9AC1EDCA750A371FD42FF4CF0B"
"03_往届冠军仓库快照\R078_github_Brown-Bert_S5\case_310b\ReduceLogSumExp\op\ReduceLogSumExp\build_out\op_kernel\CMakeFiles\binary.dir\compiler_depend.make","118","F23B9E7DE9E7F14D62FFB92AF84E045EF0DB54255810AB1E3979EA4E512CE374"
"03_往届冠军仓库快照\R078_github_Brown-Bert_S5\case_310b\ReduceLogSumExp\op\ReduceLogSumExp\build_out\op_kernel\CMakeFiles\binary.dir\compiler_depend.ts","112","0CEAEB11B71DD14509213B8B79299ADB7300A880879A8DCF36DB3187DFECF633"
"03_往届冠军仓库快照\R078_github_Brown-Bert_S5\case_310b\ReduceLogSumExp\op\ReduceLogSumExp\build_out\op_kernel\CMakeFiles\binary.dir\DependInfo.cmake","441","2C4D7F0C8064DD3E7C5E136231230F197B6DFA2ADC123C7CAA6ADCA96977CD8B"
"03_往届冠军仓库快照\R078_github_Brown-Bert_S5\case_310b\ReduceLogSumExp\op\ReduceLogSumExp\build_out\op_kernel\CMakeFiles\binary.dir\progress.make","2","7EB70257593DA06F682A3DDDA54A9D260D4FC514F645237F5CA74B08F8DA61A6"
"03_往届冠军仓库快照\R078_github_Brown-Bert_S5\case_310b\ReduceLogSumExp\op\ReduceLogSumExp\build_out\op_kernel\CMakeFiles\CMakeDirectoryInformation.cmake","738","CAE75445BD825575AC97BD544C268913972B6A997CD6F3B12731D42D58AD6B7B"
"03_往届冠军仓库快照\R078_github_Brown-Bert_S5\case_310b\ReduceLogSumExp\op\ReduceLogSumExp\build_out\op_kernel\CMakeFiles\npu_supported_ops.dir\build.make","4252","AF76BE1EC860529AF2D7CB7739FA38EC47AAF51839EABBE29337858CA9D2F26A"
"03_往届冠军仓库快照\R078_github_Brown-Bert_S5\case_310b\ReduceLogSumExp\op\ReduceLogSumExp\build_out\op_kernel\CMakeFiles\npu_supported_ops.dir\cmake_clean.cmake","276","03AB318B6F8D53840C00F3606548EF1661EBF26FA90BD549A468D58F42FF72A0"
"03_往届冠军仓库快照\R078_github_Brown-Bert_S5\case_310b\ReduceLogSumExp\op\ReduceLogSumExp\build_out\op_kernel\CMakeFiles\npu_supported_ops.dir\compiler_depend.make","129","628C48BDA1920A5E2A7D09C6A9BBB8CCB433499F9F45F82E9E3BBC2B386CB61E"
"03_往届冠军仓库快照\R078_github_Brown-Bert_S5\case_310b\ReduceLogSumExp\op\ReduceLogSumExp\build_out\op_kernel\CMakeFiles\npu_supported_ops.dir\compiler_depend.ts","123","CE09BC099C8B2F676FFD41FE5608A65D50ECD276988FBEFBE52BD10386577DB2"
"03_往届冠军仓库快照\R078_github_Brown-Bert_S5\case_310b\ReduceLogSumExp\op\ReduceLogSumExp\build_out\op_kernel\CMakeFiles\npu_supported_ops.dir\DependInfo.cmake","441","2C4D7F0C8064DD3E7C5E136231230F197B6DFA2ADC123C7CAA6ADCA96977CD8B"
"03_往届冠军仓库快照\R078_github_Brown-Bert_S5\case_310b\ReduceLogSumExp\op\ReduceLogSumExp\build_out\op_kernel\CMakeFiles\npu_supported_ops.dir\progress.make","25","F38AA4592608209C601E781F3564538AB6207D0CC10C1AA82EFBAB29C1D7200B"
"03_往届冠军仓库快照\R078_github_Brown-Bert_S5\case_310b\ReduceLogSumExp\op\ReduceLogSumExp\build_out\op_kernel\CMakeFiles\ops_info_gen_ascend310b.dir\build.make","4587","2889BBC8B138B3CEEE4FFBAA62630247BCB615E0CF719F820DE44F149DCF1EAB"
"03_往届冠军仓库快照\R078_github_Brown-Bert_S5\case_310b\ReduceLogSumExp\op\ReduceLogSumExp\build_out\op_kernel\CMakeFiles\ops_info_gen_ascend310b.dir\cmake_clean.cmake","305","47F8D3984DCD2ABA751ED987459489AF241CC0403E86B5E9FC78AE824C4B09AE"
"03_往届冠军仓库快照\R078_github_Brown-Bert_S5\case_310b\ReduceLogSumExp\op\ReduceLogSumExp\build_out\op_kernel\CMakeFiles\ops_info_gen_ascend310b.dir\compiler_depend.make","135","B546715E8A4F2013271800B255DF98FB2A2618026C9BB0AC4D060F30320A107C"
"03_往届冠军仓库快照\R078_github_Brown-Bert_S5\case_310b\ReduceLogSumExp\op\ReduceLogSumExp\build_out\op_kernel\CMakeFiles\ops_info_gen_ascend310b.dir\compiler_depend.ts","129","69A21D4C97033A4747DD75C0526E6C8A687CBF5B8B05339376F36B8869BFA83F"
"03_往届冠军仓库快照\R078_github_Brown-Bert_S5\case_310b\ReduceLogSumExp\op\ReduceLogSumExp\build_out\op_kernel\CMakeFiles\ops_info_gen_ascend310b.dir\DependInfo.cmake","441","2C4D7F0C8064DD3E7C5E136231230F197B6DFA2ADC123C7CAA6ADCA96977CD8B"
"03_往届冠军仓库快照\R078_github_Brown-Bert_S5\case_310b\ReduceLogSumExp\op\ReduceLogSumExp\build_out\op_kernel\CMakeFiles\ops_info_gen_ascend310b.dir\progress.make","25","E94D768723169C3E72C00E8AE359E8346E8A0BDA23F142A656A2F275E0D8493C"
"03_往届冠军仓库快照\R078_github_Brown-Bert_S5\case_310b\ReduceLogSumExp\op\ReduceLogSumExp\build_out\op_kernel\CMakeFiles\progress.marks","3","DF4E26A04A444901B95AFEF44E4A96CFAE34690FFF2AD2C66389C70079CDFF2B"
"03_往届冠军仓库快照\R078_github_Brown-Bert_S5\case_310b\ReduceLogSumExp\op\ReduceLogSumExp\build_out\op_kernel\CMakeFiles\ReduceLogSumExp_ascend310b.dir\build.make","4502","0E880BA8BDABA462CC43966F5BD561B6941BEF484675B7C3F4280ED2F6539FC9"
"03_往届冠军仓库快照\R078_github_Brown-Bert_S5\case_310b\ReduceLogSumExp\op\ReduceLogSumExp\build_out\op_kernel\CMakeFiles\ReduceLogSumExp_ascend310b.dir\cmake_clean.cmake","242","3B6DF70BE07042B0480CB30F74BFC8C27620970FFDD793611A862436DCCC85B7"
"03_往届冠军仓库快照\R078_github_Brown-Bert_S5\case_310b\ReduceLogSumExp\op\ReduceLogSumExp\build_out\op_kernel\CMakeFiles\ReduceLogSumExp_ascend310b.dir\compiler_depend.make","138","ED4449CF8CC59601209F4A6356B4B2C0E1ADE99E183145E6A8F7D4ACB5D2FA2A"
"03_往届冠军仓库快照\R078_github_Brown-Bert_S5\case_310b\ReduceLogSumExp\op\ReduceLogSumExp\build_out\op_kernel\CMakeFiles\ReduceLogSumExp_ascend310b.dir\compiler_depend.ts","132","57463979335C94C4621A3507019D50E61C2E628F3E56A369283FA28038684708"
"03_往届冠军仓库快照\R078_github_Brown-Bert_S5\case_310b\ReduceLogSumExp\op\ReduceLogSumExp\build_out\op_kernel\CMakeFiles\ReduceLogSumExp_ascend310b.dir\DependInfo.cmake","441","2C4D7F0C8064DD3E7C5E136231230F197B6DFA2ADC123C7CAA6ADCA96977CD8B"
"03_往届冠军仓库快照\R078_github_Brown-Bert_S5\case_310b\ReduceLogSumExp\op\ReduceLogSumExp\build_out\op_kernel\CMakeFiles\ReduceLogSumExp_ascend310b.dir\progress.make","2","7EB70257593DA06F682A3DDDA54A9D260D4FC514F645237F5CA74B08F8DA61A6"
"03_往届冠军仓库快照\R078_github_Brown-Bert_S5\case_310b\ReduceLogSumExp\op\ReduceLogSumExp\build_out\op_kernel\Makefile","12309","E91E7D86CD29C1D5BE70A0DE4AABD89CB807D10DBF519C01BC50C26FA06DFC22"
"03_往届冠军仓库快照\R078_github_Brown-Bert_S5\case_310b\ReduceLogSumExp\op\ReduceLogSumExp\build_out\op_kernel\tbe\op_info_cfg\ai_core\ascend310b\aic-ascend310b-ops-info.json","1546","6AEF9938FFB109B3E14E495776A906D754809B82E251CFD26C28BC8060D741EE"
"03_往届冠军仓库快照\R078_github_Brown-Bert_S5\case_310b\ReduceLogSumExp\op\ReduceLogSumExp\build_out\op_kernel\tbe\op_info_cfg\ai_core\npu_supported_ops.json","79","1EE7D7DC7E5D37E2D5B309D4949095EFDB19F5BEFBA23DCB916F04B279E19C38"
"03_往届冠军仓库快照\R078_github_Brown-Bert_S5\case_310b\ReduceLogSumExp\op\ReduceLogSumExp\build_out\scripts\help.info","81","27067F1EC0A23A694AE80EC4A05BC68415A284FBAF509B1A9CC0234035C61E5B"
"03_往届冠军仓库快照\R078_github_Brown-Bert_S5\case_310b\ReduceLogSumExp\op\ReduceLogSumExp\build_out\scripts\install.sh","9881","02862BAF881E9EBFA0EB5F43BE11932391E2B1EDC1D6C1C508812B5410C04181"
"03_往届冠军仓库快照\R078_github_Brown-Bert_S5\case_310b\ReduceLogSumExp\op\ReduceLogSumExp\build_out\scripts\upgrade.sh","4151","DDF117CFD96BF93194F66A8C4C7A298A263254107D1EFAE8F2081F0626E4C1F7"
"03_往届冠军仓库快照\R078_github_Brown-Bert_S5\case_310b\ReduceLogSumExp\op\ReduceLogSumExp\build_out\version.info","41","933E1E3BBA7C2A4B8D5F3F985CA7BF811A5E5DC7B0F6B17116992B5B076900F6"
"03_往届冠军仓库快照\R078_github_Brown-Bert_S5\case_310b\ReduceLogSumExp\op\ReduceLogSumExp\build.sh","2326","0A0B0DFA0813B4960898E272DFBC8FBA05E9D7A7502BA0EDDBDD7888E8CDD9C6"
"03_往届冠军仓库快照\R078_github_Brown-Bert_S5\case_310b\ReduceLogSumExp\op\ReduceLogSumExp\cmake\config.cmake","2110","55673A4E044FCD4A48F091178419BFC66A623510589D1C47BA2A339BACF2CFB4"
"03_往届冠军仓库快照\R078_github_Brown-Bert_S5\case_310b\ReduceLogSumExp\op\ReduceLogSumExp\cmake\device_task.cmake","1364","3452CC47D661D636E23C84E26A3E2D07FD29F64C9D7729CEBE1221A5F5C247EC"
"03_往届冠军仓库快照\R078_github_Brown-Bert_S5\case_310b\ReduceLogSumExp\op\ReduceLogSumExp\cmake\func.cmake","17515","FAF9CA84C4AA2B1FC5123B1E4878C62F210F2B8900DCEF4D6A931D7DA2CF488A"
"03_往届冠军仓库快照\R078_github_Brown-Bert_S5\case_310b\ReduceLogSumExp\op\ReduceLogSumExp\cmake\intf.cmake","1061","0C2533D6A98259B396930252585C65F1CD582D667171F20AFA4759FCDEB2C5A5"
"03_往届冠军仓库快照\R078_github_Brown-Bert_S5\case_310b\ReduceLogSumExp\op\ReduceLogSumExp\cmake\makeself.cmake","1411","E417E77228AE18A82CF2D551D63CBA5B8E001069DE18ECE287597D6E043B9573"
"03_往届冠军仓库快照\R078_github_Brown-Bert_S5\case_310b\ReduceLogSumExp\op\ReduceLogSumExp\cmake\util\__init__.py","158","3F8B7683A736D7274A9A5B95FA7AF6DBDE368599C327336EAADE4059BE3C850F"
"03_往届冠军仓库快照\R078_github_Brown-Bert_S5\case_310b\ReduceLogSumExp\op\ReduceLogSumExp\cmake\util\__pycache__\ascendc_bin_param_build.cpython-39.pyc","15252","461261FDA396E11CC0D0B2B37CC8C7C3E24F25E3ADB33A933B7113E08A33F7D0"
"03_往届冠军仓库快照\R078_github_Brown-Bert_S5\case_310b\ReduceLogSumExp\op\ReduceLogSumExp\cmake\util\__pycache__\ascendc_impl_build.cpython-39.pyc","24428","B182DDE6D4DEC1BA7C6D133ADBAE2D573DD87A42CFA6D047B90796F8783CCAD8"
"03_往届冠军仓库快照\R078_github_Brown-Bert_S5\case_310b\ReduceLogSumExp\op\ReduceLogSumExp\cmake\util\__pycache__\ascendc_op_info.cpython-39.pyc","1743","8C9BD38DAB3C8E5A288299FFD3EC04B4DBC8D8674EA762F5BF2F264C95DF4827"
"03_往届冠军仓库快照\R078_github_Brown-Bert_S5\case_310b\ReduceLogSumExp\op\ReduceLogSumExp\cmake\util\__pycache__\const_var.cpython-39.pyc","1664","05DC2D6BBD22BD1005BCF816E3CC4905B85C07AF90B50AA66EFCF64A0B01B055"
"03_往届冠军仓库快照\R078_github_Brown-Bert_S5\case_310b\ReduceLogSumExp\op\ReduceLogSumExp\cmake\util\__pycache__\opdesc_parser.cpython-39.pyc","11249","1511DE16C15528B3405AF6A93F30939B7ABD0D2467E1054FE41264E8D9A8032F"
"03_往届冠军仓库快照\R078_github_Brown-Bert_S5\case_310b\ReduceLogSumExp\op\ReduceLogSumExp\cmake\util\ascendc_bin_param_build.py","21488","5414E49F5154E7397C07D94EDFF6C0ECA72EB075AC157D0B4DDBCD1425751511"
"03_往届冠军仓库快照\R078_github_Brown-Bert_S5\case_310b\ReduceLogSumExp\op\ReduceLogSumExp\cmake\util\ascendc_compile_kernel.py","9322","ED84D36CB4A1BF791113E4AA05CC6F1F6439AAFE08A390622089A7D52C482403"
"03_往届冠军仓库快照\R078_github_Brown-Bert_S5\case_310b\ReduceLogSumExp\op\ReduceLogSumExp\cmake\util\ascendc_gen_options.py","3350","FBD8BC4332B2340FDB71F4BBAE452E93C3A54B43CEA86818643D9D9D61794D35"
"03_往届冠军仓库快照\R078_github_Brown-Bert_S5\case_310b\ReduceLogSumExp\op\ReduceLogSumExp\cmake\util\ascendc_get_op_name.py","620","FCA6F6025A4ACBF41CA583D29D86B2E8BCAEAE7BA1930C94B9291BFA55800F53"
"03_往届冠军仓库快照\R078_github_Brown-Bert_S5\case_310b\ReduceLogSumExp\op\ReduceLogSumExp\cmake\util\ascendc_impl_build.py","28353","4F3086C115B60D627C0081894A10E38D96EBD0149154A08BCBE064CDDBC162B3"
"03_往届冠军仓库快照\R078_github_Brown-Bert_S5\case_310b\ReduceLogSumExp\op\ReduceLogSumExp\cmake\util\ascendc_op_info.py","1224","F2622F78079FAFC0B268FAE4227697143C042ACA009C3E8D0BBA6C38CD25368C"
"03_往届冠军仓库快照\R078_github_Brown-Bert_S5\case_310b\ReduceLogSumExp\op\ReduceLogSumExp\cmake\util\ascendc_ops_config.py","10286","D5115115B7432FB649DF4087095325B043F42C46A035BDCAB0258D44F8835025"
"03_往届冠军仓库快照\R078_github_Brown-Bert_S5\case_310b\ReduceLogSumExp\op\ReduceLogSumExp\cmake\util\ascendc_pack_kernel.py","9706","3CABC5970DF1BD7E3AC67D9199D27178AA3F9554CDD8C4269369DE900ACC77A7"
"03_往届冠军仓库快照\R078_github_Brown-Bert_S5\case_310b\ReduceLogSumExp\op\ReduceLogSumExp\cmake\util\ascendc_pack_opregistry.py","12928","25E69163383C4F721A51CFD5509F7765F3AE5FA4FCF8BA6AF1B6203FD4D7AF2F"
"03_往届冠军仓库快照\R078_github_Brown-Bert_S5\case_310b\ReduceLogSumExp\op\ReduceLogSumExp\cmake\util\ascendc_replay_build.py","2712","165C9FE01344DC57176004A21AB38A23DB4B1186FE60B1A5AF63E9D4EE0BE263"
"03_往届冠军仓库快照\R078_github_Brown-Bert_S5\case_310b\ReduceLogSumExp\op\ReduceLogSumExp\cmake\util\batch_replay_impl.temp","3889","C1B37BD05B2BD1CBF093AF635F4B2F18540BF98ED7FF4B04C3287B1F1A0FCCE0"
"03_往届冠军仓库快照\R078_github_Brown-Bert_S5\case_310b\ReduceLogSumExp\op\ReduceLogSumExp\cmake\util\code_channel_infer.py","1597","EA76DA48CC19A3CFB3E06EA25FF1DBD03039E4FBE7C2D3690F6FEBC6F0C90E1B"
"03_往届冠军仓库快照\R078_github_Brown-Bert_S5\case_310b\ReduceLogSumExp\op\ReduceLogSumExp\cmake\util\const_var.py","1505","5769FF6128070F83BE6246019212F5930ABEDEA17A2A0D7AEC63C5B6659760B9"
"03_往届冠军仓库快照\R078_github_Brown-Bert_S5\case_310b\ReduceLogSumExp\op\ReduceLogSumExp\cmake\util\gen_impl_and_mrege_json.sh","646","8E62E9A6C1F4D5691417B9B25A4B77BCA4E8ADF26B1D677E1EEE7B013121DE8D"
"03_往届冠军仓库快照\R078_github_Brown-Bert_S5\case_310b\ReduceLogSumExp\op\ReduceLogSumExp\cmake\util\gen_ops_filter.sh","1506","CE87DD1E7FB96BD999C3DDC93CD36F29FBD6A3F3AB75E088C5FDDA1AFC3D3A28"
"03_往届冠军仓库快照\R078_github_Brown-Bert_S5\case_310b\ReduceLogSumExp\op\ReduceLogSumExp\cmake\util\gen_version_info.sh","353","1871CFEF3DD083C81966A95F98C812A19DF8FE0A4C83DFC3CA5BA03DB6E65A9A"
"03_往届冠军仓库快照\R078_github_Brown-Bert_S5\case_310b\ReduceLogSumExp\op\ReduceLogSumExp\cmake\util\insert_op_info.py","1098","A15BAB921F83F74CE42E828EC1D1DD3F4057823F48B44CB138F85ACD906472CB"
"03_往届冠军仓库快照\R078_github_Brown-Bert_S5\case_310b\ReduceLogSumExp\op\ReduceLogSumExp\cmake\util\insert_simplified_keys.py","6668","A1A460FE71424FBD78EF188ECC09C3B76BC9DAA99AE2D48D342DC0128FFA134F"
"03_往届冠军仓库快照\R078_github_Brown-Bert_S5\case_310b\ReduceLogSumExp\op\ReduceLogSumExp\cmake\util\kernel_entry.py","3947","9DF250FFEBB39AC528DB19D76CD1AFD852942AC81C41E48C02A6E3368B3DC7E5"
"03_往届冠军仓库快照\R078_github_Brown-Bert_S5\case_310b\ReduceLogSumExp\op\ReduceLogSumExp\cmake\util\kernel_impl.temp","240","660B98F6111CDD71260984CA38CC289710012291A414E21C4CF1BABB2F1A4AD1"
"03_往届冠军仓库快照\R078_github_Brown-Bert_S5\case_310b\ReduceLogSumExp\op\ReduceLogSumExp\cmake\util\makeself\COPYING","18431","189B1AF95D661151E054CEA10C91B3D754E4DE4D3FECFB074C1FB29476F7167B"
"03_往届冠军仓库快照\R078_github_Brown-Bert_S5\case_310b\ReduceLogSumExp\op\ReduceLogSumExp\cmake\util\makeself\make-release.sh","349","FBD10A2882B5BF82A407E855F0F088E469F4D142AFDD7B3DFDCC808798E374B9"
"03_往届冠军仓库快照\R078_github_Brown-Bert_S5\case_310b\ReduceLogSumExp\op\ReduceLogSumExp\cmake\util\makeself\makeself-header.sh","18618","93AE39674EC8EA07C00245F38CA18365B78787E10DF443049360C051B49B0A97"
"03_往届冠军仓库快照\R078_github_Brown-Bert_S5\case_310b\ReduceLogSumExp\op\ReduceLogSumExp\cmake\util\makeself\makeself.1","3189","1518183932195173D43E85ABC10CFB10366B0A1E3FC61A2D6136B68A78AB15FE"
"03_往届冠军仓库快照\R078_github_Brown-Bert_S5\case_310b\ReduceLogSumExp\op\ReduceLogSumExp\cmake\util\makeself\makeself.lsm","836","270D45704E0F94F39B67369371A063C4E793F4AF5996B273D30ABC281994C1D9"
"03_往届冠军仓库快照\R078_github_Brown-Bert_S5\case_310b\ReduceLogSumExp\op\ReduceLogSumExp\cmake\util\makeself\makeself.sh","25787","40482E4E390F2F3E1C1E06250C31C36814F054DF5254A5CBDD2FE89FD70D9C2B"
"03_往届冠军仓库快照\R078_github_Brown-Bert_S5\case_310b\ReduceLogSumExp\op\ReduceLogSumExp\cmake\util\makeself\README.md","22146","C12F14B92112511DE28B943EDDB8765D3D75D1AEDB23AA49442559C1BE273E4A"
"03_往届冠军仓库快照\R078_github_Brown-Bert_S5\case_310b\ReduceLogSumExp\op\ReduceLogSumExp\cmake\util\makeself\run-tests.sh","192","A9E7846C51870CA216D9620416C29F82466172876909E382CD7600215E766292"
"03_往届冠军仓库快照\R078_github_Brown-Bert_S5\case_310b\ReduceLogSumExp\op\ReduceLogSumExp\cmake\util\makeself\VERSION","7","6117CCF1F1DE058A9243D93A2A0FB0C13BFD3CD3D4DA8E8AAF3C85EABDBEF5B5"
"03_往届冠军仓库快照\R078_github_Brown-Bert_S5\case_310b\ReduceLogSumExp\op\ReduceLogSumExp\cmake\util\merge_aicpu_info_json.sh","1143","AEFF13DF06A408A231344AFDB046A914B0319D95C02547F93E5357B64CDA23EB"
"03_往届冠军仓库快照\R078_github_Brown-Bert_S5\case_310b\ReduceLogSumExp\op\ReduceLogSumExp\cmake\util\opdesc_parser.py","14595","E3CD4BFBCA992EF4E6DB4780D7189D0752540EFB385488E0B515A9C9CB9D0E49"
"03_往届冠军仓库快照\R078_github_Brown-Bert_S5\case_310b\ReduceLogSumExp\op\ReduceLogSumExp\cmake\util\parse_ini_to_json.py","13195","FA25B699BB3EB603849CCCAB152C791F72FF83D246F366DD8F064E9165EAA247"
"03_往届冠军仓库快照\R078_github_Brown-Bert_S5\case_310b\ReduceLogSumExp\op\ReduceLogSumExp\cmake\util\preset_parse.py","861","23C46E652B4411E735E7A6C10EE262E0508C41799E60660E60B5028F317535CB"
"03_往届冠军仓库快照\R078_github_Brown-Bert_S5\case_310b\ReduceLogSumExp\op\ReduceLogSumExp\cmake\util\replay_codegen.py","4527","56F4EEA8AA8CEB6E44795AB8DC5785D3D1D608697385D190564399AC6DC56A18"
"03_往届冠军仓库快照\R078_github_Brown-Bert_S5\case_310b\ReduceLogSumExp\op\ReduceLogSumExp\cmake\util\replay_impl.temp","4207","E66480E82316EEC24DDA34890235F281D0631CF13FBEC631788E586CA7B7B458"
"03_往届冠军仓库快照\R078_github_Brown-Bert_S5\case_310b\ReduceLogSumExp\op\ReduceLogSumExp\cmake\util\tiling_data_def_build.py","4172","93089EA6995DE374AEDBDED2781A75C8F0D2501E691890F269A0E0454F9F55C8"
"03_往届冠军仓库快照\R078_github_Brown-Bert_S5\case_310b\ReduceLogSumExp\op\ReduceLogSumExp\CMakeLists.txt","3307","8547C357858A1960295565B1A794B41E2CB475D4DEE5113C26CB7348D6AEFB55"
"03_往届冠军仓库快照\R078_github_Brown-Bert_S5\case_310b\ReduceLogSumExp\op\ReduceLogSumExp\CMakePresets.json","2230","A8F2CC94FC8C2FCAFCF95A89E11AA1EBA8BA4A04DE82BECDA4F0E221DF2A1334"
"03_往届冠军仓库快照\R078_github_Brown-Bert_S5\case_310b\ReduceLogSumExp\op\ReduceLogSumExp\framework\CMakeLists.txt","396","2B9117B8865AB55A4C4018C86AD230F5C4AFDED78FBBEE939CB0385501C022B6"
"03_往届冠军仓库快照\R078_github_Brown-Bert_S5\case_310b\ReduceLogSumExp\op\ReduceLogSumExp\framework\tf_plugin\CMakeLists.txt","593","632568F858CE5D11D8405EC4C32E23A6403F184247953721C447DB5BF98057C9"
"03_往届冠军仓库快照\R078_github_Brown-Bert_S5\case_310b\ReduceLogSumExp\op\ReduceLogSumExp\framework\tf_plugin\tensorflow_reduce_log_sum_exp_plugin.cc","897","EADBF792C77783D88610CC1D6E36548C152E9111C216D19BBC68C36776DEB4F2"
"03_往届冠军仓库快照\R078_github_Brown-Bert_S5\case_310b\ReduceLogSumExp\op\ReduceLogSumExp\op_host\CMakeLists.txt","6641","3F99E9B8934BF9C16722CC36EB95402AE05D12AE473A7F97F77F1ACA75121402"
"03_往届冠军仓库快照\R078_github_Brown-Bert_S5\case_310b\ReduceLogSumExp\op\ReduceLogSumExp\op_host\reduce_log_sum_exp_tiling.h","541","355600153C91214042D709E59E03998F287BA554E032BF85E18156DFCBEB1A2C"
"03_往届冠军仓库快照\R078_github_Brown-Bert_S5\case_310b\ReduceLogSumExp\op\ReduceLogSumExp\op_host\reduce_log_sum_exp.cpp","3807","A8FF1A4FEAAD4FAE6D6ECD8018A1EED183F88ADA928C1D4135FE79B7E8049DB2"
"03_往届冠军仓库快照\R078_github_Brown-Bert_S5\case_310b\ReduceLogSumExp\op\ReduceLogSumExp\op_kernel\CMakeLists.txt","160","28DB4CC809D625D8A352D6078635873484A8D90CF5645711D0FD4FDC6AA6DA81"
"03_往届冠军仓库快照\R078_github_Brown-Bert_S5\case_310b\ReduceLogSumExp\op\ReduceLogSumExp\op_kernel\reduce_log_sum_exp.cpp","2215","94D59971A80F471C23E1B13997897350978C3F42CA7DE284FAB530165E33F711"
"03_往届冠军仓库快照\R078_github_Brown-Bert_S5\case_310b\ReduceLogSumExp\op\ReduceLogSumExp\scripts\help.info","81","27067F1EC0A23A694AE80EC4A05BC68415A284FBAF509B1A9CC0234035C61E5B"
"03_往届冠军仓库快照\R078_github_Brown-Bert_S5\case_310b\ReduceLogSumExp\op\ReduceLogSumExp\scripts\install.sh","9881","02862BAF881E9EBFA0EB5F43BE11932391E2B1EDC1D6C1C508812B5410C04181"
"03_往届冠军仓库快照\R078_github_Brown-Bert_S5\case_310b\ReduceLogSumExp\op\ReduceLogSumExp\scripts\upgrade.sh","4151","DDF117CFD96BF93194F66A8C4C7A298A263254107D1EFAE8F2081F0626E4C1F7"
"03_往届冠军仓库快照\R078_github_Brown-Bert_S5\case_310b\ReduceLogSumExp\op\zip_op.sh","440","65E7E3B9C67D4F53B93248A72524E798BE7898684EF173A2A72663DFA547E9F4"
"03_往届冠军仓库快照\R078_github_Brown-Bert_S5\case_310b\ReduceLogSumExp\reduce_log_sum_expt.cpp","57188","3C99E1B0463A74FD5D61066DC27F22BE5F4DE1D50F5729AEAC7D7D2E762A28D0"
"03_往届冠军仓库快照\R078_github_Brown-Bert_S5\case_310b\ReduceLogSumExp\run.sh","966","C88D2C844C9F8392B4F5E34640347CF5A0379237888E59B3C62E5D745ECB0EE9"
"03_往届冠军仓库快照\R078_github_Brown-Bert_S5\case_310b\ReduceLogSumExp\setup.py","790","6826B7E7D048502FFBA87282BA1DA669458DDDEF61C8B114BF988AC72F0C0DF6"
"03_往届冠军仓库快照\R078_github_Brown-Bert_S5\case_310b\ReduceLogSumExp\test_op.py","2787","AF59379B1C026B100B706E000AE554696B15BDC82FECAD7AA50DD148EFB774CC"
"03_往届冠军仓库快照\R078_github_Brown-Bert_S5\case_310b\Sort\common\pytorch_npu_helper.hpp","23645","0CEF79DA17674A0E68B56091BB4D26FA77806CE5B04E9CAE52079692821DA395"
"03_往届冠军仓库快照\R078_github_Brown-Bert_S5\case_310b\Sort\extension\custom_op.cpp","1359","565575741DA40ECC81298484B928853586FB47DC6E672BB65C56856540399CFE"
"03_往届冠军仓库快照\R078_github_Brown-Bert_S5\case_310b\Sort\get_time.py","782","A223697B4DDDEFB587A9A29E4FD85DFE88794082B7A2AED83E6F5F23234ED606"
"03_往届冠军仓库快照\R078_github_Brown-Bert_S5\case_310b\Sort\op\Sort_zip\custom_opp_ubuntu_aarch64.run","185994","D21CB6BCC77FDEEB22B1AA33484693B431FA29DB3F134ECF8208B210C0E7FDA5"
"03_往届冠军仓库快照\R078_github_Brown-Bert_S5\case_310b\Sort\op\Sort_zip\op_host\CMakeLists.txt","6641","3F99E9B8934BF9C16722CC36EB95402AE05D12AE473A7F97F77F1ACA75121402"
"03_往届冠军仓库快照\R078_github_Brown-Bert_S5\case_310b\Sort\op\Sort_zip\op_host\sort_tiling.h","540","6E375826CEB09E46302A69F08CDC25A138E77521AD87914DE87D4B0E7F4CE57A"
"03_往届冠军仓库快照\R078_github_Brown-Bert_S5\case_310b\Sort\op\Sort_zip\op_host\sort.cpp","4654","B300DAC07859505E5A74810213B79822FE37292F1DABEDEC09A30438AD341BC5"
"03_往届冠军仓库快照\R078_github_Brown-Bert_S5\case_310b\Sort\op\Sort_zip\op_kernel\CMakeLists.txt","160","28DB4CC809D625D8A352D6078635873484A8D90CF5645711D0FD4FDC6AA6DA81"
"03_往届冠军仓库快照\R078_github_Brown-Bert_S5\case_310b\Sort\op\Sort_zip\op_kernel\sort.cpp","3423","776EDCD085A530DAFC5A90D7BB1D9DE468920E6B76F478578B538A10CB0D2AB9"
"03_往届冠军仓库快照\R078_github_Brown-Bert_S5\case_310b\Sort\op\sort.json","2501","0E2A28C58F6725C01713C18D7A53B8044DA29382C05F3C6F4D50C16109195AF1"
"03_往届冠军仓库快照\R078_github_Brown-Bert_S5\case_310b\Sort\op\Sort.zip","177416","F6464F55077D76A8FDC0CC2F0135D18C4B4EE8724B0304C176D45A242E8CD74A"
"03_往届冠军仓库快照\R078_github_Brown-Bert_S5\case_310b\Sort\op\Sort\build_out\_CPack_Packages\Linux\External\custom_opp_ubuntu_aarch64.run.json","757","71216EBC2080B14547125174140FC274FD5256EB9053ADDFC15F0FD6F3D61592"
"03_往届冠军仓库快照\R078_github_Brown-Bert_S5\case_310b\Sort\op\Sort\build_out\_CPack_Packages\Linux\External\custom_opp_ubuntu_aarch64.run\custom_opp_ubuntu_aarch64.run","185994","D21CB6BCC77FDEEB22B1AA33484693B431FA29DB3F134ECF8208B210C0E7FDA5"
"03_往届冠军仓库快照\R078_github_Brown-Bert_S5\case_310b\Sort\op\Sort\build_out\_CPack_Packages\Linux\External\custom_opp_ubuntu_aarch64.run\help.info","81","27067F1EC0A23A694AE80EC4A05BC68415A284FBAF509B1A9CC0234035C61E5B"
"03_往届冠军仓库快照\R078_github_Brown-Bert_S5\case_310b\Sort\op\Sort\build_out\_CPack_Packages\Linux\External\custom_opp_ubuntu_aarch64.run\install.sh","9881","02862BAF881E9EBFA0EB5F43BE11932391E2B1EDC1D6C1C508812B5410C04181"
"03_往届冠军仓库快照\R078_github_Brown-Bert_S5\case_310b\Sort\op\Sort\build_out\_CPack_Packages\Linux\External\custom_opp_ubuntu_aarch64.run\packages\vendors\customize\framework\tensorflow\libcust_tf_parsers.so","10160","6C945FD8A857F0B9CB809E667DA5D17DCA0700894152FF21F2C9FDE86BFC824B"
"03_往届冠军仓库快照\R078_github_Brown-Bert_S5\case_310b\Sort\op\Sort\build_out\_CPack_Packages\Linux\External\custom_opp_ubuntu_aarch64.run\packages\vendors\customize\framework\tensorflow\npu_supported_ops.json","68","AF39D9C172B58BB53CACE6374092C9E42DDEF337385CF4F028B0EAAE4050F092"
"03_往届冠军仓库快照\R078_github_Brown-Bert_S5\case_310b\Sort\op\Sort\build_out\_CPack_Packages\Linux\External\custom_opp_ubuntu_aarch64.run\packages\vendors\customize\op_api\include\aclnn_sort.h","1189","25F221B0F9E13E977A1062A5CF3E9C457F6CD17FE8995C3E74799AF07B3B0B54"
"03_往届冠军仓库快照\R078_github_Brown-Bert_S5\case_310b\Sort\op\Sort\build_out\_CPack_Packages\Linux\External\custom_opp_ubuntu_aarch64.run\packages\vendors\customize\op_api\lib\libcust_opapi.so","14520","8EEF9A8339E736C4FF4F2154BA30E574C1BE2EBD41B4A3D1C32F642A950F81EB"
"03_往届冠军仓库快照\R078_github_Brown-Bert_S5\case_310b\Sort\op\Sort\build_out\_CPack_Packages\Linux\External\custom_opp_ubuntu_aarch64.run\packages\vendors\customize\op_impl\ai_core\tbe\config\ascend310b\aic-ascend310b-ops-info.json","2037","63A4EB20D9989BB793B7E844D3230B671BB5215D25066DD9E06FE05F33E0A412"
"03_往届冠军仓库快照\R078_github_Brown-Bert_S5\case_310b\Sort\op\Sort\build_out\_CPack_Packages\Linux\External\custom_opp_ubuntu_aarch64.run\packages\vendors\customize\op_impl\ai_core\tbe\customize_impl\dynamic\sort.cpp","3423","776EDCD085A530DAFC5A90D7BB1D9DE468920E6B76F478578B538A10CB0D2AB9"
"03_往届冠军仓库快照\R078_github_Brown-Bert_S5\case_310b\Sort\op\Sort\build_out\_CPack_Packages\Linux\External\custom_opp_ubuntu_aarch64.run\packages\vendors\customize\op_impl\ai_core\tbe\customize_impl\dynamic\sort.py","10111","21A20481C34447432FE5EDA3C2F208DF1934845E34F8DE463A1DB420D1EFE33E"
"03_往届冠军仓库快照\R078_github_Brown-Bert_S5\case_310b\Sort\op\Sort\build_out\_CPack_Packages\Linux\External\custom_opp_ubuntu_aarch64.run\packages\vendors\customize\op_impl\ai_core\tbe\kernel\config\ascend310b\binary_info_config.json","3728","D940EBA4203CFF9B1FB1E6877121D52A6F0EFC2821A21870EF05FB6F65931C02"
"03_往届冠军仓库快照\R078_github_Brown-Bert_S5\case_310b\Sort\op\Sort\build_out\_CPack_Packages\Linux\External\custom_opp_ubuntu_aarch64.run\packages\vendors\customize\op_impl\ai_core\tbe\kernel\config\ascend310b\sort.json","13442","4FB1F73C8BF48CDA6A5447CF8C79D3F9A6B1046CDB7CAF58D6AB14045E5EDB23"
"03_往届冠军仓库快照\R078_github_Brown-Bert_S5\case_310b\Sort\op\Sort\build_out\_CPack_Packages\Linux\External\custom_opp_ubuntu_aarch64.run\packages\vendors\customize\op_impl\ai_core\tbe\op_tiling\liboptiling.so","174032","4C5120C71CD43A2F77DBAB028EF548BEAEDFE90CD67B5E5C12BCB150B1200A2A"
"03_往届冠军仓库快照\R078_github_Brown-Bert_S5\case_310b\Sort\op\Sort\build_out\_CPack_Packages\Linux\External\custom_opp_ubuntu_aarch64.run\packages\vendors\customize\op_proto\inc\op_proto.h","414","0A935B53800223F29D900BD338E2AB7421C4424DFA33D0A677DF3BF4F0299695"
"03_往届冠军仓库快照\R078_github_Brown-Bert_S5\case_310b\Sort\op\Sort\build_out\_CPack_Packages\Linux\External\custom_opp_ubuntu_aarch64.run\packages\vendors\customize\op_proto\lib\linux\aarch64\libcust_opsproto_rt2.0.so","186320","28FAF931085E04406404711627C8DA0BEBE01A546E45F557F62F46B9FE08B0AB"
"03_往届冠军仓库快照\R078_github_Brown-Bert_S5\case_310b\Sort\op\Sort\build_out\_CPack_Packages\Linux\External\custom_opp_ubuntu_aarch64.run\packages\vendors\customize\version.info","41","933E1E3BBA7C2A4B8D5F3F985CA7BF811A5E5DC7B0F6B17116992B5B076900F6"
"03_往届冠军仓库快照\R078_github_Brown-Bert_S5\case_310b\Sort\op\Sort\build_out\_CPack_Packages\Linux\External\custom_opp_ubuntu_aarch64.run\upgrade.sh","4151","DDF117CFD96BF93194F66A8C4C7A298A263254107D1EFAE8F2081F0626E4C1F7"
"03_往届冠军仓库快照\R078_github_Brown-Bert_S5\case_310b\Sort\op\Sort\build_out\autogen\aclnn_sort.cpp","10506","8832DAF8286270F54BF0369DA42406EAF47A9DF8B54E23F5CCB715D0062A3290"
"03_往届冠军仓库快照\R078_github_Brown-Bert_S5\case_310b\Sort\op\Sort\build_out\autogen\aclnn_sort.h","1189","25F221B0F9E13E977A1062A5CF3E9C457F6CD17FE8995C3E74799AF07B3B0B54"
"03_往届冠军仓库快照\R078_github_Brown-Bert_S5\case_310b\Sort\op\Sort\build_out\autogen\aic-ascend310b-ops-info.ini","1227","CAEF8C8DC349787CD4A47CD6EAC4402F9314A1CA6D3C9BB9E9ADA219FDA6FD8B"
"03_往届冠军仓库快照\R078_github_Brown-Bert_S5\case_310b\Sort\op\Sort\build_out\autogen\custom_compile_options.ini","0","E3B0C44298FC1C149AFBF4C8996FB92427AE41E4649B934CA495991B7852B855"
"03_往届冠军仓库快照\R078_github_Brown-Bert_S5\case_310b\Sort\op\Sort\build_out\autogen\custom_opc_options.ini","0","E3B0C44298FC1C149AFBF4C8996FB92427AE41E4649B934CA495991B7852B855"
"03_往届冠军仓库快照\R078_github_Brown-Bert_S5\case_310b\Sort\op\Sort\build_out\autogen\libascend_all_ops.so","1147008","15E2E32F79E6A27DFBA1483E031F9F778ABD9D063555BA8DA40F44E148ECDAB4"
"03_往届冠军仓库快照\R078_github_Brown-Bert_S5\case_310b\Sort\op\Sort\build_out\autogen\op_proto.cc","46","DC083979E3347BD043D9C87DFE57082A78F868F5FE310AD96738B8754456DF68"
"03_往届冠军仓库快照\R078_github_Brown-Bert_S5\case_310b\Sort\op\Sort\build_out\autogen\op_proto.h","414","0A935B53800223F29D900BD338E2AB7421C4424DFA33D0A677DF3BF4F0299695"
"03_往届冠军仓库快照\R078_github_Brown-Bert_S5\case_310b\Sort\op\Sort\build_out\cmake_install.cmake","3201","0A36B37FDE1936FA5B59358166DACD028C602CB47F8949EAC3BBE6E643E6BB88"
"03_往届冠军仓库快照\R078_github_Brown-Bert_S5\case_310b\Sort\op\Sort\build_out\CMakeCache.txt","16163","FBE17FFF4A9B0E6E97629D2D42CBABC8C18CBC339DAB8DE9DDF8D2714015DDC7"
"03_往届冠军仓库快照\R078_github_Brown-Bert_S5\case_310b\Sort\op\Sort\build_out\CMakeFiles\3.22.1\CMakeCCompiler.cmake","2520","3B3A7F650261019B4EB3C93FA19EBA3F6875C17F6CD969DA5A47EBF25B8771F4"
"03_往届冠军仓库快照\R078_github_Brown-Bert_S5\case_310b\Sort\op\Sort\build_out\CMakeFiles\3.22.1\CMakeCXXCompiler.cmake","5530","FD8D3A76BC6108C13BD6D3B024586E14C90C4EBF7DC983BFFB2874385DE97543"
"03_往届冠军仓库快照\R078_github_Brown-Bert_S5\case_310b\Sort\op\Sort\build_out\CMakeFiles\3.22.1\CMakeDetermineCompilerABI_C.bin","9024","3EBC4D23B6D4351D2999BE35D493A2C07BDF7D09991F77FB91DE2C100AB65EF1"
"03_往届冠军仓库快照\R078_github_Brown-Bert_S5\case_310b\Sort\op\Sort\build_out\CMakeFiles\3.22.1\CMakeDetermineCompilerABI_CXX.bin","9048","693F615E2D8427B73BA1C01AD03D313D3A4E2572B120FC49E5BB25218C2373B5"
"03_往届冠军仓库快照\R078_github_Brown-Bert_S5\case_310b\Sort\op\Sort\build_out\CMakeFiles\3.22.1\CMakeSystem.cmake","379","5F549207C0F3A1948F4D794F24E4E03DB9D6F6EB672A5B7EDCBD4A30329673E2"
"03_往届冠军仓库快照\R078_github_Brown-Bert_S5\case_310b\Sort\op\Sort\build_out\CMakeFiles\3.22.1\CompilerIdC\a.out","9168","D828DD0248B6DA383BAB6694ACFBD14FE4529EC97CA8C04503CC1E7C998529FA"
"03_往届冠军仓库快照\R078_github_Brown-Bert_S5\case_310b\Sort\op\Sort\build_out\CMakeFiles\3.22.1\CompilerIdC\CMakeCCompilerId.c","25656","A5BC5D659352BB93E28CE0EC49B3B97490ECC65AFCE5456F43D04795D0AD627F"
"03_往届冠军仓库快照\R078_github_Brown-Bert_S5\case_310b\Sort\op\Sort\build_out\CMakeFiles\3.22.1\CompilerIdCXX\a.out","9176","2FC725BC9AF23D27285BDE2CA8B8A47492DF5119CB4522A96DF56C90A2DB3CEC"
"03_往届冠军仓库快照\R078_github_Brown-Bert_S5\case_310b\Sort\op\Sort\build_out\CMakeFiles\3.22.1\CompilerIdCXX\CMakeCXXCompilerId.cpp","25388","6EE4286C9B42405EE114CCF00A8AE3093B7C2FF079CAE1A946AF11D96A5898AB"
"03_往届冠军仓库快照\R078_github_Brown-Bert_S5\case_310b\Sort\op\Sort\build_out\CMakeFiles\cmake.check_cache","86","95079B44BCEF481D601432C2FD3C654D7FE85B9C8386C355F2874502B47441D7"
"03_往届冠军仓库快照\R078_github_Brown-Bert_S5\case_310b\Sort\op\Sort\build_out\CMakeFiles\CMakeDirectoryInformation.cmake","694","53E9CB47DA5820C184E303053F6716CC6E463A2BE5CEA48F462C278813FE9911"
"03_往届冠军仓库快照\R078_github_Brown-Bert_S5\case_310b\Sort\op\Sort\build_out\CMakeFiles\CMakeOutput.log","45983","258854136D36F59A9EEF25256F28362238F82F980F8158EFAB7BE5505F9D83A7"
"03_往届冠军仓库快照\R078_github_Brown-Bert_S5\case_310b\Sort\op\Sort\build_out\CMakeFiles\CMakeRuleHashes.txt","789","7CF9BEF7331EAE35F2EC5862D9FD37B082F9B34DE23BA84B776DA907B1EAA952"
"03_往届冠军仓库快照\R078_github_Brown-Bert_S5\case_310b\Sort\op\Sort\build_out\CMakeFiles\gen_version_info.dir\build.make","2987","2AE6AC82B5F03D95A16316945FFA12FC485AB5F117B8E95FBA16B830BBF1B52F"
"03_往届冠军仓库快照\R078_github_Brown-Bert_S5\case_310b\Sort\op\Sort\build_out\CMakeFiles\gen_version_info.dir\cmake_clean.cmake","222","4F2E6BEAB2858B48596AF6ECB2771BBD5A1F45DD0D6227DCB9C30A95DE6E893D"
"03_往届冠军仓库快照\R078_github_Brown-Bert_S5\case_310b\Sort\op\Sort\build_out\CMakeFiles\gen_version_info.dir\compiler_depend.make","128","FECC2108B4CF660AC621247C7E73158DC4D4E2CF317F54CAC18DD6A635CE27DF"
"03_往届冠军仓库快照\R078_github_Brown-Bert_S5\case_310b\Sort\op\Sort\build_out\CMakeFiles\gen_version_info.dir\compiler_depend.ts","122","73664F9E3F477A28D415F783D5FC1E8DE5B9F90B186D329126EBCE6E38A83E44"
"03_往届冠军仓库快照\R078_github_Brown-Bert_S5\case_310b\Sort\op\Sort\build_out\CMakeFiles\gen_version_info.dir\DependInfo.cmake","441","2C4D7F0C8064DD3E7C5E136231230F197B6DFA2ADC123C7CAA6ADCA96977CD8B"
"03_往届冠军仓库快照\R078_github_Brown-Bert_S5\case_310b\Sort\op\Sort\build_out\CMakeFiles\gen_version_info.dir\progress.make","2","7EB70257593DA06F682A3DDDA54A9D260D4FC514F645237F5CA74B08F8DA61A6"
"03_往届冠军仓库快照\R078_github_Brown-Bert_S5\case_310b\Sort\op\Sort\build_out\CMakeFiles\Makefile.cmake","8585","161B382210BB3B96144E24363A4FADCECAE6835ECCD085E191427FFB0A8FA20F"
"03_往届冠军仓库快照\R078_github_Brown-Bert_S5\case_310b\Sort\op\Sort\build_out\CMakeFiles\Makefile2","25001","6FEFD1ECE65E869EA101E50DE20EB18D6875C98079B71B8A60DBA54D889FF45B"
"03_往届冠军仓库快照\R078_github_Brown-Bert_S5\case_310b\Sort\op\Sort\build_out\CMakeFiles\modify_vendor.dir\build.make","3581","5CE8DB84CA08CE6FB8AA88E95848E952F97C9827F515196E7EB408FA821D5FCC"
"03_往届冠军仓库快照\R078_github_Brown-Bert_S5\case_310b\Sort\op\Sort\build_out\CMakeFiles\modify_vendor.dir\cmake_clean.cmake","264","2D5DDE10F3FC1047BA7B1C27F41CE8E3738B64F3C31587E35F9A459EA48B13A3"
"03_往届冠军仓库快照\R078_github_Brown-Bert_S5\case_310b\Sort\op\Sort\build_out\CMakeFiles\modify_vendor.dir\compiler_depend.make","125","34AF02E58A00F9D633AF1B15C9DA951C4054A974E18153127C92EF21D890C2F6"
"03_往届冠军仓库快照\R078_github_Brown-Bert_S5\case_310b\Sort\op\Sort\build_out\CMakeFiles\modify_vendor.dir\compiler_depend.ts","119","4A652558AA324FAA12E57A4AF5AEB3814210E8D464113A6690BE726AF6BBE24D"
"03_往届冠军仓库快照\R078_github_Brown-Bert_S5\case_310b\Sort\op\Sort\build_out\CMakeFiles\modify_vendor.dir\DependInfo.cmake","694","A8BDC8D385C2DD6DF3B1CA53A037C4AAADBF38CC635FC4F3CE9118114CB12A21"
"03_往届冠军仓库快照\R078_github_Brown-Bert_S5\case_310b\Sort\op\Sort\build_out\CMakeFiles\modify_vendor.dir\progress.make","25","1BA5889C49F61C256A2F5F3D974802A66B61ABD750D4844F8226BA2B2BF972F9"
"03_往届冠军仓库快照\R078_github_Brown-Bert_S5\case_310b\Sort\op\Sort\build_out\CMakeFiles\progress.marks","4","F2BF6CB915EC521520920F625E9A641F22BAE7808A5F5DB7867C431C1A79440F"
"03_往届冠军仓库快照\R078_github_Brown-Bert_S5\case_310b\Sort\op\Sort\build_out\CMakeFiles\TargetDirectories.txt","5027","F1F535FFFEF2B851D2EC923867DCD9C8DD68B8D335BDB650E9582DD621E50C8C"
"03_往届冠军仓库快照\R078_github_Brown-Bert_S5\case_310b\Sort\op\Sort\build_out\CPackConfig.cmake","3732","ED5F7FE677AD99A0D7013AE899D3E97E973E23F72019F530124DC298FCA5526E"
"03_往届冠军仓库快照\R078_github_Brown-Bert_S5\case_310b\Sort\op\Sort\build_out\CPackSourceConfig.cmake","4188","D95E14EC1E73BE5F88F12F304116204749C60989D3C76C1E4F83523E330B14FE"
"03_往届冠军仓库快照\R078_github_Brown-Bert_S5\case_310b\Sort\op\Sort\build_out\custom_opp_ubuntu_aarch64.run","185994","D21CB6BCC77FDEEB22B1AA33484693B431FA29DB3F134ECF8208B210C0E7FDA5"
"03_往届冠军仓库快照\R078_github_Brown-Bert_S5\case_310b\Sort\op\Sort\build_out\custom_opp_ubuntu_aarch64.run.json","757","71216EBC2080B14547125174140FC274FD5256EB9053ADDFC15F0FD6F3D61592"
"03_往届冠军仓库快照\R078_github_Brown-Bert_S5\case_310b\Sort\op\Sort\build_out\framework\cmake_install.cmake","1577","EBD174717F02214A8E6FC2FE6AD498D1427C89859ADD129E3A7C341524FF5B71"
"03_往届冠军仓库快照\R078_github_Brown-Bert_S5\case_310b\Sort\op\Sort\build_out\framework\CMakeFiles\CMakeDirectoryInformation.cmake","694","53E9CB47DA5820C184E303053F6716CC6E463A2BE5CEA48F462C278813FE9911"
"03_往届冠军仓库快照\R078_github_Brown-Bert_S5\case_310b\Sort\op\Sort\build_out\framework\CMakeFiles\progress.marks","3","DF4E26A04A444901B95AFEF44E4A96CFAE34690FFF2AD2C66389C70079CDFF2B"
"03_往届冠军仓库快照\R078_github_Brown-Bert_S5\case_310b\Sort\op\Sort\build_out\framework\Makefile","7760","8FD0C946361E4D724F4CB5F3CFB55615C9D7732887B267B964F8BCFBC5A70EB9"
"03_往届冠军仓库快照\R078_github_Brown-Bert_S5\case_310b\Sort\op\Sort\build_out\framework\tf_plugin\cmake_install.cmake","2958","7E83B5198F4DB1A712570AE901BD6B4C40775087991F0780DE282604BC6D3A19"
"03_往届冠军仓库快照\R078_github_Brown-Bert_S5\case_310b\Sort\op\Sort\build_out\framework\tf_plugin\CMakeFiles\CMakeDirectoryInformation.cmake","694","53E9CB47DA5820C184E303053F6716CC6E463A2BE5CEA48F462C278813FE9911"
"03_往届冠军仓库快照\R078_github_Brown-Bert_S5\case_310b\Sort\op\Sort\build_out\framework\tf_plugin\CMakeFiles\cust_tf_parsers.dir\build.make","6428","F759E45AD1081FEAC6FD145D83853F7EF7C575FB627F26C3E03D0F6AE1B7FF29"
"03_往届冠军仓库快照\R078_github_Brown-Bert_S5\case_310b\Sort\op\Sort\build_out\framework\tf_plugin\CMakeFiles\cust_tf_parsers.dir\cmake_clean.cmake","376","B3F3E648FC4B77A583E4476E7A4E081FF0667BB2C2705C273AA2CA357DE1ABB7"
"03_往届冠军仓库快照\R078_github_Brown-Bert_S5\case_310b\Sort\op\Sort\build_out\framework\tf_plugin\CMakeFiles\cust_tf_parsers.dir\compiler_depend.internal","10327","F8E2FD11F46D5CCB652B556B27FB30064D6C41C52892CFF81E16FD846F318A26"
"03_往届冠军仓库快照\R078_github_Brown-Bert_S5\case_310b\Sort\op\Sort\build_out\framework\tf_plugin\CMakeFiles\cust_tf_parsers.dir\compiler_depend.make","20988","AD7659EFEF9C5E5996A8C3143B6C9398E7DA1A7A16D526415C613A2F382E2DF7"
"03_往届冠军仓库快照\R078_github_Brown-Bert_S5\case_310b\Sort\op\Sort\build_out\framework\tf_plugin\CMakeFiles\cust_tf_parsers.dir\compiler_depend.ts","124","3C7672CAEC6C89C9EE4468D6EAAD05460BAEFDA90453715ED92FE54E97F37287"
"03_往届冠军仓库快照\R078_github_Brown-Bert_S5\case_310b\Sort\op\Sort\build_out\framework\tf_plugin\CMakeFiles\cust_tf_parsers.dir\depend.make","101","9B59CB499916FA83237D586252B6E7C4FCC850E75D3844311145ADB364277AA3"
"03_往届冠军仓库快照\R078_github_Brown-Bert_S5\case_310b\Sort\op\Sort\build_out\framework\tf_plugin\CMakeFiles\cust_tf_parsers.dir\DependInfo.cmake","709","FF476A9CD31E99E7242A89D9E657A873746ACF95B50C062ED50E0B2EF281D8D0"
"03_往届冠军仓库快照\R078_github_Brown-Bert_S5\case_310b\Sort\op\Sort\build_out\framework\tf_plugin\CMakeFiles\cust_tf_parsers.dir\flags.make","492","526414588C8709091A9A7AA0D025BD0F334D84659B35EA5D7CD25AA277959C3F"
"03_往届冠军仓库快照\R078_github_Brown-Bert_S5\case_310b\Sort\op\Sort\build_out\framework\tf_plugin\CMakeFiles\cust_tf_parsers.dir\link.txt","310","C800088A4078989616CA8C919BC7C3C40CAF2388507A843946A11C252EAABFCD"
"03_往届冠军仓库快照\R078_github_Brown-Bert_S5\case_310b\Sort\op\Sort\build_out\framework\tf_plugin\CMakeFiles\cust_tf_parsers.dir\progress.make","46","A3721D65A41B3B911AE3FC23DE007CAD987ABE746629D119125A65EDE4CFF06D"
"03_往届冠军仓库快照\R078_github_Brown-Bert_S5\case_310b\Sort\op\Sort\build_out\framework\tf_plugin\CMakeFiles\cust_tf_parsers.dir\tensorflow_sort_plugin.cc.o","10432","41E9C8D981E5B2FCA83D4E43B9BBAF7515951E61E8A325346103D3A5F2C0698C"
"03_往届冠军仓库快照\R078_github_Brown-Bert_S5\case_310b\Sort\op\Sort\build_out\framework\tf_plugin\CMakeFiles\cust_tf_parsers.dir\tensorflow_sort_plugin.cc.o.d","10541","CD8AC662B6A61D26821C3D6A22A280109C20DD55091261767D0163B9532A5384"
"03_往届冠军仓库快照\R078_github_Brown-Bert_S5\case_310b\Sort\op\Sort\build_out\framework\tf_plugin\CMakeFiles\progress.marks","3","DF4E26A04A444901B95AFEF44E4A96CFAE34690FFF2AD2C66389C70079CDFF2B"
"03_往届冠军仓库快照\R078_github_Brown-Bert_S5\case_310b\Sort\op\Sort\build_out\framework\tf_plugin\libcust_tf_parsers.so","10160","205E70340E7516B5C57F9D2B3B758D916B221413CBB5CD23A37EAE95A61E6B7E"
"03_往届冠军仓库快照\R078_github_Brown-Bert_S5\case_310b\Sort\op\Sort\build_out\framework\tf_plugin\Makefile","10005","4884AF625475D179F6055870A778C5AF54743D275CD86E15165D4C41C7C8669B"
"03_往届冠军仓库快照\R078_github_Brown-Bert_S5\case_310b\Sort\op\Sort\build_out\install_manifest.txt","6344","81F84E722263FEEE1EF1ABCBD3DE648E7BBE6C27DE7A229235469DBB8F27210A"
"03_往届冠军仓库快照\R078_github_Brown-Bert_S5\case_310b\Sort\op\Sort\build_out\Makefile","13656","247DEA57C1268FCEDF57497EA888F0080D78CE84624A408AC85AFEB3F131BFC7"
"03_往届冠军仓库快照\R078_github_Brown-Bert_S5\case_310b\Sort\op\Sort\build_out\op_host\cmake_install.cmake","7181","14932BBA963BC375245EE5565FB78EA7992DBD402EFA926CE258818145093393"
"03_往届冠军仓库快照\R078_github_Brown-Bert_S5\case_310b\Sort\op\Sort\build_out\op_host\CMakeFiles\CMakeDirectoryInformation.cmake","694","53E9CB47DA5820C184E303053F6716CC6E463A2BE5CEA48F462C278813FE9911"
"03_往届冠军仓库快照\R078_github_Brown-Bert_S5\case_310b\Sort\op\Sort\build_out\op_host\CMakeFiles\cust_op_proto.dir\__\autogen\op_proto.cc.o","65928","36DC9650A84DDCA555BE75439771FA88CCF11B020D7A7DE94A92444C651F9054"
"03_往届冠军仓库快照\R078_github_Brown-Bert_S5\case_310b\Sort\op\Sort\build_out\op_host\CMakeFiles\cust_op_proto.dir\__\autogen\op_proto.cc.o.d","15330","7E7DF2A5DE773C182499375370396E2FCCAA026BF99B6FADF99378AE60A875ED"
"03_往届冠军仓库快照\R078_github_Brown-Bert_S5\case_310b\Sort\op\Sort\build_out\op_host\CMakeFiles\cust_op_proto.dir\build.make","7731","E438CE8B5EE05739A7DF83A66D9EF8A71B532D402732EF105F8FE09B420AFDE6"
"03_往届冠军仓库快照\R078_github_Brown-Bert_S5\case_310b\Sort\op\Sort\build_out\op_host\CMakeFiles\cust_op_proto.dir\cmake_clean.cmake","464","07AA5BFE31E0F9A4F2EE6AFD4483A3026BE81834E742EE47A5405DE03F3328CF"
"03_往届冠军仓库快照\R078_github_Brown-Bert_S5\case_310b\Sort\op\Sort\build_out\op_host\CMakeFiles\cust_op_proto.dir\compiler_depend.internal","30597","7DCB6284C7C62568E0191046CCEED6A8A49A6E0D05261094A6BC742641EAA26B"
"03_往届冠军仓库快照\R078_github_Brown-Bert_S5\case_310b\Sort\op\Sort\build_out\op_host\CMakeFiles\cust_op_proto.dir\compiler_depend.make","46920","26B28EE38220D40B57317DE9A9D2B146FA204431B34DAEF0C015982FAB28B975"
"03_往届冠军仓库快照\R078_github_Brown-Bert_S5\case_310b\Sort\op\Sort\build_out\op_host\CMakeFiles\cust_op_proto.dir\compiler_depend.ts","122","746DB2524BA04C5FBDCF35FA80ED520F1B259E1CAFAFFF7074127558AF699CED"
"03_往届冠军仓库快照\R078_github_Brown-Bert_S5\case_310b\Sort\op\Sort\build_out\op_host\CMakeFiles\cust_op_proto.dir\depend.make","99","2DD5080ABB4D8DCCE8A17C02E0B4C7D82F06DA6C3409FDC379D5150DF40DA037"
"03_往届冠军仓库快照\R078_github_Brown-Bert_S5\case_310b\Sort\op\Sort\build_out\op_host\CMakeFiles\cust_op_proto.dir\DependInfo.cmake","836","3E501511DE423C7E32E4379AFBE49B375B12810BAC218A078981204A4107716B"
"03_往届冠军仓库快照\R078_github_Brown-Bert_S5\case_310b\Sort\op\Sort\build_out\op_host\CMakeFiles\cust_op_proto.dir\flags.make","481","21C49C1A51A442EC2C1F8942D396F6AE7AB5F490E580CF0E393847BB3E755159"
"03_往届冠军仓库快照\R078_github_Brown-Bert_S5\case_310b\Sort\op\Sort\build_out\op_host\CMakeFiles\cust_op_proto.dir\link.txt","439","B48EED0AE65BA1C6339649D26EA95A7F5B9FF0993EE5DCFC479E7711AC488CD2"
"03_往届冠军仓库快照\R078_github_Brown-Bert_S5\case_310b\Sort\op\Sort\build_out\op_host\CMakeFiles\cust_op_proto.dir\progress.make","68","2FD1599278D658BFDFC128189954161817A5CCAF8A3EF6D6A0B6423B2A38216B"
"03_往届冠军仓库快照\R078_github_Brown-Bert_S5\case_310b\Sort\op\Sort\build_out\op_host\CMakeFiles\cust_op_proto.dir\sort.cpp.o","87048","DEEE26371E156D1056F4962D7C6CBFBD96EACA6B339A2BB93241DA11E48E3A06"
"03_往届冠军仓库快照\R078_github_Brown-Bert_S5\case_310b\Sort\op\Sort\build_out\op_host\CMakeFiles\cust_op_proto.dir\sort.cpp.o.d","16082","86C3A73047FDDB1044F5DAB4C305ACAB2D432F0D608A2A0AD74B79804BA1EDB0"
"03_往届冠军仓库快照\R078_github_Brown-Bert_S5\case_310b\Sort\op\Sort\build_out\op_host\CMakeFiles\cust_opapi.dir\__\autogen\aclnn_sort.cpp.o","14776","CF57564534B473977181C4AF2BE50ECB0A470A4E216DA533430F8B39D18AED77"
"03_往届冠军仓库快照\R078_github_Brown-Bert_S5\case_310b\Sort\op\Sort\build_out\op_host\CMakeFiles\cust_opapi.dir\__\autogen\aclnn_sort.cpp.o.d","7870","BE15572F514F82A50C7EE6F680E6802F4A38B243A7D7F571A76171DC97D6E1AF"
"03_往届冠军仓库快照\R078_github_Brown-Bert_S5\case_310b\Sort\op\Sort\build_out\op_host\CMakeFiles\cust_opapi.dir\build.make","5750","6C5D5FBE0F32C923864FFC761899520FA1F08B4E9D7261AB74DCE239A8DE9260"
"03_往届冠军仓库快照\R078_github_Brown-Bert_S5\case_310b\Sort\op\Sort\build_out\op_host\CMakeFiles\cust_opapi.dir\cmake_clean.cmake","351","FF98F82BA1DFCA155635EF3EE440D09D171A1B70E1FDD0FCA8BD05D022BE95D6"
"03_往届冠军仓库快照\R078_github_Brown-Bert_S5\case_310b\Sort\op\Sort\build_out\op_host\CMakeFiles\cust_opapi.dir\compiler_depend.internal","7740","8D5AF8126D859BE87EC25B9DB3303A22ADAEB1D02E539E161D2C056048E40249"
"03_往届冠军仓库快照\R078_github_Brown-Bert_S5\case_310b\Sort\op\Sort\build_out\op_host\CMakeFiles\cust_opapi.dir\compiler_depend.make","15905","C274ACFE01C5BB85CEECFE085A0E485CA9FCEBC36C3B13CF9CD995DD537574C3"
"03_往届冠军仓库快照\R078_github_Brown-Bert_S5\case_310b\Sort\op\Sort\build_out\op_host\CMakeFiles\cust_opapi.dir\compiler_depend.ts","119","4567C57648BCC9A8436398405A50D93D52A6C8EA847ADC4C39C107CB24781FB3"
"03_往届冠军仓库快照\R078_github_Brown-Bert_S5\case_310b\Sort\op\Sort\build_out\op_host\CMakeFiles\cust_opapi.dir\depend.make","96","A909259367E470AC0FC4B3405CAFD915AF4D7E9B8951F698186D9D7504E970F4"
"03_往届冠军仓库快照\R078_github_Brown-Bert_S5\case_310b\Sort\op\Sort\build_out\op_host\CMakeFiles\cust_opapi.dir\DependInfo.cmake","662","AED96A8FA5F4319ED393170333012693F8D301F855BFA66A6F067D0D9D2E6367"
"03_往届冠军仓库快照\R078_github_Brown-Bert_S5\case_310b\Sort\op\Sort\build_out\op_host\CMakeFiles\cust_opapi.dir\flags.make","463","0115DDDB0727F07DFFFBDB2FC87F48533C42FE0CF2BCD4F025597CFA5067BF76"
"03_往届冠军仓库快照\R078_github_Brown-Bert_S5\case_310b\Sort\op\Sort\build_out\op_host\CMakeFiles\cust_opapi.dir\link.txt","309","1881616194C63059EB71B944CA7BFFA18E25FB776EF57AEE140160F8CFAB32E3"
"03_往届冠军仓库快照\R078_github_Brown-Bert_S5\case_310b\Sort\op\Sort\build_out\op_host\CMakeFiles\cust_opapi.dir\progress.make","46","47759FBA680232732BBFCC44D15D253E4BF6BFF0A1E99AAB286E38942D0ECA31"
"03_往届冠军仓库快照\R078_github_Brown-Bert_S5\case_310b\Sort\op\Sort\build_out\op_host\CMakeFiles\cust_optiling.dir\build.make","5597","B0BF23650CD306C2DED81690C5E8D54AF4C7BE78B8D9A0DF62699A9B98782B8D"
"03_往届冠军仓库快照\R078_github_Brown-Bert_S5\case_310b\Sort\op\Sort\build_out\op_host\CMakeFiles\cust_optiling.dir\cmake_clean.cmake","344","1D39C8A33A320DBFEA1D5C5909DE48DD7AB4B5B599277863915B5B14C57FD2ED"
"03_往届冠军仓库快照\R078_github_Brown-Bert_S5\case_310b\Sort\op\Sort\build_out\op_host\CMakeFiles\cust_optiling.dir\compiler_depend.internal","15716","4B26C7AA31E3BC1EFD4FCB8CF04F45E6255081F0F286A42B2713FFD2DEE161F5"
"03_往届冠军仓库快照\R078_github_Brown-Bert_S5\case_310b\Sort\op\Sort\build_out\op_host\CMakeFiles\cust_optiling.dir\compiler_depend.make","31225","C0DFF2F0A8BC66F3A5C377156EF8D023606FFE01C9A0E0C11A96BF5B9B2E3107"
"03_往届冠军仓库快照\R078_github_Brown-Bert_S5\case_310b\Sort\op\Sort\build_out\op_host\CMakeFiles\cust_optiling.dir\compiler_depend.ts","122","275E8BF31C17171D429EB3BDA93192FBFB3066F91177792418FC3B1A0D6055D0"
"03_往届冠军仓库快照\R078_github_Brown-Bert_S5\case_310b\Sort\op\Sort\build_out\op_host\CMakeFiles\cust_optiling.dir\depend.make","99","0F5D49CC575B33CFEC83DB55E5E6FE93688D6610D08985E5347B96E35CA83E6D"
"03_往届冠军仓库快照\R078_github_Brown-Bert_S5\case_310b\Sort\op\Sort\build_out\op_host\CMakeFiles\cust_optiling.dir\DependInfo.cmake","618","D59838E58BAF8927A4E9915462781B0004A698CFFF70839888D5AFAA7EEFC0EF"
"03_往届冠军仓库快照\R078_github_Brown-Bert_S5\case_310b\Sort\op\Sort\build_out\op_host\CMakeFiles\cust_optiling.dir\flags.make","482","F1D6E92DCFF38B262B37942DCC526CFE5DB0ACE9F27CEEEAB4ECB89425E6D659"
"03_往届冠军仓库快照\R078_github_Brown-Bert_S5\case_310b\Sort\op\Sort\build_out\op_host\CMakeFiles\cust_optiling.dir\link.txt","396","68FC6E0904FF4FB40C8031ADA396874E54A9C849E66F612972ED62218E605D90"
"03_往届冠军仓库快照\R078_github_Brown-Bert_S5\case_310b\Sort\op\Sort\build_out\op_host\CMakeFiles\cust_optiling.dir\progress.make","46","7CC1A60A8A2705B1231159ACA5DA7F3B0D014E76EA95F36AB9C86425A15FC977"
"03_往届冠军仓库快照\R078_github_Brown-Bert_S5\case_310b\Sort\op\Sort\build_out\op_host\CMakeFiles\cust_optiling.dir\sort.cpp.o","91584","A93D1B01FD01ADD0BD1021EE03E215A4E9719658A5805D3C32AAA393A869F61C"
"03_往届冠军仓库快照\R078_github_Brown-Bert_S5\case_310b\Sort\op\Sort\build_out\op_host\CMakeFiles\cust_optiling.dir\sort.cpp.o.d","16082","35F02669304ED75D994F7B3F9B50B751EC440BB252AE4AB493CB081B4647FBF9"
"03_往届冠军仓库快照\R078_github_Brown-Bert_S5\case_310b\Sort\op\Sort\build_out\op_host\CMakeFiles\optiling_compat.dir\build.make","3174","4DC11631DAB3AC847729A19A1109D7723F2AD31332979FF22CA35D492EBEA94B"
"03_往届冠军仓库快照\R078_github_Brown-Bert_S5\case_310b\Sort\op\Sort\build_out\op_host\CMakeFiles\optiling_compat.dir\cmake_clean.cmake","220","ABA4F27F84694692B7A2F000D6494B14107FB6A8D5BD6F8566243EA9783AD38D"
"03_往届冠军仓库快照\R078_github_Brown-Bert_S5\case_310b\Sort\op\Sort\build_out\op_host\CMakeFiles\optiling_compat.dir\compiler_depend.make","127","59C4C8911582CEE8D9C6B5C0637ED8DC59E7ADAAA53041E0F113B455E9606243"
"03_往届冠军仓库快照\R078_github_Brown-Bert_S5\case_310b\Sort\op\Sort\build_out\op_host\CMakeFiles\optiling_compat.dir\compiler_depend.ts","121","B167E9D0DF927F58DE29E16F65DF5D4CCE8B598568138C19657CE99E61B3DAF7"
"03_往届冠军仓库快照\R078_github_Brown-Bert_S5\case_310b\Sort\op\Sort\build_out\op_host\CMakeFiles\optiling_compat.dir\DependInfo.cmake","441","2C4D7F0C8064DD3E7C5E136231230F197B6DFA2ADC123C7CAA6ADCA96977CD8B"
"03_往届冠军仓库快照\R078_github_Brown-Bert_S5\case_310b\Sort\op\Sort\build_out\op_host\CMakeFiles\optiling_compat.dir\progress.make","2","7EB70257593DA06F682A3DDDA54A9D260D4FC514F645237F5CA74B08F8DA61A6"
"03_往届冠军仓库快照\R078_github_Brown-Bert_S5\case_310b\Sort\op\Sort\build_out\op_host\CMakeFiles\progress.marks","3","9B6DD0F55D1CEA37555DB317F53A0631F694BD46DF8018CC2AEED3D9E2F32F5F"
"03_往届冠军仓库快照\R078_github_Brown-Bert_S5\case_310b\Sort\op\Sort\build_out\op_host\libcust_opapi.so","14520","D0B03F6F5C170C31CE36A912F5701476C0454E89C776DA8D05AA3AF2AFC2F23D"
"03_往届冠军仓库快照\R078_github_Brown-Bert_S5\case_310b\Sort\op\Sort\build_out\op_host\libcust_opmaster_rt2.0.so","174032","0F9932A0879C72EB843CB0853B4C948D14161ABCF971663ADCBB159C89CED037"
"03_往届冠军仓库快照\R078_github_Brown-Bert_S5\case_310b\Sort\op\Sort\build_out\op_host\libcust_opsproto_rt2.0.so","186320","F378A423EDE6173AFD57E4AF5E2B09F404307945B39141E115CB6140E0AA7768"
"03_往届冠军仓库快照\R078_github_Brown-Bert_S5\case_310b\Sort\op\Sort\build_out\op_host\Makefile","14583","992ADAB7D410F681642259C778CDC70DCBDADDBD2ED691593E34718CC7E55D3D"
"03_往届冠军仓库快照\R078_github_Brown-Bert_S5\case_310b\Sort\op\Sort\build_out\op_kernel\binary\ascend310b\sort\Sort_122a86b18f874326fdda9b3e757f8649.json","2291","C53A2A28E923487A7BA3FC9A0F7A3C5530F063C9EE22DAC74F76D9E66A75249C"
"03_往届冠军仓库快照\R078_github_Brown-Bert_S5\case_310b\Sort\op\Sort\build_out\op_kernel\binary\ascend310b\sort\Sort_122a86b18f874326fdda9b3e757f8649.o","4360","32D337699EEF0DF52C0E8BA3A86C2DFD7C7071403FB04C6041616A505E0CD1F5"
"03_往届冠军仓库快照\R078_github_Brown-Bert_S5\case_310b\Sort\op\Sort\build_out\op_kernel\binary\ascend310b\sort\Sort_2dc76a8bb494767936fa8ed130c76c38.json","2291","87F0DEFA97C405FBFAD77EFC70FAC7EFD7536C6A06271BD507A575496204222A"
"03_往届冠军仓库快照\R078_github_Brown-Bert_S5\case_310b\Sort\op\Sort\build_out\op_kernel\binary\ascend310b\sort\Sort_2dc76a8bb494767936fa8ed130c76c38.o","4360","E7C8D85564C82C9674BBDDF1A8714B5AD1C2BDB995AE332DCBF10372E0A03461"
"03_往届冠军仓库快照\R078_github_Brown-Bert_S5\case_310b\Sort\op\Sort\build_out\op_kernel\binary\ascend310b\sort\Sort_30f923af5126c0fd87ce9f8f464bce5b.json","2291","B884497CFE21CCA97D2F619C77B96613F1EBC726C6FED442B57E8B2DE9444FD4"
"03_往届冠军仓库快照\R078_github_Brown-Bert_S5\case_310b\Sort\op\Sort\build_out\op_kernel\binary\ascend310b\sort\Sort_30f923af5126c0fd87ce9f8f464bce5b.o","4360","916A08B3562B77507A26B3CE7E39BFB286E16AC8268687392764D2638DA4B60D"
"03_往届冠军仓库快照\R078_github_Brown-Bert_S5\case_310b\Sort\op\Sort\build_out\op_kernel\binary\ascend310b\sort\Sort_40ab99ab7768d7d5021f152c8ce34715.json","2295","07EFE024E72A3C01ED1FB07D4857798B2E3A858A1E25BA032825FE2C26399CF1"
"03_往届冠军仓库快照\R078_github_Brown-Bert_S5\case_310b\Sort\op\Sort\build_out\op_kernel\binary\ascend310b\sort\Sort_40ab99ab7768d7d5021f152c8ce34715.o","4360","BB63225F0B9057D3275D5BC76A453AA8FF6E6178E58332271B37EC07CAFDDA5C"
"03_往届冠军仓库快照\R078_github_Brown-Bert_S5\case_310b\Sort\op\Sort\build_out\op_kernel\binary\ascend310b\sort\Sort_5da24114ffe5a8edad575f14d3723944.json","2289","BA523D61BF055A3C38E22AC7AA54A0C1E3469EB053B10FC01896226E345E3FC4"
"03_往届冠军仓库快照\R078_github_Brown-Bert_S5\case_310b\Sort\op\Sort\build_out\op_kernel\binary\ascend310b\sort\Sort_5da24114ffe5a8edad575f14d3723944.o","4360","9FB7E4B3E4E0053066EEF2F1DCF0F5BD0F21E405CD200DD3BACDEE67A5F50A0A"
"03_往届冠军仓库快照\R078_github_Brown-Bert_S5\case_310b\Sort\op\Sort\build_out\op_kernel\binary\ascend310b\sort\Sort_7a780f01e6da81777e488ee64d569364.json","2295","733E9CAAD0DE7EEC978799C37C8232954DF173CB31F9C23F0F36A48A2337CEE9"
"03_往届冠军仓库快照\R078_github_Brown-Bert_S5\case_310b\Sort\op\Sort\build_out\op_kernel\binary\ascend310b\sort\Sort_7a780f01e6da81777e488ee64d569364.o","4360","99B85ED0440433B37BDE14439E5F85B71E6B9ED067BDC8B05E879898FF65AE80"
"03_往届冠军仓库快照\R078_github_Brown-Bert_S5\case_310b\Sort\op\Sort\build_out\op_kernel\binary\ascend310b\sort\Sort_c06b41ff476664695b16dba9378a6fbc.json","2305","850A87F1BE79EBAE6BE07A9196097189399A8685558211E88EE241830487AFF7"
"03_往届冠军仓库快照\R078_github_Brown-Bert_S5\case_310b\Sort\op\Sort\build_out\op_kernel\binary\ascend310b\sort\Sort_c06b41ff476664695b16dba9378a6fbc.o","4360","EA5BC16526F6E7F9E211FEEE294ADD2D30D88203FB4B8422CA51651DEE2C4A18"
"03_往届冠军仓库快照\R078_github_Brown-Bert_S5\case_310b\Sort\op\Sort\build_out\op_kernel\binary\config\ascend310b\binary_info_config.json","3728","D940EBA4203CFF9B1FB1E6877121D52A6F0EFC2821A21870EF05FB6F65931C02"
"03_往届冠军仓库快照\R078_github_Brown-Bert_S5\case_310b\Sort\op\Sort\build_out\op_kernel\binary\config\ascend310b\sort.json","13442","4FB1F73C8BF48CDA6A5447CF8C79D3F9A6B1046CDB7CAF58D6AB14045E5EDB23"
"03_往届冠军仓库快照\R078_github_Brown-Bert_S5\case_310b\Sort\op\Sort\build_out\op_kernel\binary\dynamic\sort.cpp","3423","776EDCD085A530DAFC5A90D7BB1D9DE468920E6B76F478578B538A10CB0D2AB9"
"03_往届冠军仓库快照\R078_github_Brown-Bert_S5\case_310b\Sort\op\Sort\build_out\op_kernel\binary\dynamic\sort.py","10111","21A20481C34447432FE5EDA3C2F208DF1934845E34F8DE463A1DB420D1EFE33E"
"03_往届冠军仓库快照\R078_github_Brown-Bert_S5\case_310b\Sort\op\Sort\build_out\op_kernel\cmake_install.cmake","3072","A06CFD71555729360E1F72C72B68E73E4A0DFD07D9D49E57D978F803CF04AEC1"
"03_往届冠军仓库快照\R078_github_Brown-Bert_S5\case_310b\Sort\op\Sort\build_out\op_kernel\CMakeFiles\ascendc_bin_ascend310b_gen_ops_config.dir\build.make","4378","1FFAF78F994C1BECC03BF8CF5BB3C3C0C6A555977293E40C96FDAB890993E4F4"
"03_往届冠军仓库快照\R078_github_Brown-Bert_S5\case_310b\Sort\op\Sort\build_out\op_kernel\CMakeFiles\ascendc_bin_ascend310b_gen_ops_config.dir\cmake_clean.cmake","264","545066E544C511AA38FB3C011546AB0DFA53EBC867BD36B4A6B0B43931CF4FDB"
"03_往届冠军仓库快照\R078_github_Brown-Bert_S5\case_310b\Sort\op\Sort\build_out\op_kernel\CMakeFiles\ascendc_bin_ascend310b_gen_ops_config.dir\compiler_depend.make","149","16CF94A59F9796280087176A43EC549EC83FC2CF1D5FEE640FA9272BDC6D460B"
"03_往届冠军仓库快照\R078_github_Brown-Bert_S5\case_310b\Sort\op\Sort\build_out\op_kernel\CMakeFiles\ascendc_bin_ascend310b_gen_ops_config.dir\compiler_depend.ts","143","BBB1C21AD558147BC1DDE4BCCC8D83412AF0066A070D608B4A50C6611812CECD"
"03_往届冠军仓库快照\R078_github_Brown-Bert_S5\case_310b\Sort\op\Sort\build_out\op_kernel\CMakeFiles\ascendc_bin_ascend310b_gen_ops_config.dir\DependInfo.cmake","441","2C4D7F0C8064DD3E7C5E136231230F197B6DFA2ADC123C7CAA6ADCA96977CD8B"
"03_往届冠军仓库快照\R078_github_Brown-Bert_S5\case_310b\Sort\op\Sort\build_out\op_kernel\CMakeFiles\ascendc_bin_ascend310b_gen_ops_config.dir\progress.make","2","7EB70257593DA06F682A3DDDA54A9D260D4FC514F645237F5CA74B08F8DA61A6"
"03_往届冠军仓库快照\R078_github_Brown-Bert_S5\case_310b\Sort\op\Sort\build_out\op_kernel\CMakeFiles\binary.dir\build.make","2769","2177D5653E9D5DDB93431FFF8D311230F8B80E850EC4C6B9D413696FEB3C8771"
"03_往届冠军仓库快照\R078_github_Brown-Bert_S5\case_310b\Sort\op\Sort\build_out\op_kernel\CMakeFiles\binary.dir\cmake_clean.cmake","155","9A8C5156ECA9B540184177910BCB011A13B6AF9AC1EDCA750A371FD42FF4CF0B"
"03_往届冠军仓库快照\R078_github_Brown-Bert_S5\case_310b\Sort\op\Sort\build_out\op_kernel\CMakeFiles\binary.dir\compiler_depend.make","118","F23B9E7DE9E7F14D62FFB92AF84E045EF0DB54255810AB1E3979EA4E512CE374"
"03_往届冠军仓库快照\R078_github_Brown-Bert_S5\case_310b\Sort\op\Sort\build_out\op_kernel\CMakeFiles\binary.dir\compiler_depend.ts","112","0CEAEB11B71DD14509213B8B79299ADB7300A880879A8DCF36DB3187DFECF633"
"03_往届冠军仓库快照\R078_github_Brown-Bert_S5\case_310b\Sort\op\Sort\build_out\op_kernel\CMakeFiles\binary.dir\DependInfo.cmake","441","2C4D7F0C8064DD3E7C5E136231230F197B6DFA2ADC123C7CAA6ADCA96977CD8B"
"03_往届冠军仓库快照\R078_github_Brown-Bert_S5\case_310b\Sort\op\Sort\build_out\op_kernel\CMakeFiles\binary.dir\progress.make","2","7EB70257593DA06F682A3DDDA54A9D260D4FC514F645237F5CA74B08F8DA61A6"
"03_往届冠军仓库快照\R078_github_Brown-Bert_S5\case_310b\Sort\op\Sort\build_out\op_kernel\CMakeFiles\CMakeDirectoryInformation.cmake","694","53E9CB47DA5820C184E303053F6716CC6E463A2BE5CEA48F462C278813FE9911"
"03_往届冠军仓库快照\R078_github_Brown-Bert_S5\case_310b\Sort\op\Sort\build_out\op_kernel\CMakeFiles\npu_supported_ops.dir\build.make","3922","D407351FAFC5177329D95FF22D36C6C33C5EDB308A5079927590CF96BDE6117F"
"03_往届冠军仓库快照\R078_github_Brown-Bert_S5\case_310b\Sort\op\Sort\build_out\op_kernel\CMakeFiles\npu_supported_ops.dir\cmake_clean.cmake","276","03AB318B6F8D53840C00F3606548EF1661EBF26FA90BD549A468D58F42FF72A0"
"03_往届冠军仓库快照\R078_github_Brown-Bert_S5\case_310b\Sort\op\Sort\build_out\op_kernel\CMakeFiles\npu_supported_ops.dir\compiler_depend.make","129","628C48BDA1920A5E2A7D09C6A9BBB8CCB433499F9F45F82E9E3BBC2B386CB61E"
"03_往届冠军仓库快照\R078_github_Brown-Bert_S5\case_310b\Sort\op\Sort\build_out\op_kernel\CMakeFiles\npu_supported_ops.dir\compiler_depend.ts","123","CE09BC099C8B2F676FFD41FE5608A65D50ECD276988FBEFBE52BD10386577DB2"
"03_往届冠军仓库快照\R078_github_Brown-Bert_S5\case_310b\Sort\op\Sort\build_out\op_kernel\CMakeFiles\npu_supported_ops.dir\DependInfo.cmake","441","2C4D7F0C8064DD3E7C5E136231230F197B6DFA2ADC123C7CAA6ADCA96977CD8B"
"03_往届冠军仓库快照\R078_github_Brown-Bert_S5\case_310b\Sort\op\Sort\build_out\op_kernel\CMakeFiles\npu_supported_ops.dir\progress.make","25","F38AA4592608209C601E781F3564538AB6207D0CC10C1AA82EFBAB29C1D7200B"
"03_往届冠军仓库快照\R078_github_Brown-Bert_S5\case_310b\Sort\op\Sort\build_out\op_kernel\CMakeFiles\ops_info_gen_ascend310b.dir\build.make","4235","E1858FD3D4E7FD8521B3C774A3575FBAC3685C8CCD89DDAF911FF5B34093F5EA"
"03_往届冠军仓库快照\R078_github_Brown-Bert_S5\case_310b\Sort\op\Sort\build_out\op_kernel\CMakeFiles\ops_info_gen_ascend310b.dir\cmake_clean.cmake","305","47F8D3984DCD2ABA751ED987459489AF241CC0403E86B5E9FC78AE824C4B09AE"
"03_往届冠军仓库快照\R078_github_Brown-Bert_S5\case_310b\Sort\op\Sort\build_out\op_kernel\CMakeFiles\ops_info_gen_ascend310b.dir\compiler_depend.make","135","B546715E8A4F2013271800B255DF98FB2A2618026C9BB0AC4D060F30320A107C"
"03_往届冠军仓库快照\R078_github_Brown-Bert_S5\case_310b\Sort\op\Sort\build_out\op_kernel\CMakeFiles\ops_info_gen_ascend310b.dir\compiler_depend.ts","129","69A21D4C97033A4747DD75C0526E6C8A687CBF5B8B05339376F36B8869BFA83F"
"03_往届冠军仓库快照\R078_github_Brown-Bert_S5\case_310b\Sort\op\Sort\build_out\op_kernel\CMakeFiles\ops_info_gen_ascend310b.dir\DependInfo.cmake","441","2C4D7F0C8064DD3E7C5E136231230F197B6DFA2ADC123C7CAA6ADCA96977CD8B"
"03_往届冠军仓库快照\R078_github_Brown-Bert_S5\case_310b\Sort\op\Sort\build_out\op_kernel\CMakeFiles\ops_info_gen_ascend310b.dir\progress.make","25","E94D768723169C3E72C00E8AE359E8346E8A0BDA23F142A656A2F275E0D8493C"
"03_往届冠军仓库快照\R078_github_Brown-Bert_S5\case_310b\Sort\op\Sort\build_out\op_kernel\CMakeFiles\progress.marks","3","DF4E26A04A444901B95AFEF44E4A96CFAE34690FFF2AD2C66389C70079CDFF2B"
"03_往届冠军仓库快照\R078_github_Brown-Bert_S5\case_310b\Sort\op\Sort\build_out\op_kernel\CMakeFiles\Sort_ascend310b.dir\build.make","3905","9EF04B3C0B55946BCF559FCAA3C25207129CC0E3F3FFE96928F470D96ABE9F4B"
"03_往届冠军仓库快照\R078_github_Brown-Bert_S5\case_310b\Sort\op\Sort\build_out\op_kernel\CMakeFiles\Sort_ascend310b.dir\cmake_clean.cmake","220","E20CC266F5A02261915429B881DF28EFB849AFEF05AE152A83554703CB44AF4A"
"03_往届冠军仓库快照\R078_github_Brown-Bert_S5\case_310b\Sort\op\Sort\build_out\op_kernel\CMakeFiles\Sort_ascend310b.dir\compiler_depend.make","127","C6356F511575E31FFAC20A69B6506AAF57BEF1EE7155262FD1FBBF2BBB9104FC"
"03_往届冠军仓库快照\R078_github_Brown-Bert_S5\case_310b\Sort\op\Sort\build_out\op_kernel\CMakeFiles\Sort_ascend310b.dir\compiler_depend.ts","121","4BBB5602F23CC010C0D40565A57BD3ECD7F9C6AA8C13EFD51901F47529DE97EB"
"03_往届冠军仓库快照\R078_github_Brown-Bert_S5\case_310b\Sort\op\Sort\build_out\op_kernel\CMakeFiles\Sort_ascend310b.dir\DependInfo.cmake","441","2C4D7F0C8064DD3E7C5E136231230F197B6DFA2ADC123C7CAA6ADCA96977CD8B"
"03_往届冠军仓库快照\R078_github_Brown-Bert_S5\case_310b\Sort\op\Sort\build_out\op_kernel\CMakeFiles\Sort_ascend310b.dir\progress.make","2","7EB70257593DA06F682A3DDDA54A9D260D4FC514F645237F5CA74B08F8DA61A6"
"03_往届冠军仓库快照\R078_github_Brown-Bert_S5\case_310b\Sort\op\Sort\build_out\op_kernel\Makefile","11638","BAB85A0C363989E5E4CF01B950F4728FE9158B5FF9ED0A3799BF4D0F5907A16E"
"03_往届冠军仓库快照\R078_github_Brown-Bert_S5\case_310b\Sort\op\Sort\build_out\op_kernel\tbe\op_info_cfg\ai_core\ascend310b\aic-ascend310b-ops-info.json","2037","63A4EB20D9989BB793B7E844D3230B671BB5215D25066DD9E06FE05F33E0A412"
"03_往届冠军仓库快照\R078_github_Brown-Bert_S5\case_310b\Sort\op\Sort\build_out\op_kernel\tbe\op_info_cfg\ai_core\npu_supported_ops.json","68","AF39D9C172B58BB53CACE6374092C9E42DDEF337385CF4F028B0EAAE4050F092"
"03_往届冠军仓库快照\R078_github_Brown-Bert_S5\case_310b\Sort\op\Sort\build_out\scripts\help.info","81","27067F1EC0A23A694AE80EC4A05BC68415A284FBAF509B1A9CC0234035C61E5B"
"03_往届冠军仓库快照\R078_github_Brown-Bert_S5\case_310b\Sort\op\Sort\build_out\scripts\install.sh","9881","02862BAF881E9EBFA0EB5F43BE11932391E2B1EDC1D6C1C508812B5410C04181"
"03_往届冠军仓库快照\R078_github_Brown-Bert_S5\case_310b\Sort\op\Sort\build_out\scripts\upgrade.sh","4151","DDF117CFD96BF93194F66A8C4C7A298A263254107D1EFAE8F2081F0626E4C1F7"
"03_往届冠军仓库快照\R078_github_Brown-Bert_S5\case_310b\Sort\op\Sort\build_out\version.info","41","933E1E3BBA7C2A4B8D5F3F985CA7BF811A5E5DC7B0F6B17116992B5B076900F6"
"03_往届冠军仓库快照\R078_github_Brown-Bert_S5\case_310b\Sort\op\Sort\build.sh","2326","0A0B0DFA0813B4960898E272DFBC8FBA05E9D7A7502BA0EDDBDD7888E8CDD9C6"
"03_往届冠军仓库快照\R078_github_Brown-Bert_S5\case_310b\Sort\op\Sort\cmake\config.cmake","2110","55673A4E044FCD4A48F091178419BFC66A623510589D1C47BA2A339BACF2CFB4"
"03_往届冠军仓库快照\R078_github_Brown-Bert_S5\case_310b\Sort\op\Sort\cmake\device_task.cmake","1364","3452CC47D661D636E23C84E26A3E2D07FD29F64C9D7729CEBE1221A5F5C247EC"
"03_往届冠军仓库快照\R078_github_Brown-Bert_S5\case_310b\Sort\op\Sort\cmake\func.cmake","17515","FAF9CA84C4AA2B1FC5123B1E4878C62F210F2B8900DCEF4D6A931D7DA2CF488A"
"03_往届冠军仓库快照\R078_github_Brown-Bert_S5\case_310b\Sort\op\Sort\cmake\intf.cmake","1061","0C2533D6A98259B396930252585C65F1CD582D667171F20AFA4759FCDEB2C5A5"
"03_往届冠军仓库快照\R078_github_Brown-Bert_S5\case_310b\Sort\op\Sort\cmake\makeself.cmake","1411","E417E77228AE18A82CF2D551D63CBA5B8E001069DE18ECE287597D6E043B9573"
"03_往届冠军仓库快照\R078_github_Brown-Bert_S5\case_310b\Sort\op\Sort\cmake\util\__init__.py","158","3F8B7683A736D7274A9A5B95FA7AF6DBDE368599C327336EAADE4059BE3C850F"
"03_往届冠军仓库快照\R078_github_Brown-Bert_S5\case_310b\Sort\op\Sort\cmake\util\__pycache__\ascendc_bin_param_build.cpython-39.pyc","15230","3F288C82ABAEB68D2A44D5D68CFA90FC089E61720DE03A507644C6D86921F96D"
"03_往届冠军仓库快照\R078_github_Brown-Bert_S5\case_310b\Sort\op\Sort\cmake\util\__pycache__\ascendc_impl_build.cpython-39.pyc","24406","986B697C75605E2F29A5E9CB78DB4C1C048F7BAC8D46973E85C489BD13B68228"
"03_往届冠军仓库快照\R078_github_Brown-Bert_S5\case_310b\Sort\op\Sort\cmake\util\__pycache__\ascendc_op_info.cpython-39.pyc","1721","21B7E809316D228AB28D3D9DE512A1B0608C4B5A92228893A80404896ABE8601"
"03_往届冠军仓库快照\R078_github_Brown-Bert_S5\case_310b\Sort\op\Sort\cmake\util\__pycache__\const_var.cpython-39.pyc","1642","1D41AE6737328BA6C2C86E650E7B7BAD477931EBFAF55AC11B536FBF0DEAE93F"
"03_往届冠军仓库快照\R078_github_Brown-Bert_S5\case_310b\Sort\op\Sort\cmake\util\__pycache__\opdesc_parser.cpython-39.pyc","11227","3C85DC32F8664566ECD34FBD9451096E504AED7281F3A84294C53A14AE9E296A"
"03_往届冠军仓库快照\R078_github_Brown-Bert_S5\case_310b\Sort\op\Sort\cmake\util\ascendc_bin_param_build.py","21488","5414E49F5154E7397C07D94EDFF6C0ECA72EB075AC157D0B4DDBCD1425751511"
"03_往届冠军仓库快照\R078_github_Brown-Bert_S5\case_310b\Sort\op\Sort\cmake\util\ascendc_compile_kernel.py","9322","ED84D36CB4A1BF791113E4AA05CC6F1F6439AAFE08A390622089A7D52C482403"
"03_往届冠军仓库快照\R078_github_Brown-Bert_S5\case_310b\Sort\op\Sort\cmake\util\ascendc_gen_options.py","3350","FBD8BC4332B2340FDB71F4BBAE452E93C3A54B43CEA86818643D9D9D61794D35"
"03_往届冠军仓库快照\R078_github_Brown-Bert_S5\case_310b\Sort\op\Sort\cmake\util\ascendc_get_op_name.py","620","FCA6F6025A4ACBF41CA583D29D86B2E8BCAEAE7BA1930C94B9291BFA55800F53"
"03_往届冠军仓库快照\R078_github_Brown-Bert_S5\case_310b\Sort\op\Sort\cmake\util\ascendc_impl_build.py","28353","4F3086C115B60D627C0081894A10E38D96EBD0149154A08BCBE064CDDBC162B3"
"03_往届冠军仓库快照\R078_github_Brown-Bert_S5\case_310b\Sort\op\Sort\cmake\util\ascendc_op_info.py","1224","F2622F78079FAFC0B268FAE4227697143C042ACA009C3E8D0BBA6C38CD25368C"
"03_往届冠军仓库快照\R078_github_Brown-Bert_S5\case_310b\Sort\op\Sort\cmake\util\ascendc_ops_config.py","10286","D5115115B7432FB649DF4087095325B043F42C46A035BDCAB0258D44F8835025"
"03_往届冠军仓库快照\R078_github_Brown-Bert_S5\case_310b\Sort\op\Sort\cmake\util\ascendc_pack_kernel.py","9706","3CABC5970DF1BD7E3AC67D9199D27178AA3F9554CDD8C4269369DE900ACC77A7"
"03_往届冠军仓库快照\R078_github_Brown-Bert_S5\case_310b\Sort\op\Sort\cmake\util\ascendc_pack_opregistry.py","12928","25E69163383C4F721A51CFD5509F7765F3AE5FA4FCF8BA6AF1B6203FD4D7AF2F"
"03_往届冠军仓库快照\R078_github_Brown-Bert_S5\case_310b\Sort\op\Sort\cmake\util\ascendc_replay_build.py","2712","165C9FE01344DC57176004A21AB38A23DB4B1186FE60B1A5AF63E9D4EE0BE263"
"03_往届冠军仓库快照\R078_github_Brown-Bert_S5\case_310b\Sort\op\Sort\cmake\util\batch_replay_impl.temp","3889","C1B37BD05B2BD1CBF093AF635F4B2F18540BF98ED7FF4B04C3287B1F1A0FCCE0"
"03_往届冠军仓库快照\R078_github_Brown-Bert_S5\case_310b\Sort\op\Sort\cmake\util\code_channel_infer.py","1597","EA76DA48CC19A3CFB3E06EA25FF1DBD03039E4FBE7C2D3690F6FEBC6F0C90E1B"
"03_往届冠军仓库快照\R078_github_Brown-Bert_S5\case_310b\Sort\op\Sort\cmake\util\const_var.py","1505","5769FF6128070F83BE6246019212F5930ABEDEA17A2A0D7AEC63C5B6659760B9"
"03_往届冠军仓库快照\R078_github_Brown-Bert_S5\case_310b\Sort\op\Sort\cmake\util\gen_impl_and_mrege_json.sh","646","8E62E9A6C1F4D5691417B9B25A4B77BCA4E8ADF26B1D677E1EEE7B013121DE8D"
"03_往届冠军仓库快照\R078_github_Brown-Bert_S5\case_310b\Sort\op\Sort\cmake\util\gen_ops_filter.sh","1506","CE87DD1E7FB96BD999C3DDC93CD36F29FBD6A3F3AB75E088C5FDDA1AFC3D3A28"
"03_往届冠军仓库快照\R078_github_Brown-Bert_S5\case_310b\Sort\op\Sort\cmake\util\gen_version_info.sh","353","1871CFEF3DD083C81966A95F98C812A19DF8FE0A4C83DFC3CA5BA03DB6E65A9A"
"03_往届冠军仓库快照\R078_github_Brown-Bert_S5\case_310b\Sort\op\Sort\cmake\util\insert_op_info.py","1098","A15BAB921F83F74CE42E828EC1D1DD3F4057823F48B44CB138F85ACD906472CB"
"03_往届冠军仓库快照\R078_github_Brown-Bert_S5\case_310b\Sort\op\Sort\cmake\util\insert_simplified_keys.py","6668","A1A460FE71424FBD78EF188ECC09C3B76BC9DAA99AE2D48D342DC0128FFA134F"
"03_往届冠军仓库快照\R078_github_Brown-Bert_S5\case_310b\Sort\op\Sort\cmake\util\kernel_entry.py","3947","9DF250FFEBB39AC528DB19D76CD1AFD852942AC81C41E48C02A6E3368B3DC7E5"
"03_往届冠军仓库快照\R078_github_Brown-Bert_S5\case_310b\Sort\op\Sort\cmake\util\kernel_impl.temp","240","660B98F6111CDD71260984CA38CC289710012291A414E21C4CF1BABB2F1A4AD1"
"03_往届冠军仓库快照\R078_github_Brown-Bert_S5\case_310b\Sort\op\Sort\cmake\util\makeself\COPYING","18431","189B1AF95D661151E054CEA10C91B3D754E4DE4D3FECFB074C1FB29476F7167B"
"03_往届冠军仓库快照\R078_github_Brown-Bert_S5\case_310b\Sort\op\Sort\cmake\util\makeself\make-release.sh","349","FBD10A2882B5BF82A407E855F0F088E469F4D142AFDD7B3DFDCC808798E374B9"
"03_往届冠军仓库快照\R078_github_Brown-Bert_S5\case_310b\Sort\op\Sort\cmake\util\makeself\makeself-header.sh","18618","93AE39674EC8EA07C00245F38CA18365B78787E10DF443049360C051B49B0A97"
"03_往届冠军仓库快照\R078_github_Brown-Bert_S5\case_310b\Sort\op\Sort\cmake\util\makeself\makeself.1","3189","1518183932195173D43E85ABC10CFB10366B0A1E3FC61A2D6136B68A78AB15FE"
"03_往届冠军仓库快照\R078_github_Brown-Bert_S5\case_310b\Sort\op\Sort\cmake\util\makeself\makeself.lsm","836","270D45704E0F94F39B67369371A063C4E793F4AF5996B273D30ABC281994C1D9"
"03_往届冠军仓库快照\R078_github_Brown-Bert_S5\case_310b\Sort\op\Sort\cmake\util\makeself\makeself.sh","25787","40482E4E390F2F3E1C1E06250C31C36814F054DF5254A5CBDD2FE89FD70D9C2B"
"03_往届冠军仓库快照\R078_github_Brown-Bert_S5\case_310b\Sort\op\Sort\cmake\util\makeself\README.md","22146","C12F14B92112511DE28B943EDDB8765D3D75D1AEDB23AA49442559C1BE273E4A"
"03_往届冠军仓库快照\R078_github_Brown-Bert_S5\case_310b\Sort\op\Sort\cmake\util\makeself\run-tests.sh","192","A9E7846C51870CA216D9620416C29F82466172876909E382CD7600215E766292"
"03_往届冠军仓库快照\R078_github_Brown-Bert_S5\case_310b\Sort\op\Sort\cmake\util\makeself\VERSION","7","6117CCF1F1DE058A9243D93A2A0FB0C13BFD3CD3D4DA8E8AAF3C85EABDBEF5B5"
"03_往届冠军仓库快照\R078_github_Brown-Bert_S5\case_310b\Sort\op\Sort\cmake\util\merge_aicpu_info_json.sh","1143","AEFF13DF06A408A231344AFDB046A914B0319D95C02547F93E5357B64CDA23EB"
"03_往届冠军仓库快照\R078_github_Brown-Bert_S5\case_310b\Sort\op\Sort\cmake\util\opdesc_parser.py","14595","E3CD4BFBCA992EF4E6DB4780D7189D0752540EFB385488E0B515A9C9CB9D0E49"
"03_往届冠军仓库快照\R078_github_Brown-Bert_S5\case_310b\Sort\op\Sort\cmake\util\parse_ini_to_json.py","13195","FA25B699BB3EB603849CCCAB152C791F72FF83D246F366DD8F064E9165EAA247"
"03_往届冠军仓库快照\R078_github_Brown-Bert_S5\case_310b\Sort\op\Sort\cmake\util\preset_parse.py","861","23C46E652B4411E735E7A6C10EE262E0508C41799E60660E60B5028F317535CB"
"03_往届冠军仓库快照\R078_github_Brown-Bert_S5\case_310b\Sort\op\Sort\cmake\util\replay_codegen.py","4527","56F4EEA8AA8CEB6E44795AB8DC5785D3D1D608697385D190564399AC6DC56A18"
"03_往届冠军仓库快照\R078_github_Brown-Bert_S5\case_310b\Sort\op\Sort\cmake\util\replay_impl.temp","4207","E66480E82316EEC24DDA34890235F281D0631CF13FBEC631788E586CA7B7B458"
"03_往届冠军仓库快照\R078_github_Brown-Bert_S5\case_310b\Sort\op\Sort\cmake\util\tiling_data_def_build.py","4172","93089EA6995DE374AEDBDED2781A75C8F0D2501E691890F269A0E0454F9F55C8"
"03_往届冠军仓库快照\R078_github_Brown-Bert_S5\case_310b\Sort\op\Sort\CMakeLists.txt","3307","8547C357858A1960295565B1A794B41E2CB475D4DEE5113C26CB7348D6AEFB55"
"03_往届冠军仓库快照\R078_github_Brown-Bert_S5\case_310b\Sort\op\Sort\CMakePresets.json","2230","A8F2CC94FC8C2FCAFCF95A89E11AA1EBA8BA4A04DE82BECDA4F0E221DF2A1334"
"03_往届冠军仓库快照\R078_github_Brown-Bert_S5\case_310b\Sort\op\Sort\framework\CMakeLists.txt","396","2B9117B8865AB55A4C4018C86AD230F5C4AFDED78FBBEE939CB0385501C022B6"
"03_往届冠军仓库快照\R078_github_Brown-Bert_S5\case_310b\Sort\op\Sort\framework\tf_plugin\CMakeLists.txt","593","632568F858CE5D11D8405EC4C32E23A6403F184247953721C447DB5BF98057C9"
"03_往届冠军仓库快照\R078_github_Brown-Bert_S5\case_310b\Sort\op\Sort\framework\tf_plugin\tensorflow_sort_plugin.cc","875","9CE2BB32B8056E5A891CB3E745AF3BCB66F71C1A363D4E355F42787734ADB7CB"
"03_往届冠军仓库快照\R078_github_Brown-Bert_S5\case_310b\Sort\op\Sort\op_host\CMakeLists.txt","6641","3F99E9B8934BF9C16722CC36EB95402AE05D12AE473A7F97F77F1ACA75121402"
"03_往届冠军仓库快照\R078_github_Brown-Bert_S5\case_310b\Sort\op\Sort\op_host\sort_tiling.h","540","6E375826CEB09E46302A69F08CDC25A138E77521AD87914DE87D4B0E7F4CE57A"
"03_往届冠军仓库快照\R078_github_Brown-Bert_S5\case_310b\Sort\op\Sort\op_host\sort.cpp","4654","B300DAC07859505E5A74810213B79822FE37292F1DABEDEC09A30438AD341BC5"
"03_往届冠军仓库快照\R078_github_Brown-Bert_S5\case_310b\Sort\op\Sort\op_kernel\CMakeLists.txt","160","28DB4CC809D625D8A352D6078635873484A8D90CF5645711D0FD4FDC6AA6DA81"
"03_往届冠军仓库快照\R078_github_Brown-Bert_S5\case_310b\Sort\op\Sort\op_kernel\sort.cpp","4102","3976576354117124D4F832F7631507B2A7D6F49B1ABE785CD590587C3698F14D"
"03_往届冠军仓库快照\R078_github_Brown-Bert_S5\case_310b\Sort\op\Sort\scripts\help.info","81","27067F1EC0A23A694AE80EC4A05BC68415A284FBAF509B1A9CC0234035C61E5B"
"03_往届冠军仓库快照\R078_github_Brown-Bert_S5\case_310b\Sort\op\Sort\scripts\install.sh","9881","02862BAF881E9EBFA0EB5F43BE11932391E2B1EDC1D6C1C508812B5410C04181"
"03_往届冠军仓库快照\R078_github_Brown-Bert_S5\case_310b\Sort\op\Sort\scripts\upgrade.sh","4151","DDF117CFD96BF93194F66A8C4C7A298A263254107D1EFAE8F2081F0626E4C1F7"
"03_往届冠军仓库快照\R078_github_Brown-Bert_S5\case_310b\Sort\op\zip_op.sh","440","65E7E3B9C67D4F53B93248A72524E798BE7898684EF173A2A72663DFA547E9F4"
"03_往届冠军仓库快照\R078_github_Brown-Bert_S5\case_310b\Sort\run.sh","889","09DFEBC808F5EBBE3129FA710A7B4F71DA8B966E8615EF1D0B26078083EAA5DC"
"03_往届冠军仓库快照\R078_github_Brown-Bert_S5\case_310b\Sort\setup.py","790","6826B7E7D048502FFBA87282BA1DA669458DDDEF61C8B114BF988AC72F0C0DF6"
"03_往届冠军仓库快照\R078_github_Brown-Bert_S5\case_310b\Sort\test_op.py","3621","8413C8D6E43D2097C0957AD3076C6FB7E7934C9433521E7E7981262BAD143486"
"03_往届冠军仓库快照\R078_github_Brown-Bert_S5\README.md","16","7529FA0A1A25AB8DCB4D2FC85775BDCE7CD7E772F7F51A68435F8567FFBBDC16"
"03_往届冠军仓库快照\R079_github_bubu-12_Ascendc-S4\.git\config","304","0D2AF7E6CBF5628067C6DB02BD9A1B7F0AE67AF631B2833A73DEDD9F98B3875A"
"03_往届冠军仓库快照\R079_github_bubu-12_Ascendc-S4\.git\description","73","85AB6C163D43A17EA9CF7788308BCA1466F1B0A8D1CC92E26E9BF63DA4062AEE"
"03_往届冠军仓库快照\R079_github_bubu-12_Ascendc-S4\.git\HEAD","23","F6F2B945F6C411B02BA3DA9C7ACE88DCF71B6AF65BA2E0D89AA82900042B5A10"
"03_往届冠军仓库快照\R079_github_bubu-12_Ascendc-S4\.git\hooks\applypatch-msg.sample","478","0223497A0B8B033AA58A3A521B8629869386CF7AB0E2F101963D328AA62193F7"
"03_往届冠军仓库快照\R079_github_bubu-12_Ascendc-S4\.git\hooks\commit-msg.sample","896","1F74D5E9292979B573EBD59741D46CB93FF391ACDD083D340B94370753D92437"
"03_往届冠军仓库快照\R079_github_bubu-12_Ascendc-S4\.git\hooks\fsmonitor-watchman.sample","4726","E0549964E93897B519BD8E333C037E51FFF0F88BA13E086A331592BF801FA1D0"
"03_往届冠军仓库快照\R079_github_bubu-12_Ascendc-S4\.git\hooks\post-update.sample","189","81765AF2DAEF323061DCBC5E61FC16481CB74B3BAC9AD8A174B186523586F6C5"
"03_往届冠军仓库快照\R079_github_bubu-12_Ascendc-S4\.git\hooks\pre-applypatch.sample","424","E15C5B469EA3E0A695BEA6F2C82BCF8E62821074939DDD85B77E0007FF165475"
"03_往届冠军仓库快照\R079_github_bubu-12_Ascendc-S4\.git\hooks\pre-commit.sample","1649","57185B7B9F05239D7AB52DB045F5B89EB31348D7B2177EAB214F5EB872E1971B"
"03_往届冠军仓库快照\R079_github_bubu-12_Ascendc-S4\.git\hooks\pre-merge-commit.sample","416","D3825A70337940EBBD0A5C072984E13245920CDF8898BD225C8D27A6DFC9CB53"
"03_往届冠军仓库快照\R079_github_bubu-12_Ascendc-S4\.git\hooks\pre-push.sample","1374","ECCE9C7E04D3F5DD9D8ADA81753DD1D549A9634B26770042B58DDA00217D086A"
"03_往届冠军仓库快照\R079_github_bubu-12_Ascendc-S4\.git\hooks\pre-rebase.sample","4898","4FEBCE867790052338076F4E66CC47EFB14879D18097D1D61C8261859EAAA7B3"
"03_往届冠军仓库快照\R079_github_bubu-12_Ascendc-S4\.git\hooks\pre-receive.sample","544","A4C3D2B9C7BB3FD8D1441C31BD4EE71A595D66B44FCF49DDB310252320169989"
"03_往届冠军仓库快照\R079_github_bubu-12_Ascendc-S4\.git\hooks\prepare-commit-msg.sample","1492","E9DDCAA4189FDDD25ED97FC8C789ECA7B6CA16390B2392AE3276F0C8E1AA4619"
"03_往届冠军仓库快照\R079_github_bubu-12_Ascendc-S4\.git\hooks\push-to-checkout.sample","2783","A53D0741798B287C6DD7AFA64AEE473F305E65D3F49463BB9D7408EC3B12BF5F"
"03_往届冠军仓库快照\R079_github_bubu-12_Ascendc-S4\.git\hooks\sendemail-validate.sample","2308","44EBFC923DC5466BC009602F0ECF067B9C65459ABFE8868DDC49B78E6CED7A92"
"03_往届冠军仓库快照\R079_github_bubu-12_Ascendc-S4\.git\hooks\update.sample","3650","8D5F2FA83E103CF08B57EAA67521DF9194F45CBDBCB37DA52AD586097A14D106"
"03_往届冠军仓库快照\R079_github_bubu-12_Ascendc-S4\.git\index","2245","79FA557E7466913FA20E25A205C3A64376D459341F538508FCC0C9BA57C5BF4D"
"03_往届冠军仓库快照\R079_github_bubu-12_Ascendc-S4\.git\info\exclude","240","6671FE83B7A07C8932EE89164D1F2793B2318058EB8B98DC5C06EE0A5A3B0EC1"
"03_往届冠军仓库快照\R079_github_bubu-12_Ascendc-S4\.git\logs\HEAD","185","A01824906C5B46156F893A5D533D1717A587FE53D658EDA070609E142A9813A5"
"03_往届冠军仓库快照\R079_github_bubu-12_Ascendc-S4\.git\logs\refs\heads\master","185","A01824906C5B46156F893A5D533D1717A587FE53D658EDA070609E142A9813A5"
"03_往届冠军仓库快照\R079_github_bubu-12_Ascendc-S4\.git\logs\refs\remotes\origin\HEAD","185","A01824906C5B46156F893A5D533D1717A587FE53D658EDA070609E142A9813A5"
"03_往届冠军仓库快照\R079_github_bubu-12_Ascendc-S4\.git\objects\pack\pack-0e881e1426f05e1256a7e367dec3dfd3b7de3f56.idx","1800","10BB10E57A1FFEF0E66EC15055A0ED2B62BE3708D15D0E81BF280078A494AD7D"
"03_往届冠军仓库快照\R079_github_bubu-12_Ascendc-S4\.git\objects\pack\pack-0e881e1426f05e1256a7e367dec3dfd3b7de3f56.pack","588877","7648781FB44BA753D4AE4CA66CA43FC9B0DBAAAC8DA2B90B7B2FDF1BF5C051FD"
"03_往届冠军仓库快照\R079_github_bubu-12_Ascendc-S4\.git\objects\pack\pack-0e881e1426f05e1256a7e367dec3dfd3b7de3f56.rev","156","8378E73C4223B43517476FCC4E6312A402316AE2F6254272639193CBE65BFE00"
"03_往届冠军仓库快照\R079_github_bubu-12_Ascendc-S4\.git\packed-refs","114","1EB9DE156F995068F311C849CB2917F833A34590826C5599056C6A1A8867BA39"
"03_往届冠军仓库快照\R079_github_bubu-12_Ascendc-S4\.git\refs\heads\master","41","D139FF66A55521BEA360FA0FF8ECE28665901C615D54F61439302FECED300426"
"03_往届冠军仓库快照\R079_github_bubu-12_Ascendc-S4\.git\refs\remotes\origin\HEAD","32","CDC65E67690C4C6475174E5EC662B70655246A2F3924354778835AB3BE70AA76"
"03_往届冠军仓库快照\R079_github_bubu-12_Ascendc-S4\cgemm_matmul\custom_opp_euleros_aarch64.run","205973","DD9A36B190DE2FF780A995F2CD036E2103F544E2C2428C1EB5CD0562E773F94C"
"03_往届冠军仓库快照\R079_github_bubu-12_Ascendc-S4\cgemm_matmul\op_host\CMakeLists.txt","3029","4929FC399116C903CEC5FF2C9ED73D8217F71A0FEE0FFDBB97FC026DCD311DF1"
"03_往届冠军仓库快照\R079_github_bubu-12_Ascendc-S4\cgemm_matmul\op_host\mat_mul_tiling.h","503","CF16FDFB4F98C7A17D31B6B6543DBC60FAAF2CE1AD6A451B9E2A743D209CBF62"
"03_往届冠军仓库快照\R079_github_bubu-12_Ascendc-S4\cgemm_matmul\op_host\mat_mul.cpp","10746","CEC6621C71AA165059CF833105B83CD452D0A97C0BBA3073721096866BD188A1"
"03_往届冠军仓库快照\R079_github_bubu-12_Ascendc-S4\cgemm_matmul\op_kernel\CMakeLists.txt","2758","734B2C7EFA66073F407CDDBD9C06D9DA10A9B29126099D57F6D4BACEB9A27253"
"03_往届冠军仓库快照\R079_github_bubu-12_Ascendc-S4\cgemm_matmul\op_kernel\mat_mul.cpp","54832","2BA078FB7A4F1D3171EA4AC3B6D68664E9323D4C3E5D51F91A07791A5FAD3683"
"03_往届冠军仓库快照\R079_github_bubu-12_Ascendc-S4\Heaviside\custom_opp_euleros_aarch64.run","212222","AF0F46223BB21F180E016481B905CD5FB68E5803BDB1EAE3F84725F57BAD1472"
"03_往届冠军仓库快照\R079_github_bubu-12_Ascendc-S4\Heaviside\op_host\CMakeLists.txt","3029","4929FC399116C903CEC5FF2C9ED73D8217F71A0FEE0FFDBB97FC026DCD311DF1"
"03_往届冠军仓库快照\R079_github_bubu-12_Ascendc-S4\Heaviside\op_host\heaviside_tiling.h","1085","EAC0E85341F15CCB645C54AF59330AE096A515136394156853EBDDBC3855BC2C"
"03_往届冠军仓库快照\R079_github_bubu-12_Ascendc-S4\Heaviside\op_host\heaviside.cpp","5286","550E54368F2EC07962741E94523913BAA3F8CE826136CA31A02842F0EA4462E8"
"03_往届冠军仓库快照\R079_github_bubu-12_Ascendc-S4\Heaviside\op_kernel\CMakeLists.txt","2758","734B2C7EFA66073F407CDDBD9C06D9DA10A9B29126099D57F6D4BACEB9A27253"
"03_往届冠军仓库快照\R079_github_bubu-12_Ascendc-S4\Heaviside\op_kernel\heaviside.cpp","16901","4A68AAB2E777DE7F0E5FCA8E3323CA7E2130BD3D50AF10E1F6E4743B43FF3B17"
"03_往届冠军仓库快照\R079_github_bubu-12_Ascendc-S4\ScatterReduce\custom_opp_euleros_aarch64.run","180351","70FE5DB228A5798BA0AD1764AFE684BC200F100D5DE89D364EC24322FF3C8DA6"
"03_往届冠军仓库快照\R079_github_bubu-12_Ascendc-S4\ScatterReduce\op_host\CMakeLists.txt","3399","BDC23150BEDFD045F74B1B6F30EB630F2CEC5842A9ED7801707161EA2D8B295A"
"03_往届冠军仓库快照\R079_github_bubu-12_Ascendc-S4\ScatterReduce\op_host\scatter_reduce_tiling.h","1144","186698F555204F65D158A6DAE521A0C704062B73E5FFF9C939217F0EE7E00186"
"03_往届冠军仓库快照\R079_github_bubu-12_Ascendc-S4\ScatterReduce\op_host\scatter_reduce.cpp","6465","0585A91EEFF7E83CACA4B7AAAD4D1706B1E40BE9BDCAAD720F5777F0C336804A"
"03_往届冠军仓库快照\R079_github_bubu-12_Ascendc-S4\ScatterReduce\op_kernel\CMakeLists.txt","2758","734B2C7EFA66073F407CDDBD9C06D9DA10A9B29126099D57F6D4BACEB9A27253"
"03_往届冠军仓库快照\R079_github_bubu-12_Ascendc-S4\ScatterReduce\op_kernel\scatter_reduce.cpp","29959","BDA92DF3464CCF23DD03DCCBA2EF38097D7CE2773D176C1C898E8B5989374126"
"03_往届冠军仓库快照\R080_github_bubu-12_Ascendc-S5\.git\config","300","EAC799EEEF4DFFA7FA0DF959291A1EACFCA8695657DBEB313848D3051237B212"
"03_往届冠军仓库快照\R080_github_bubu-12_Ascendc-S5\.git\description","73","85AB6C163D43A17EA9CF7788308BCA1466F1B0A8D1CC92E26E9BF63DA4062AEE"
"03_往届冠军仓库快照\R080_github_bubu-12_Ascendc-S5\.git\HEAD","21","28D25BF82AF4C0E2B72F50959B2BEB859E3E60B9630A5E8C603DAD4DDB2B6E80"
"03_往届冠军仓库快照\R080_github_bubu-12_Ascendc-S5\.git\hooks\applypatch-msg.sample","478","0223497A0B8B033AA58A3A521B8629869386CF7AB0E2F101963D328AA62193F7"
"03_往届冠军仓库快照\R080_github_bubu-12_Ascendc-S5\.git\hooks\commit-msg.sample","896","1F74D5E9292979B573EBD59741D46CB93FF391ACDD083D340B94370753D92437"
"03_往届冠军仓库快照\R080_github_bubu-12_Ascendc-S5\.git\hooks\fsmonitor-watchman.sample","4726","E0549964E93897B519BD8E333C037E51FFF0F88BA13E086A331592BF801FA1D0"
"03_往届冠军仓库快照\R080_github_bubu-12_Ascendc-S5\.git\hooks\post-update.sample","189","81765AF2DAEF323061DCBC5E61FC16481CB74B3BAC9AD8A174B186523586F6C5"
"03_往届冠军仓库快照\R080_github_bubu-12_Ascendc-S5\.git\hooks\pre-applypatch.sample","424","E15C5B469EA3E0A695BEA6F2C82BCF8E62821074939DDD85B77E0007FF165475"
"03_往届冠军仓库快照\R080_github_bubu-12_Ascendc-S5\.git\hooks\pre-commit.sample","1649","57185B7B9F05239D7AB52DB045F5B89EB31348D7B2177EAB214F5EB872E1971B"
"03_往届冠军仓库快照\R080_github_bubu-12_Ascendc-S5\.git\hooks\pre-merge-commit.sample","416","D3825A70337940EBBD0A5C072984E13245920CDF8898BD225C8D27A6DFC9CB53"
"03_往届冠军仓库快照\R080_github_bubu-12_Ascendc-S5\.git\hooks\pre-push.sample","1374","ECCE9C7E04D3F5DD9D8ADA81753DD1D549A9634B26770042B58DDA00217D086A"
"03_往届冠军仓库快照\R080_github_bubu-12_Ascendc-S5\.git\hooks\pre-rebase.sample","4898","4FEBCE867790052338076F4E66CC47EFB14879D18097D1D61C8261859EAAA7B3"
"03_往届冠军仓库快照\R080_github_bubu-12_Ascendc-S5\.git\hooks\pre-receive.sample","544","A4C3D2B9C7BB3FD8D1441C31BD4EE71A595D66B44FCF49DDB310252320169989"
"03_往届冠军仓库快照\R080_github_bubu-12_Ascendc-S5\.git\hooks\prepare-commit-msg.sample","1492","E9DDCAA4189FDDD25ED97FC8C789ECA7B6CA16390B2392AE3276F0C8E1AA4619"
"03_往届冠军仓库快照\R080_github_bubu-12_Ascendc-S5\.git\hooks\push-to-checkout.sample","2783","A53D0741798B287C6DD7AFA64AEE473F305E65D3F49463BB9D7408EC3B12BF5F"
"03_往届冠军仓库快照\R080_github_bubu-12_Ascendc-S5\.git\hooks\sendemail-validate.sample","2308","44EBFC923DC5466BC009602F0ECF067B9C65459ABFE8868DDC49B78E6CED7A92"
"03_往届冠军仓库快照\R080_github_bubu-12_Ascendc-S5\.git\hooks\update.sample","3650","8D5F2FA83E103CF08B57EAA67521DF9194F45CBDBCB37DA52AD586097A14D106"
"03_往届冠军仓库快照\R080_github_bubu-12_Ascendc-S5\.git\index","465","19CD236A6F501B32F1446388A7D5BB8C4860F73BE9C984B42AFB22F533796318"
"03_往届冠军仓库快照\R080_github_bubu-12_Ascendc-S5\.git\info\exclude","240","6671FE83B7A07C8932EE89164D1F2793B2318058EB8B98DC5C06EE0A5A3B0EC1"
"03_往届冠军仓库快照\R080_github_bubu-12_Ascendc-S5\.git\logs\HEAD","185","78A6547FB752BB52B4E8C5B2E8CFA66F2527AFE6C75B546C4C93CCAB3662D0B6"
"03_往届冠军仓库快照\R080_github_bubu-12_Ascendc-S5\.git\logs\refs\heads\main","185","78A6547FB752BB52B4E8C5B2E8CFA66F2527AFE6C75B546C4C93CCAB3662D0B6"
"03_往届冠军仓库快照\R080_github_bubu-12_Ascendc-S5\.git\logs\refs\remotes\origin\HEAD","185","78A6547FB752BB52B4E8C5B2E8CFA66F2527AFE6C75B546C4C93CCAB3662D0B6"
"03_往届冠军仓库快照\R080_github_bubu-12_Ascendc-S5\.git\objects\pack\pack-6f972cc62bfda8ac8949602261ab000f970db3dd.idx","1324","04C9F673C11BA1B299BB2C4C4AB468DA9476E5FD7D0596DB41515C12E7D65649"
"03_往届冠军仓库快照\R080_github_bubu-12_Ascendc-S5\.git\objects\pack\pack-6f972cc62bfda8ac8949602261ab000f970db3dd.pack","1071662","7FA5510FEA54118C48A15774517973A1BBE08C2E6DBAB117C046DC4D8EC078F5"
"03_往届冠军仓库快照\R080_github_bubu-12_Ascendc-S5\.git\objects\pack\pack-6f972cc62bfda8ac8949602261ab000f970db3dd.rev","88","503622BF1A36672DB11A04D5F65709620809B23EBB2CA4E93251D8676F4B1FE1"
"03_往届冠军仓库快照\R080_github_bubu-12_Ascendc-S5\.git\packed-refs","112","E77225650EA429293166811A51E65CD3AA5BC27C846552EB59B881492550C0DC"
"03_往届冠军仓库快照\R080_github_bubu-12_Ascendc-S5\.git\refs\heads\main","41","1B27D8CDCE91CFA87422A700447BADDCEF3674A6D0FE1CDCDE79CABFA9BBD48B"
"03_往届冠军仓库快照\R080_github_bubu-12_Ascendc-S5\.git\refs\remotes\origin\HEAD","30","2BB6A24AA0FC6C484100F5D51A29BBAD841CD2C755F5D93FAA204E5DBB4EB2B4"
"03_往届冠军仓库快照\R080_github_bubu-12_Ascendc-S5\BitwiseLeftShift.zip","269423","2C2FEEF6AD848255C13C105A7D8B72558657F61CCC866C05963147B6AB34B50A"
"03_往届冠军仓库快照\R080_github_bubu-12_Ascendc-S5\Copysign.zip","252659","7A6C399DC38009449D4FD01C47DB77BCAB4174538431F22985076D928309DDBD"
"03_往届冠军仓库快照\R080_github_bubu-12_Ascendc-S5\GluGradJvp.zip","321727","644E1E23C2973A88A361C45C09AD6836FBB1FE2E0975A59EBF00C201A1100F34"
"03_往届冠军仓库快照\R080_github_bubu-12_Ascendc-S5\GluJvp.zip","255893","D785296A23DA01A3F55F72148176DD41710676B00074FBF0C543E8304A5A4B4B"
"03_往届冠军仓库快照\R080_github_bubu-12_Ascendc-S5\README.md","14","62406DB53D94F8CC92B5E424722473230526E641747A46AA1F3AFA7E58C6603A"
"03_往届冠军仓库快照\R081_github_Cishoon_AscendC-S4-Basic\.git\config","310","15F5D44914CDEA0C2C3946FD72DF29E5A1C61B227F99625CB78FC22E02718C70"
"03_往届冠军仓库快照\R081_github_Cishoon_AscendC-S4-Basic\.git\description","73","85AB6C163D43A17EA9CF7788308BCA1466F1B0A8D1CC92E26E9BF63DA4062AEE"
"03_往届冠军仓库快照\R081_github_Cishoon_AscendC-S4-Basic\.git\HEAD","23","F6F2B945F6C411B02BA3DA9C7ACE88DCF71B6AF65BA2E0D89AA82900042B5A10"
"03_往届冠军仓库快照\R081_github_Cishoon_AscendC-S4-Basic\.git\hooks\applypatch-msg.sample","478","0223497A0B8B033AA58A3A521B8629869386CF7AB0E2F101963D328AA62193F7"
"03_往届冠军仓库快照\R081_github_Cishoon_AscendC-S4-Basic\.git\hooks\commit-msg.sample","896","1F74D5E9292979B573EBD59741D46CB93FF391ACDD083D340B94370753D92437"
"03_往届冠军仓库快照\R081_github_Cishoon_AscendC-S4-Basic\.git\hooks\fsmonitor-watchman.sample","4726","E0549964E93897B519BD8E333C037E51FFF0F88BA13E086A331592BF801FA1D0"
"03_往届冠军仓库快照\R081_github_Cishoon_AscendC-S4-Basic\.git\hooks\post-update.sample","189","81765AF2DAEF323061DCBC5E61FC16481CB74B3BAC9AD8A174B186523586F6C5"
"03_往届冠军仓库快照\R081_github_Cishoon_AscendC-S4-Basic\.git\hooks\pre-applypatch.sample","424","E15C5B469EA3E0A695BEA6F2C82BCF8E62821074939DDD85B77E0007FF165475"
"03_往届冠军仓库快照\R081_github_Cishoon_AscendC-S4-Basic\.git\hooks\pre-commit.sample","1649","57185B7B9F05239D7AB52DB045F5B89EB31348D7B2177EAB214F5EB872E1971B"
"03_往届冠军仓库快照\R081_github_Cishoon_AscendC-S4-Basic\.git\hooks\pre-merge-commit.sample","416","D3825A70337940EBBD0A5C072984E13245920CDF8898BD225C8D27A6DFC9CB53"
"03_往届冠军仓库快照\R081_github_Cishoon_AscendC-S4-Basic\.git\hooks\pre-push.sample","1374","ECCE9C7E04D3F5DD9D8ADA81753DD1D549A9634B26770042B58DDA00217D086A"
"03_往届冠军仓库快照\R081_github_Cishoon_AscendC-S4-Basic\.git\hooks\pre-rebase.sample","4898","4FEBCE867790052338076F4E66CC47EFB14879D18097D1D61C8261859EAAA7B3"
"03_往届冠军仓库快照\R081_github_Cishoon_AscendC-S4-Basic\.git\hooks\pre-receive.sample","544","A4C3D2B9C7BB3FD8D1441C31BD4EE71A595D66B44FCF49DDB310252320169989"
"03_往届冠军仓库快照\R081_github_Cishoon_AscendC-S4-Basic\.git\hooks\prepare-commit-msg.sample","1492","E9DDCAA4189FDDD25ED97FC8C789ECA7B6CA16390B2392AE3276F0C8E1AA4619"
"03_往届冠军仓库快照\R081_github_Cishoon_AscendC-S4-Basic\.git\hooks\push-to-checkout.sample","2783","A53D0741798B287C6DD7AFA64AEE473F305E65D3F49463BB9D7408EC3B12BF5F"
"03_往届冠军仓库快照\R081_github_Cishoon_AscendC-S4-Basic\.git\hooks\sendemail-validate.sample","2308","44EBFC923DC5466BC009602F0ECF067B9C65459ABFE8868DDC49B78E6CED7A92"
"03_往届冠军仓库快照\R081_github_Cishoon_AscendC-S4-Basic\.git\hooks\update.sample","3650","8D5F2FA83E103CF08B57EAA67521DF9194F45CBDBCB37DA52AD586097A14D106"
"03_往届冠军仓库快照\R081_github_Cishoon_AscendC-S4-Basic\.git\index","1802","2A7DC63506A943D90815228709BEBB5933B7180787B8F61951F67ED03D118D35"
"03_往届冠军仓库快照\R081_github_Cishoon_AscendC-S4-Basic\.git\info\exclude","240","6671FE83B7A07C8932EE89164D1F2793B2318058EB8B98DC5C06EE0A5A3B0EC1"
"03_往届冠军仓库快照\R081_github_Cishoon_AscendC-S4-Basic\.git\logs\HEAD","191","045C4C08FFBC3417F8026EA009ECA4FB477415DAE29B215EC587A6DD3644DEF9"
"03_往届冠军仓库快照\R081_github_Cishoon_AscendC-S4-Basic\.git\logs\refs\heads\master","191","045C4C08FFBC3417F8026EA009ECA4FB477415DAE29B215EC587A6DD3644DEF9"
"03_往届冠军仓库快照\R081_github_Cishoon_AscendC-S4-Basic\.git\logs\refs\remotes\origin\HEAD","191","045C4C08FFBC3417F8026EA009ECA4FB477415DAE29B215EC587A6DD3644DEF9"
"03_往届冠军仓库快照\R081_github_Cishoon_AscendC-S4-Basic\.git\objects\pack\pack-5227e756d95c51df39b34fbe4c2f80d4717b84a3.idx","3788","19D8B8D8A655DB78E0E213C601615B199A414E5AE1DBA67CBD5A0BD711BAB6C9"
"03_往届冠军仓库快照\R081_github_Cishoon_AscendC-S4-Basic\.git\objects\pack\pack-5227e756d95c51df39b34fbe4c2f80d4717b84a3.pack","25868","B96F32102DD6332D8F791583E6F6AE1F76C69B7E7D4B120FF3247FE63682F376"
"03_往届冠军仓库快照\R081_github_Cishoon_AscendC-S4-Basic\.git\objects\pack\pack-5227e756d95c51df39b34fbe4c2f80d4717b84a3.rev","440","E0010879B4F8CA839F2FC782FF977E5DD23E350DF3D094170E2C8E992E5ED755"
"03_往届冠军仓库快照\R081_github_Cishoon_AscendC-S4-Basic\.git\packed-refs","114","BEF8090B6682D5025D4C558986BC88D27FD3ACA1A4C7DDA52EBD696BA32D89EF"
"03_往届冠军仓库快照\R081_github_Cishoon_AscendC-S4-Basic\.git\refs\heads\master","41","D9D11E9DB63D9B0B4277286150F7921AF9A7D11D2E2706AF35641B11A490A7B0"
"03_往届冠军仓库快照\R081_github_Cishoon_AscendC-S4-Basic\.git\refs\remotes\origin\HEAD","32","CDC65E67690C4C6475174E5EC662B70655246A2F3924354778835AB3BE70AA76"
"03_往届冠军仓库快照\R081_github_Cishoon_AscendC-S4-Basic\.gitignore","122","33512CD3165F4BCFF11B5BD88BC3EC5202BC291E60CFF482818989C0E97A3C0D"
"03_往届冠军仓库快照\R081_github_Cishoon_AscendC-S4-Basic\SelectV2.json","1845","0135B112E513A9090EEB0498F839A6A64A93D07956BB4BC80188C36F705A39B6"
"03_往届冠军仓库快照\R081_github_Cishoon_AscendC-S4-Basic\SelectV2\build.sh","2705","9467917557EF4ABD65E795B00B3C296687816AF66C411C871D4674F4CF642E01"
"03_往届冠军仓库快照\R081_github_Cishoon_AscendC-S4-Basic\SelectV2\CMakeLists.txt","3194","15A37B346CD1584B6DC8D139B436BE3D33BC3EF5D9FEBC8520F255DD0049FAF2"
"03_往届冠军仓库快照\R081_github_Cishoon_AscendC-S4-Basic\SelectV2\CMakePresets.json","2092","22DA386876CDEBB130F78C228EA845B4504A30EF88065286FFB533F05FCB8531"
"03_往届冠军仓库快照\R081_github_Cishoon_AscendC-S4-Basic\SelectV2\framework\CMakeLists.txt","396","2B9117B8865AB55A4C4018C86AD230F5C4AFDED78FBBEE939CB0385501C022B6"
"03_往届冠军仓库快照\R081_github_Cishoon_AscendC-S4-Basic\SelectV2\framework\tf_plugin\CMakeLists.txt","593","632568F858CE5D11D8405EC4C32E23A6403F184247953721C447DB5BF98057C9"
"03_往届冠军仓库快照\R081_github_Cishoon_AscendC-S4-Basic\SelectV2\framework\tf_plugin\tensorflow_select_v2_plugin.cc","883","2E72F9E4A61AB0014ECA1E5DD35DB5388E3C03DE05A48E906ED057AEFFBC7825"
"03_往届冠军仓库快照\R081_github_Cishoon_AscendC-S4-Basic\SelectV2\op_host\CMakeLists.txt","3399","3E4C4E1D48FA45CCEE19105E76469FD612A7EC665B40C55B76AE6C381F09F8A7"
"03_往届冠军仓库快照\R081_github_Cishoon_AscendC-S4-Basic\SelectV2\op_host\select_v2_tiling.h","1544","32B363130A24D373680F150EC7CDDF17B93D31B84EDD05F0122C06B75AC5DA49"
"03_往届冠军仓库快照\R081_github_Cishoon_AscendC-S4-Basic\SelectV2\op_host\select_v2.cpp","8262","E2FD0AA49FB672F2E9418D1658F96F5F39D5367003DC71F43005A6DAB81F582F"
"03_往届冠军仓库快照\R081_github_Cishoon_AscendC-S4-Basic\SelectV2\op_kernel\CMakeLists.txt","2801","C9140527EE7F6C117D5177A5FC49CAD3A2D8077FBFD6334B6885DC96ACC8C3AD"
"03_往届冠军仓库快照\R081_github_Cishoon_AscendC-S4-Basic\SelectV2\op_kernel\select_v2.cpp","30281","F5DBED4DF1A9D05098CB1DB8B7923EB41F00592BDA51B172DE21BCA72E7FE737"
"03_往届冠军仓库快照\R081_github_Cishoon_AscendC-S4-Basic\SelectV2\scripts\help.info","81","27067F1EC0A23A694AE80EC4A05BC68415A284FBAF509B1A9CC0234035C61E5B"
"03_往届冠军仓库快照\R081_github_Cishoon_AscendC-S4-Basic\SelectV2\scripts\install.sh","9881","02862BAF881E9EBFA0EB5F43BE11932391E2B1EDC1D6C1C508812B5410C04181"
"03_往届冠军仓库快照\R081_github_Cishoon_AscendC-S4-Basic\SelectV2\scripts\upgrade.sh","4151","DDF117CFD96BF93194F66A8C4C7A298A263254107D1EFAE8F2081F0626E4C1F7"
"03_往届冠军仓库快照\R082_github_clamee_-AI---\.git\config","295","4BA7119F4DD0F96E4461656E295222BBCEA2D18ED1B19699B9924DCF3E4DD9F2"
"03_往届冠军仓库快照\R082_github_clamee_-AI---\.git\description","73","85AB6C163D43A17EA9CF7788308BCA1466F1B0A8D1CC92E26E9BF63DA4062AEE"
"03_往届冠军仓库快照\R082_github_clamee_-AI---\.git\HEAD","21","28D25BF82AF4C0E2B72F50959B2BEB859E3E60B9630A5E8C603DAD4DDB2B6E80"
"03_往届冠军仓库快照\R082_github_clamee_-AI---\.git\hooks\applypatch-msg.sample","478","0223497A0B8B033AA58A3A521B8629869386CF7AB0E2F101963D328AA62193F7"
"03_往届冠军仓库快照\R082_github_clamee_-AI---\.git\hooks\commit-msg.sample","896","1F74D5E9292979B573EBD59741D46CB93FF391ACDD083D340B94370753D92437"
"03_往届冠军仓库快照\R082_github_clamee_-AI---\.git\hooks\fsmonitor-watchman.sample","4726","E0549964E93897B519BD8E333C037E51FFF0F88BA13E086A331592BF801FA1D0"
"03_往届冠军仓库快照\R082_github_clamee_-AI---\.git\hooks\post-update.sample","189","81765AF2DAEF323061DCBC5E61FC16481CB74B3BAC9AD8A174B186523586F6C5"
"03_往届冠军仓库快照\R082_github_clamee_-AI---\.git\hooks\pre-applypatch.sample","424","E15C5B469EA3E0A695BEA6F2C82BCF8E62821074939DDD85B77E0007FF165475"
"03_往届冠军仓库快照\R082_github_clamee_-AI---\.git\hooks\pre-commit.sample","1649","57185B7B9F05239D7AB52DB045F5B89EB31348D7B2177EAB214F5EB872E1971B"
"03_往届冠军仓库快照\R082_github_clamee_-AI---\.git\hooks\pre-merge-commit.sample","416","D3825A70337940EBBD0A5C072984E13245920CDF8898BD225C8D27A6DFC9CB53"
"03_往届冠军仓库快照\R082_github_clamee_-AI---\.git\hooks\pre-push.sample","1374","ECCE9C7E04D3F5DD9D8ADA81753DD1D549A9634B26770042B58DDA00217D086A"
"03_往届冠军仓库快照\R082_github_clamee_-AI---\.git\hooks\pre-rebase.sample","4898","4FEBCE867790052338076F4E66CC47EFB14879D18097D1D61C8261859EAAA7B3"
"03_往届冠军仓库快照\R082_github_clamee_-AI---\.git\hooks\pre-receive.sample","544","A4C3D2B9C7BB3FD8D1441C31BD4EE71A595D66B44FCF49DDB310252320169989"
"03_往届冠军仓库快照\R082_github_clamee_-AI---\.git\hooks\prepare-commit-msg.sample","1492","E9DDCAA4189FDDD25ED97FC8C789ECA7B6CA16390B2392AE3276F0C8E1AA4619"
"03_往届冠军仓库快照\R082_github_clamee_-AI---\.git\hooks\push-to-checkout.sample","2783","A53D0741798B287C6DD7AFA64AEE473F305E65D3F49463BB9D7408EC3B12BF5F"
"03_往届冠军仓库快照\R082_github_clamee_-AI---\.git\hooks\sendemail-validate.sample","2308","44EBFC923DC5466BC009602F0ECF067B9C65459ABFE8868DDC49B78E6CED7A92"
"03_往届冠军仓库快照\R082_github_clamee_-AI---\.git\hooks\update.sample","3650","8D5F2FA83E103CF08B57EAA67521DF9194F45CBDBCB37DA52AD586097A14D106"
"03_往届冠军仓库快照\R082_github_clamee_-AI---\.git\index","2537","2FDF0D415E430E2B7F799D2A7D77555F4C74A3D5EAABF97369DB33DD253FB861"
"03_往届冠军仓库快照\R082_github_clamee_-AI---\.git\info\exclude","240","6671FE83B7A07C8932EE89164D1F2793B2318058EB8B98DC5C06EE0A5A3B0EC1"
"03_往届冠军仓库快照\R082_github_clamee_-AI---\.git\logs\HEAD","180","8037068589A040035327DAEEFB3C6CF5895B60E52194E334D65699357AB2EB4E"
"03_往届冠军仓库快照\R082_github_clamee_-AI---\.git\logs\refs\heads\main","180","8037068589A040035327DAEEFB3C6CF5895B60E52194E334D65699357AB2EB4E"
"03_往届冠军仓库快照\R082_github_clamee_-AI---\.git\logs\refs\remotes\origin\HEAD","180","8037068589A040035327DAEEFB3C6CF5895B60E52194E334D65699357AB2EB4E"
"03_往届冠军仓库快照\R082_github_clamee_-AI---\.git\objects\pack\pack-5d844eb8205aab0eb4bb3b5151be78d5cc1f6f6a.idx","1940","A6A122B580F3C26334D3BAAFD270F7201BDB2AC9D0E4CFAC70052C1E9422FF65"
"03_往届冠军仓库快照\R082_github_clamee_-AI---\.git\objects\pack\pack-5d844eb8205aab0eb4bb3b5151be78d5cc1f6f6a.pack","570685","091AFA0AF788CEE74340298BC5D4E7868E78280EAC7044B92FE07CFE20FB604E"
"03_往届冠军仓库快照\R082_github_clamee_-AI---\.git\objects\pack\pack-5d844eb8205aab0eb4bb3b5151be78d5cc1f6f6a.rev","176","504FBB4CF75FF7B85D5E3463C123A60C0D6221D6A60071D0593DAF091DCD0CE7"
"03_往届冠军仓库快照\R082_github_clamee_-AI---\.git\packed-refs","112","68A68EBA79922BBBAAE57DD50630E2D372152CB9BFF57EBEF0720D485E0C228C"
"03_往届冠军仓库快照\R082_github_clamee_-AI---\.git\refs\heads\main","41","92EDB96BCEC321B9C27B9C8B86E664D61FF2214397CD473D64F6298C0D5D3013"
"03_往届冠军仓库快照\R082_github_clamee_-AI---\.git\refs\remotes\origin\HEAD","30","2BB6A24AA0FC6C484100F5D51A29BBAD841CD2C755F5D93FAA204E5DBB4EB2B4"
"03_往届冠军仓库快照\R082_github_clamee_-AI---\BitwiseLeftShift\custom_opp_euleros_aarch64.run","194770","D6A8B6EDF0CC50D5837590E053893BD5298F6EDFE848C5EBA25DFC10F6F1F3A8"
"03_往届冠军仓库快照\R082_github_clamee_-AI---\BitwiseLeftShift\op_host\bitwise_left_shift_tiling.h","491","038F3EB81EE309E50DB3D364F535D06F6E2B05447A5C8C30294D8685632BEC6B"
"03_往届冠军仓库快照\R082_github_clamee_-AI---\BitwiseLeftShift\op_host\bitwise_left_shift.cpp","4494","24E5B3290F29B14C13319655482CCE816B6819BC9E0D33DD8D8EC5B6700A28B2"
"03_往届冠军仓库快照\R082_github_clamee_-AI---\BitwiseLeftShift\op_host\CMakeLists.txt","3399","BDC23150BEDFD045F74B1B6F30EB630F2CEC5842A9ED7801707161EA2D8B295A"
"03_往届冠军仓库快照\R082_github_clamee_-AI---\BitwiseLeftShift\op_kernel\.bitwise_left_shift.cpp.swo","16384","2F58C1DA8F5C0CB0902314F097CDFEDFD8425DD9E6C3157B02671EFA1C3056FB"
"03_往届冠军仓库快照\R082_github_clamee_-AI---\BitwiseLeftShift\op_kernel\bitwise_left_shift.cpp","18130","C3BDC558A989578A463F6F72617CBD083F5AE9F59AA9D6CE44DE4B3219ECF7AE"
"03_往届冠军仓库快照\R082_github_clamee_-AI---\BitwiseLeftShift\op_kernel\CMakeLists.txt","2758","734B2C7EFA66073F407CDDBD9C06D9DA10A9B29126099D57F6D4BACEB9A27253"
"03_往届冠军仓库快照\R082_github_clamee_-AI---\Copysign\custom_opp_euleros_aarch64.run","187485","1A7CFC86AA3A3FA330311CE6446DF569D6888F79D6B9879321E4A10DF939A29B"
"03_往届冠军仓库快照\R082_github_clamee_-AI---\Copysign\op_host\CMakeLists.txt","3399","BDC23150BEDFD045F74B1B6F30EB630F2CEC5842A9ED7801707161EA2D8B295A"
"03_往届冠军仓库快照\R082_github_clamee_-AI---\Copysign\op_host\copysign_tiling.h","466","64DB3CAA5C755936B0769690BACB6CB02CD2EF975C6D62D68905A7E78D26853E"
"03_往届冠军仓库快照\R082_github_clamee_-AI---\Copysign\op_host\copysign.cpp","3863","8460B5F13DC48E49611497993F0984ADBCD39DE1FAFD4B17CF37F64584A3871B"
"03_往届冠军仓库快照\R082_github_clamee_-AI---\Copysign\op_kernel\CMakeLists.txt","2758","734B2C7EFA66073F407CDDBD9C06D9DA10A9B29126099D57F6D4BACEB9A27253"
"03_往届冠军仓库快照\R082_github_clamee_-AI---\Copysign\op_kernel\copysign.cpp","11786","2837191F9F975B19310126F01FBC50D8D1FED4EBB203AB2B19F3955FAE90D65D"
"03_往届冠军仓库快照\R082_github_clamee_-AI---\Lcm\custom_opp_euleros_aarch64.run","211904","96FD898C4FF421118E830850680EB84613EF6F2EB2C31ED0C9E5EADE535FF2CD"
"03_往届冠军仓库快照\R082_github_clamee_-AI---\Lcm\op_host\CMakeLists.txt","3399","BDC23150BEDFD045F74B1B6F30EB630F2CEC5842A9ED7801707161EA2D8B295A"
"03_往届冠军仓库快照\R082_github_clamee_-AI---\Lcm\op_host\lcm_tiling.h","451","A4D648A2FBA9A07B862A16A4A063C0639A377C4BBB2BF8AAD335D94A83E669A6"
"03_往届冠军仓库快照\R082_github_clamee_-AI---\Lcm\op_host\lcm.cpp","4393","F46693C1BBDB202F65AD146AE1693B68F357AD998DB594F0F1D969A5558A8111"
"03_往届冠军仓库快照\R082_github_clamee_-AI---\Lcm\op_kernel\.ipynb_checkpoints\lcm-checkpoint.cpp","27181","AAC96C8EED7C761F3E0C517FF21381A2BF1FA074493BC27CB7A19669AB2FF952"
"03_往届冠军仓库快照\R082_github_clamee_-AI---\Lcm\op_kernel\CMakeLists.txt","2758","734B2C7EFA66073F407CDDBD9C06D9DA10A9B29126099D57F6D4BACEB9A27253"
"03_往届冠军仓库快照\R082_github_clamee_-AI---\Lcm\op_kernel\lcm.cpp","22433","6CE7A6DD40F6B6290751C92A56D82EE0DC0078974897E612A967D8F74A1AD18A"
"03_往届冠军仓库快照\R082_github_clamee_-AI---\README.md","8","1F56BCA2FFB23433E16C62E2BC497A238D641BFA021CF967EE36EBD05F191D0C"
"03_往届冠军仓库快照\R083_github_clamee_s6-Hypot\.git\config","297","BD94EE66D0D6FB992B41ECCB82AB323C91826D9D20DD643C316719086047408A"
"03_往届冠军仓库快照\R083_github_clamee_s6-Hypot\.git\description","73","85AB6C163D43A17EA9CF7788308BCA1466F1B0A8D1CC92E26E9BF63DA4062AEE"
"03_往届冠军仓库快照\R083_github_clamee_s6-Hypot\.git\HEAD","21","28D25BF82AF4C0E2B72F50959B2BEB859E3E60B9630A5E8C603DAD4DDB2B6E80"
"03_往届冠军仓库快照\R083_github_clamee_s6-Hypot\.git\hooks\applypatch-msg.sample","478","0223497A0B8B033AA58A3A521B8629869386CF7AB0E2F101963D328AA62193F7"
"03_往届冠军仓库快照\R083_github_clamee_s6-Hypot\.git\hooks\commit-msg.sample","896","1F74D5E9292979B573EBD59741D46CB93FF391ACDD083D340B94370753D92437"
"03_往届冠军仓库快照\R083_github_clamee_s6-Hypot\.git\hooks\fsmonitor-watchman.sample","4726","E0549964E93897B519BD8E333C037E51FFF0F88BA13E086A331592BF801FA1D0"
"03_往届冠军仓库快照\R083_github_clamee_s6-Hypot\.git\hooks\post-update.sample","189","81765AF2DAEF323061DCBC5E61FC16481CB74B3BAC9AD8A174B186523586F6C5"
"03_往届冠军仓库快照\R083_github_clamee_s6-Hypot\.git\hooks\pre-applypatch.sample","424","E15C5B469EA3E0A695BEA6F2C82BCF8E62821074939DDD85B77E0007FF165475"
"03_往届冠军仓库快照\R083_github_clamee_s6-Hypot\.git\hooks\pre-commit.sample","1649","57185B7B9F05239D7AB52DB045F5B89EB31348D7B2177EAB214F5EB872E1971B"
"03_往届冠军仓库快照\R083_github_clamee_s6-Hypot\.git\hooks\pre-merge-commit.sample","416","D3825A70337940EBBD0A5C072984E13245920CDF8898BD225C8D27A6DFC9CB53"
"03_往届冠军仓库快照\R083_github_clamee_s6-Hypot\.git\hooks\pre-push.sample","1374","ECCE9C7E04D3F5DD9D8ADA81753DD1D549A9634B26770042B58DDA00217D086A"
"03_往届冠军仓库快照\R083_github_clamee_s6-Hypot\.git\hooks\pre-rebase.sample","4898","4FEBCE867790052338076F4E66CC47EFB14879D18097D1D61C8261859EAAA7B3"
"03_往届冠军仓库快照\R083_github_clamee_s6-Hypot\.git\hooks\pre-receive.sample","544","A4C3D2B9C7BB3FD8D1441C31BD4EE71A595D66B44FCF49DDB310252320169989"
"03_往届冠军仓库快照\R083_github_clamee_s6-Hypot\.git\hooks\prepare-commit-msg.sample","1492","E9DDCAA4189FDDD25ED97FC8C789ECA7B6CA16390B2392AE3276F0C8E1AA4619"
"03_往届冠军仓库快照\R083_github_clamee_s6-Hypot\.git\hooks\push-to-checkout.sample","2783","A53D0741798B287C6DD7AFA64AEE473F305E65D3F49463BB9D7408EC3B12BF5F"
"03_往届冠军仓库快照\R083_github_clamee_s6-Hypot\.git\hooks\sendemail-validate.sample","2308","44EBFC923DC5466BC009602F0ECF067B9C65459ABFE8868DDC49B78E6CED7A92"
"03_往届冠军仓库快照\R083_github_clamee_s6-Hypot\.git\hooks\update.sample","3650","8D5F2FA83E103CF08B57EAA67521DF9194F45CBDBCB37DA52AD586097A14D106"
"03_往届冠军仓库快照\R083_github_clamee_s6-Hypot\.git\index","137","B1196E23727A898D0D9776AB41B6CCE0E616E6565EFE72519BD2144D1C677409"
"03_往届冠军仓库快照\R083_github_clamee_s6-Hypot\.git\info\exclude","240","6671FE83B7A07C8932EE89164D1F2793B2318058EB8B98DC5C06EE0A5A3B0EC1"
"03_往届冠军仓库快照\R083_github_clamee_s6-Hypot\.git\logs\HEAD","182","20903F86549D4AF5A7A8208FD81BA083F13AE25CBBB2443C22FF77AF1745C40F"
"03_往届冠军仓库快照\R083_github_clamee_s6-Hypot\.git\logs\refs\heads\main","182","20903F86549D4AF5A7A8208FD81BA083F13AE25CBBB2443C22FF77AF1745C40F"
"03_往届冠军仓库快照\R083_github_clamee_s6-Hypot\.git\logs\refs\remotes\origin\HEAD","182","20903F86549D4AF5A7A8208FD81BA083F13AE25CBBB2443C22FF77AF1745C40F"
"03_往届冠军仓库快照\R083_github_clamee_s6-Hypot\.git\objects\pack\pack-8e6d8c69e0b64f16180dff520511f9dbe4c2f848.idx","1156","DC9CAFCF1FA103004364D2A27EDF7F6426718A7A92B0F3FCF57C8C0940D5EC5D"
"03_往届冠军仓库快照\R083_github_clamee_s6-Hypot\.git\objects\pack\pack-8e6d8c69e0b64f16180dff520511f9dbe4c2f848.pack","255436","38FDABBA3BBC437F080E618412B60C8D0A61BAB0F7998A131E4FAF46E3A785B8"
"03_往届冠军仓库快照\R083_github_clamee_s6-Hypot\.git\objects\pack\pack-8e6d8c69e0b64f16180dff520511f9dbe4c2f848.rev","64","601D560353EE5434B5DAEA18A1F87AD7F496DE082B9C5715990171142F16C4A7"
"03_往届冠军仓库快照\R083_github_clamee_s6-Hypot\.git\packed-refs","112","D0308C7350DE8B21EA75DA9706677E87EA5F8E193ED7EA56A9B86F69460F5B58"
"03_往届冠军仓库快照\R083_github_clamee_s6-Hypot\.git\refs\heads\main","41","31E674142FC776D0017AE2C41D567A11ADBBCBF557839CE3C710D50E9658BE0B"
"03_往届冠军仓库快照\R083_github_clamee_s6-Hypot\.git\refs\remotes\origin\HEAD","30","2BB6A24AA0FC6C484100F5D51A29BBAD841CD2C755F5D93FAA204E5DBB4EB2B4"
"03_往届冠军仓库快照\R083_github_clamee_s6-Hypot\Hypot.zip","256261","48E2770162C2EC0A3C8C47533A1CDC14507F0B54F3F8F2E0BD70933B595DDBFD"
"03_往届冠军仓库快照\R084_github_DanceToBurning_Ascend-S6-\.git\config","307","EEC7DD50DEB93F3C8741D73224280DDE30106659166546EC17B0363077713069"
"03_往届冠军仓库快照\R084_github_DanceToBurning_Ascend-S6-\.git\description","73","85AB6C163D43A17EA9CF7788308BCA1466F1B0A8D1CC92E26E9BF63DA4062AEE"
"03_往届冠军仓库快照\R084_github_DanceToBurning_Ascend-S6-\.git\HEAD","21","28D25BF82AF4C0E2B72F50959B2BEB859E3E60B9630A5E8C603DAD4DDB2B6E80"
"03_往届冠军仓库快照\R084_github_DanceToBurning_Ascend-S6-\.git\hooks\applypatch-msg.sample","478","0223497A0B8B033AA58A3A521B8629869386CF7AB0E2F101963D328AA62193F7"
"03_往届冠军仓库快照\R084_github_DanceToBurning_Ascend-S6-\.git\hooks\commit-msg.sample","896","1F74D5E9292979B573EBD59741D46CB93FF391ACDD083D340B94370753D92437"
"03_往届冠军仓库快照\R084_github_DanceToBurning_Ascend-S6-\.git\hooks\fsmonitor-watchman.sample","4726","E0549964E93897B519BD8E333C037E51FFF0F88BA13E086A331592BF801FA1D0"
"03_往届冠军仓库快照\R084_github_DanceToBurning_Ascend-S6-\.git\hooks\post-update.sample","189","81765AF2DAEF323061DCBC5E61FC16481CB74B3BAC9AD8A174B186523586F6C5"
"03_往届冠军仓库快照\R084_github_DanceToBurning_Ascend-S6-\.git\hooks\pre-applypatch.sample","424","E15C5B469EA3E0A695BEA6F2C82BCF8E62821074939DDD85B77E0007FF165475"
"03_往届冠军仓库快照\R084_github_DanceToBurning_Ascend-S6-\.git\hooks\pre-commit.sample","1649","57185B7B9F05239D7AB52DB045F5B89EB31348D7B2177EAB214F5EB872E1971B"
"03_往届冠军仓库快照\R084_github_DanceToBurning_Ascend-S6-\.git\hooks\pre-merge-commit.sample","416","D3825A70337940EBBD0A5C072984E13245920CDF8898BD225C8D27A6DFC9CB53"
"03_往届冠军仓库快照\R084_github_DanceToBurning_Ascend-S6-\.git\hooks\pre-push.sample","1374","ECCE9C7E04D3F5DD9D8ADA81753DD1D549A9634B26770042B58DDA00217D086A"
"03_往届冠军仓库快照\R084_github_DanceToBurning_Ascend-S6-\.git\hooks\pre-rebase.sample","4898","4FEBCE867790052338076F4E66CC47EFB14879D18097D1D61C8261859EAAA7B3"
"03_往届冠军仓库快照\R084_github_DanceToBurning_Ascend-S6-\.git\hooks\pre-receive.sample","544","A4C3D2B9C7BB3FD8D1441C31BD4EE71A595D66B44FCF49DDB310252320169989"
"03_往届冠军仓库快照\R084_github_DanceToBurning_Ascend-S6-\.git\hooks\prepare-commit-msg.sample","1492","E9DDCAA4189FDDD25ED97FC8C789ECA7B6CA16390B2392AE3276F0C8E1AA4619"
"03_往届冠军仓库快照\R084_github_DanceToBurning_Ascend-S6-\.git\hooks\push-to-checkout.sample","2783","A53D0741798B287C6DD7AFA64AEE473F305E65D3F49463BB9D7408EC3B12BF5F"
"03_往届冠军仓库快照\R084_github_DanceToBurning_Ascend-S6-\.git\hooks\sendemail-validate.sample","2308","44EBFC923DC5466BC009602F0ECF067B9C65459ABFE8868DDC49B78E6CED7A92"
"03_往届冠军仓库快照\R084_github_DanceToBurning_Ascend-S6-\.git\hooks\update.sample","3650","8D5F2FA83E103CF08B57EAA67521DF9194F45CBDBCB37DA52AD586097A14D106"
"03_往届冠军仓库快照\R084_github_DanceToBurning_Ascend-S6-\.git\index","1816","62BA75635316182EABDD4F183052E90E9ADB6C5B47E806FBA21F8BDFCA47CBA5"
"03_往届冠军仓库快照\R084_github_DanceToBurning_Ascend-S6-\.git\info\exclude","240","6671FE83B7A07C8932EE89164D1F2793B2318058EB8B98DC5C06EE0A5A3B0EC1"
"03_往届冠军仓库快照\R084_github_DanceToBurning_Ascend-S6-\.git\logs\HEAD","192","4F7415377C8694CCA95271E6013D0657044D9ACF17ED2EAA3E225FDDC8D1908E"
"03_往届冠军仓库快照\R084_github_DanceToBurning_Ascend-S6-\.git\logs\refs\heads\main","192","4F7415377C8694CCA95271E6013D0657044D9ACF17ED2EAA3E225FDDC8D1908E"
"03_往届冠军仓库快照\R084_github_DanceToBurning_Ascend-S6-\.git\logs\refs\remotes\origin\HEAD","192","4F7415377C8694CCA95271E6013D0657044D9ACF17ED2EAA3E225FDDC8D1908E"
"03_往届冠军仓库快照\R084_github_DanceToBurning_Ascend-S6-\.git\objects\pack\pack-3d45bd6c9192d209c8c9281d0c9a643ef2ac99b0.idx","2696","53FC041A5571B9801031E2B463F16690EF85187F9DA389C13C1EA0736F6012F4"
"03_往届冠军仓库快照\R084_github_DanceToBurning_Ascend-S6-\.git\objects\pack\pack-3d45bd6c9192d209c8c9281d0c9a643ef2ac99b0.pack","18881","87D9943094D8E3BC930D3BEBC1F78D85C241D2E1D0A6C7F62BA1A3A70970AD0D"
"03_往届冠军仓库快照\R084_github_DanceToBurning_Ascend-S6-\.git\objects\pack\pack-3d45bd6c9192d209c8c9281d0c9a643ef2ac99b0.rev","284","AF619F29C64742A16BBC141945C0AEA25865CC44097DF0981BBC250C1C9FD099"
"03_往届冠军仓库快照\R084_github_DanceToBurning_Ascend-S6-\.git\packed-refs","112","71EFB1EB74C7DF8934869BD4F9CA8D88FF799D11E9E4B4DEA9BAEB98FB0A812D"
"03_往届冠军仓库快照\R084_github_DanceToBurning_Ascend-S6-\.git\refs\heads\main","41","9B140E24518FFE0F91135AAE1F4494A0E37E1895DF846C365885015BA3908B99"
"03_往届冠军仓库快照\R084_github_DanceToBurning_Ascend-S6-\.git\refs\remotes\origin\HEAD","30","2BB6A24AA0FC6C484100F5D51A29BBAD841CD2C755F5D93FAA204E5DBB4EB2B4"
"03_往届冠军仓库快照\R084_github_DanceToBurning_Ascend-S6-\fmin\op_host\CMakeLists.txt","6641","3F99E9B8934BF9C16722CC36EB95402AE05D12AE473A7F97F77F1ACA75121402"
"03_往届冠军仓库快照\R084_github_DanceToBurning_Ascend-S6-\fmin\op_host\fmin_tiling.h","498","664004319623CA3FD28BB52F88C44C8F1378B84AA4F1597BAF5CA9BBBC49F006"
"03_往届冠军仓库快照\R084_github_DanceToBurning_Ascend-S6-\fmin\op_host\fmin.cpp","4794","229F4AF0DBD8AC40602915F0F28C9E3CEBDCB878F484BB8D72B413955BAC0E61"
"03_往届冠军仓库快照\R084_github_DanceToBurning_Ascend-S6-\fmin\op_kernel\CMakeLists.txt","160","28DB4CC809D625D8A352D6078635873484A8D90CF5645711D0FD4FDC6AA6DA81"
"03_往届冠军仓库快照\R084_github_DanceToBurning_Ascend-S6-\fmin\op_kernel\fmin.cpp","18480","E256E945CEE5A8B32A4BBCB1E3C72551C148B12EB7402AC84D6D788BCCF91815"
"03_往届冠军仓库快照\R084_github_DanceToBurning_Ascend-S6-\hypot\op_host\CMakeLists.txt","6641","3F99E9B8934BF9C16722CC36EB95402AE05D12AE473A7F97F77F1ACA75121402"
"03_往届冠军仓库快照\R084_github_DanceToBurning_Ascend-S6-\hypot\op_host\hypot_tiling.h","507","2BBC69291AC1F89D1274663FF41102B3EB2D81F28372E101B4C1297E8B355C18"
"03_往届冠军仓库快照\R084_github_DanceToBurning_Ascend-S6-\hypot\op_host\hypot.cpp","4845","D7B9B4901A964B81B959C99742AD6BA5CC8C1DE429FEB85F55613E289F84BB6F"
"03_往届冠军仓库快照\R084_github_DanceToBurning_Ascend-S6-\hypot\op_kernel\CMakeLists.txt","160","28DB4CC809D625D8A352D6078635873484A8D90CF5645711D0FD4FDC6AA6DA81"
"03_往届冠军仓库快照\R084_github_DanceToBurning_Ascend-S6-\hypot\op_kernel\hypot.cpp","23805","60953A6E7D6C44F1425E98641A65131924F3D72196E701599093FCBF0B1F028D"
"03_往届冠军仓库快照\R084_github_DanceToBurning_Ascend-S6-\logcumsumexp\op_host\CMakeLists.txt","6641","3F99E9B8934BF9C16722CC36EB95402AE05D12AE473A7F97F77F1ACA75121402"
"03_往届冠军仓库快照\R084_github_DanceToBurning_Ascend-S6-\logcumsumexp\op_host\logcumsumexp_tiling.h","443","1B5FD8AF8515F819FF25F13F3D47725795CD07EF1447AC25C7D1086B40418B40"
"03_往届冠军仓库快照\R084_github_DanceToBurning_Ascend-S6-\logcumsumexp\op_host\logcumsumexp.cpp","2691","32A8BFCDAE16725E02C656E893B068A16D798C410333A1BFF2BAF4F2A88BDE6C"
"03_往届冠军仓库快照\R084_github_DanceToBurning_Ascend-S6-\logcumsumexp\op_kernel\CMakeLists.txt","160","28DB4CC809D625D8A352D6078635873484A8D90CF5645711D0FD4FDC6AA6DA81"
"03_往届冠军仓库快照\R084_github_DanceToBurning_Ascend-S6-\logcumsumexp\op_kernel\logcumsumexp.cpp","12293","AC43BF1AB0F94CC355BA3F09757AA2F971593EADAFCB8BB58221F645756A5AC7"
"03_往届冠军仓库快照\R085_github_halfstark_ascend-s5\.git\config","301","7E7E54288A95CE61A93B8D3ABE16DF1B8760E7C8563ECB2D60D92E7F8EB233D9"
"03_往届冠军仓库快照\R085_github_halfstark_ascend-s5\.git\description","73","85AB6C163D43A17EA9CF7788308BCA1466F1B0A8D1CC92E26E9BF63DA4062AEE"
"03_往届冠军仓库快照\R085_github_halfstark_ascend-s5\.git\HEAD","21","28D25BF82AF4C0E2B72F50959B2BEB859E3E60B9630A5E8C603DAD4DDB2B6E80"
"03_往届冠军仓库快照\R085_github_halfstark_ascend-s5\.git\hooks\applypatch-msg.sample","478","0223497A0B8B033AA58A3A521B8629869386CF7AB0E2F101963D328AA62193F7"
"03_往届冠军仓库快照\R085_github_halfstark_ascend-s5\.git\hooks\commit-msg.sample","896","1F74D5E9292979B573EBD59741D46CB93FF391ACDD083D340B94370753D92437"
"03_往届冠军仓库快照\R085_github_halfstark_ascend-s5\.git\hooks\fsmonitor-watchman.sample","4726","E0549964E93897B519BD8E333C037E51FFF0F88BA13E086A331592BF801FA1D0"
"03_往届冠军仓库快照\R085_github_halfstark_ascend-s5\.git\hooks\post-update.sample","189","81765AF2DAEF323061DCBC5E61FC16481CB74B3BAC9AD8A174B186523586F6C5"
"03_往届冠军仓库快照\R085_github_halfstark_ascend-s5\.git\hooks\pre-applypatch.sample","424","E15C5B469EA3E0A695BEA6F2C82BCF8E62821074939DDD85B77E0007FF165475"
"03_往届冠军仓库快照\R085_github_halfstark_ascend-s5\.git\hooks\pre-commit.sample","1649","57185B7B9F05239D7AB52DB045F5B89EB31348D7B2177EAB214F5EB872E1971B"
"03_往届冠军仓库快照\R085_github_halfstark_ascend-s5\.git\hooks\pre-merge-commit.sample","416","D3825A70337940EBBD0A5C072984E13245920CDF8898BD225C8D27A6DFC9CB53"
"03_往届冠军仓库快照\R085_github_halfstark_ascend-s5\.git\hooks\pre-push.sample","1374","ECCE9C7E04D3F5DD9D8ADA81753DD1D549A9634B26770042B58DDA00217D086A"
"03_往届冠军仓库快照\R085_github_halfstark_ascend-s5\.git\hooks\pre-rebase.sample","4898","4FEBCE867790052338076F4E66CC47EFB14879D18097D1D61C8261859EAAA7B3"
"03_往届冠军仓库快照\R085_github_halfstark_ascend-s5\.git\hooks\pre-receive.sample","544","A4C3D2B9C7BB3FD8D1441C31BD4EE71A595D66B44FCF49DDB310252320169989"
"03_往届冠军仓库快照\R085_github_halfstark_ascend-s5\.git\hooks\prepare-commit-msg.sample","1492","E9DDCAA4189FDDD25ED97FC8C789ECA7B6CA16390B2392AE3276F0C8E1AA4619"
"03_往届冠军仓库快照\R085_github_halfstark_ascend-s5\.git\hooks\push-to-checkout.sample","2783","A53D0741798B287C6DD7AFA64AEE473F305E65D3F49463BB9D7408EC3B12BF5F"
"03_往届冠军仓库快照\R085_github_halfstark_ascend-s5\.git\hooks\sendemail-validate.sample","2308","44EBFC923DC5466BC009602F0ECF067B9C65459ABFE8868DDC49B78E6CED7A92"
"03_往届冠军仓库快照\R085_github_halfstark_ascend-s5\.git\hooks\update.sample","3650","8D5F2FA83E103CF08B57EAA67521DF9194F45CBDBCB37DA52AD586097A14D106"
"03_往届冠军仓库快照\R085_github_halfstark_ascend-s5\.git\index","4262","C7278BF262F9A1B6C14CDEF1175AE9B101745EC8723B16790B3925C81593F2E8"
"03_往届冠军仓库快照\R085_github_halfstark_ascend-s5\.git\info\exclude","240","6671FE83B7A07C8932EE89164D1F2793B2318058EB8B98DC5C06EE0A5A3B0EC1"
"03_往届冠军仓库快照\R085_github_halfstark_ascend-s5\.git\logs\HEAD","186","FA1A34A11920049241D6FFFADEA85863895F85E17F055CF1DB438ECB2569AAE4"
"03_往届冠军仓库快照\R085_github_halfstark_ascend-s5\.git\logs\refs\heads\main","186","FA1A34A11920049241D6FFFADEA85863895F85E17F055CF1DB438ECB2569AAE4"
"03_往届冠军仓库快照\R085_github_halfstark_ascend-s5\.git\logs\refs\remotes\origin\HEAD","186","FA1A34A11920049241D6FFFADEA85863895F85E17F055CF1DB438ECB2569AAE4"
"03_往届冠军仓库快照\R085_github_halfstark_ascend-s5\.git\objects\pack\pack-9b072734ce3fc6dc10570c61a289a2fae5ef08b4.idx","2220","4F08FA19861FF37DFFD0A2B53FAA3F3316E1E03C96174D6DFF92B8797F07F5DC"
"03_往届冠军仓库快照\R085_github_halfstark_ascend-s5\.git\objects\pack\pack-9b072734ce3fc6dc10570c61a289a2fae5ef08b4.pack","28749","7524EB2BCEB7AB4A1E9C82802678941E6C2DF1AA408ABB4BD9DC2452063C055D"
"03_往届冠军仓库快照\R085_github_halfstark_ascend-s5\.git\objects\pack\pack-9b072734ce3fc6dc10570c61a289a2fae5ef08b4.rev","216","68464C6B2AC1570F490DAA9D0664B902807055E8873247B9D423C02A64C07DA0"
"03_往届冠军仓库快照\R085_github_halfstark_ascend-s5\.git\packed-refs","112","AC04D5D685D3C3D3A79B6507F7E000507586F8A2721077BF84B329ACF4FAC3F0"
"03_往届冠军仓库快照\R085_github_halfstark_ascend-s5\.git\refs\heads\main","41","20B90236B7FFFE185A550E67E33B331AB14BFFAD21C5825DA80E45E0CAD1555C"
"03_往届冠军仓库快照\R085_github_halfstark_ascend-s5\.git\refs\remotes\origin\HEAD","30","2BB6A24AA0FC6C484100F5D51A29BBAD841CD2C755F5D93FAA204E5DBB4EB2B4"
"03_往届冠军仓库快照\R085_github_halfstark_ascend-s5\copysign\op_host\.ipynb_checkpoints\copysign_tiling-checkpoint.h","560","A0DBC75E21FA3AA8741E302777E9541D24C0DE053C0CD5A57099B5E03D396EA9"
"03_往届冠军仓库快照\R085_github_halfstark_ascend-s5\copysign\op_host\.ipynb_checkpoints\copysign-checkpoint.cpp","6669","B1581646B99821B754499AFF7D1371AEF04A6BC086E21649E5E2443AA08AEE22"
"03_往届冠军仓库快照\R085_github_halfstark_ascend-s5\copysign\op_host\CMakeLists.txt","6641","3F99E9B8934BF9C16722CC36EB95402AE05D12AE473A7F97F77F1ACA75121402"
"03_往届冠军仓库快照\R085_github_halfstark_ascend-s5\copysign\op_host\copysign_tiling.h","560","A0DBC75E21FA3AA8741E302777E9541D24C0DE053C0CD5A57099B5E03D396EA9"
"03_往届冠军仓库快照\R085_github_halfstark_ascend-s5\copysign\op_host\copysign.cpp","6669","B1581646B99821B754499AFF7D1371AEF04A6BC086E21649E5E2443AA08AEE22"
"03_往届冠军仓库快照\R085_github_halfstark_ascend-s5\copysign\op_kernel\CMakeLists.txt","201","D62788BD8FA230C6BAD7294B3EBF631D747DBD48430A84D1764CA45335FDCDC8"
"03_往届冠军仓库快照\R085_github_halfstark_ascend-s5\copysign\op_kernel\copybf16.h","5371","32A6A05F8F140930F40D29B943465AED1F562AE88014B4B14501BC723A32A8A5"
"03_往届冠军仓库快照\R085_github_halfstark_ascend-s5\copysign\op_kernel\copybig.h","6221","D653C5943F38F72149D611942B26935D1311E18D0126ACE863C7F49B091D968A"
"03_往届冠军仓库快照\R085_github_halfstark_ascend-s5\copysign\op_kernel\copysign.cpp","24691","191305A060E8CED4D9DBC2F822E703E3B0990BBA1890FB8A9586375BB5EFC4DD"
"03_往届冠军仓库快照\R085_github_halfstark_ascend-s5\copysign\op_kernel\copysignfloat.h","6046","FD4E9A695D4571B4659FB2D7C804FFCA209A92A45E03E4A70F167EC2E19FE99A"
"03_往届冠军仓库快照\R085_github_halfstark_ascend-s5\copysign\op_kernel\copysignSame.cpp","7289","A64A31F26EBD6C766BB9CD4AF6A751037E47F9A2A9157DC0A2CE89CA3DF923F1"
"03_往届冠军仓库快照\R085_github_halfstark_ascend-s5\glugradjvp\op_host\.ipynb_checkpoints\glu_grad_jvp_tiling-checkpoint.h","667","50FC58E891ECCA982D3A469A40A632FC7B56D0152648E508DC2F85AF15FD05B2"
"03_往届冠军仓库快照\R085_github_halfstark_ascend-s5\glugradjvp\op_host\.ipynb_checkpoints\glu_grad_jvp-checkpoint.cpp","7702","CD015A35DAEBAC787D8EFFA4B1AD4066540ED322BC83FC01AF399691AE9C138A"
"03_往届冠军仓库快照\R085_github_halfstark_ascend-s5\glugradjvp\op_host\CMakeLists.txt","6641","3F99E9B8934BF9C16722CC36EB95402AE05D12AE473A7F97F77F1ACA75121402"
"03_往届冠军仓库快照\R085_github_halfstark_ascend-s5\glugradjvp\op_host\glu_grad_jvp_tiling.h","667","50FC58E891ECCA982D3A469A40A632FC7B56D0152648E508DC2F85AF15FD05B2"
"03_往届冠军仓库快照\R085_github_halfstark_ascend-s5\glugradjvp\op_host\glu_grad_jvp.cpp","7702","CD015A35DAEBAC787D8EFFA4B1AD4066540ED322BC83FC01AF399691AE9C138A"
"03_往届冠军仓库快照\R085_github_halfstark_ascend-s5\glugradjvp\op_kernel\CMakeLists.txt","160","28DB4CC809D625D8A352D6078635873484A8D90CF5645711D0FD4FDC6AA6DA81"
"03_往届冠军仓库快照\R085_github_halfstark_ascend-s5\glugradjvp\op_kernel\glu_grad_jvp.cpp","1600","760F80FE4166AB392A779ED0A2F6CA69D9C504F374A098549D3C74A96D7A23FE"
"03_往届冠军仓库快照\R085_github_halfstark_ascend-s5\glugradjvp\op_kernel\nobcastFast.h","42727","F69A9A66F76D64D856AF3F26C3CC27FFA62156F3336BD65A70C00550B6915381"
"03_往届冠军仓库快照\R085_github_halfstark_ascend-s5\glujvp\op_host\.ipynb_checkpoints\glu_jvp_tiling-checkpoint.h","609","04D3F32EEF26DFC90AAB53EC5A40E3353545E868B3CD086AEFEC7648F775AF02"
"03_往届冠军仓库快照\R085_github_halfstark_ascend-s5\glujvp\op_host\.ipynb_checkpoints\glu_jvp-checkpoint.cpp","6519","7D22334A48E6D98EE3D33ED502765D46BDB37BFF07EEA625DC06A72CD6ED7CA5"
"03_往届冠军仓库快照\R085_github_halfstark_ascend-s5\glujvp\op_host\CMakeLists.txt","6641","3F99E9B8934BF9C16722CC36EB95402AE05D12AE473A7F97F77F1ACA75121402"
"03_往届冠军仓库快照\R085_github_halfstark_ascend-s5\glujvp\op_host\glu_jvp_tiling.h","657","D5646560166FE31B284697B4BB81BA9DD163B081A16FC24814B2914F0F6B8894"
"03_往届冠军仓库快照\R085_github_halfstark_ascend-s5\glujvp\op_host\glu_jvp.cpp","6519","7D22334A48E6D98EE3D33ED502765D46BDB37BFF07EEA625DC06A72CD6ED7CA5"
"03_往届冠军仓库快照\R085_github_halfstark_ascend-s5\glujvp\op_kernel\CMakeLists.txt","160","28DB4CC809D625D8A352D6078635873484A8D90CF5645711D0FD4FDC6AA6DA81"
"03_往届冠军仓库快照\R085_github_halfstark_ascend-s5\glujvp\op_kernel\glu_jvp.cpp","1546","18966103C4CBD766CC08686F0A1BD8063EDF97A77C273935BC65767C518953ED"
"03_往届冠军仓库快照\R085_github_halfstark_ascend-s5\glujvp\op_kernel\nobcast.h","7209","6A11C1429536F13387BA2D0B52BC2D9AD3CE00D83EF6387B91E9C981B422BA48"
"03_往届冠军仓库快照\R085_github_halfstark_ascend-s5\glujvp\op_kernel\nobcastFast.h","40900","C2D05AEF093F547D3E5C4B6AA9FDC3B18B817E09FC4D0FCA150B62014A9DC1FA"
"03_往届冠军仓库快照\R085_github_halfstark_ascend-s5\lcm\op_host\.ipynb_checkpoints\lcm_tiling-checkpoint.h","543","BCA721732B08F4386E5B9F22105900E05037D24FB7E6A77C78783D186AC593EF"
"03_往届冠军仓库快照\R085_github_halfstark_ascend-s5\lcm\op_host\.ipynb_checkpoints\lcm-checkpoint.cpp","6828","48C4B4AC9A0911108D0432C60004F4D6CC5BEEAA52A9D6CF6D13B071C3984C7B"
"03_往届冠军仓库快照\R085_github_halfstark_ascend-s5\lcm\op_host\CMakeLists.txt","6641","3F99E9B8934BF9C16722CC36EB95402AE05D12AE473A7F97F77F1ACA75121402"
"03_往届冠军仓库快照\R085_github_halfstark_ascend-s5\lcm\op_host\lcm_tiling.h","543","BCA721732B08F4386E5B9F22105900E05037D24FB7E6A77C78783D186AC593EF"
"03_往届冠军仓库快照\R085_github_halfstark_ascend-s5\lcm\op_host\lcm.cpp","6828","48C4B4AC9A0911108D0432C60004F4D6CC5BEEAA52A9D6CF6D13B071C3984C7B"
"03_往届冠军仓库快照\R085_github_halfstark_ascend-s5\lcm\op_kernel\CMakeLists.txt","160","28DB4CC809D625D8A352D6078635873484A8D90CF5645711D0FD4FDC6AA6DA81"
"03_往届冠军仓库快照\R085_github_halfstark_ascend-s5\lcm\op_kernel\lcm.cpp","40875","D131E5189005D6ECA9505A20EB6CB3E3DD00AB27A65A8C0849999AFE609F7703"
"03_往届冠军仓库快照\R086_github_JackSimbol02_CANN-Comp\.git\config","304","9A19C057A13E65897B1620C842B789D10CA1A691936AAA336A3DF0B5320F015C"
"03_往届冠军仓库快照\R086_github_JackSimbol02_CANN-Comp\.git\description","73","85AB6C163D43A17EA9CF7788308BCA1466F1B0A8D1CC92E26E9BF63DA4062AEE"
"03_往届冠军仓库快照\R086_github_JackSimbol02_CANN-Comp\.git\HEAD","21","28D25BF82AF4C0E2B72F50959B2BEB859E3E60B9630A5E8C603DAD4DDB2B6E80"
"03_往届冠军仓库快照\R086_github_JackSimbol02_CANN-Comp\.git\hooks\applypatch-msg.sample","478","0223497A0B8B033AA58A3A521B8629869386CF7AB0E2F101963D328AA62193F7"
"03_往届冠军仓库快照\R086_github_JackSimbol02_CANN-Comp\.git\hooks\commit-msg.sample","896","1F74D5E9292979B573EBD59741D46CB93FF391ACDD083D340B94370753D92437"
"03_往届冠军仓库快照\R086_github_JackSimbol02_CANN-Comp\.git\hooks\fsmonitor-watchman.sample","4726","E0549964E93897B519BD8E333C037E51FFF0F88BA13E086A331592BF801FA1D0"
"03_往届冠军仓库快照\R086_github_JackSimbol02_CANN-Comp\.git\hooks\post-update.sample","189","81765AF2DAEF323061DCBC5E61FC16481CB74B3BAC9AD8A174B186523586F6C5"
"03_往届冠军仓库快照\R086_github_JackSimbol02_CANN-Comp\.git\hooks\pre-applypatch.sample","424","E15C5B469EA3E0A695BEA6F2C82BCF8E62821074939DDD85B77E0007FF165475"
"03_往届冠军仓库快照\R086_github_JackSimbol02_CANN-Comp\.git\hooks\pre-commit.sample","1649","57185B7B9F05239D7AB52DB045F5B89EB31348D7B2177EAB214F5EB872E1971B"
"03_往届冠军仓库快照\R086_github_JackSimbol02_CANN-Comp\.git\hooks\pre-merge-commit.sample","416","D3825A70337940EBBD0A5C072984E13245920CDF8898BD225C8D27A6DFC9CB53"
"03_往届冠军仓库快照\R086_github_JackSimbol02_CANN-Comp\.git\hooks\pre-push.sample","1374","ECCE9C7E04D3F5DD9D8ADA81753DD1D549A9634B26770042B58DDA00217D086A"
"03_往届冠军仓库快照\R086_github_JackSimbol02_CANN-Comp\.git\hooks\pre-rebase.sample","4898","4FEBCE867790052338076F4E66CC47EFB14879D18097D1D61C8261859EAAA7B3"
"03_往届冠军仓库快照\R086_github_JackSimbol02_CANN-Comp\.git\hooks\pre-receive.sample","544","A4C3D2B9C7BB3FD8D1441C31BD4EE71A595D66B44FCF49DDB310252320169989"
"03_往届冠军仓库快照\R086_github_JackSimbol02_CANN-Comp\.git\hooks\prepare-commit-msg.sample","1492","E9DDCAA4189FDDD25ED97FC8C789ECA7B6CA16390B2392AE3276F0C8E1AA4619"
"03_往届冠军仓库快照\R086_github_JackSimbol02_CANN-Comp\.git\hooks\push-to-checkout.sample","2783","A53D0741798B287C6DD7AFA64AEE473F305E65D3F49463BB9D7408EC3B12BF5F"
"03_往届冠军仓库快照\R086_github_JackSimbol02_CANN-Comp\.git\hooks\sendemail-validate.sample","2308","44EBFC923DC5466BC009602F0ECF067B9C65459ABFE8868DDC49B78E6CED7A92"
"03_往届冠军仓库快照\R086_github_JackSimbol02_CANN-Comp\.git\hooks\update.sample","3650","8D5F2FA83E103CF08B57EAA67521DF9194F45CBDBCB37DA52AD586097A14D106"
"03_往届冠军仓库快照\R086_github_JackSimbol02_CANN-Comp\.git\index","313","CE22FF1B6F813FE7FE5927C2298635EA49EE6864F6376D446D39AF8ABA8E2C9E"
"03_往届冠军仓库快照\R086_github_JackSimbol02_CANN-Comp\.git\info\exclude","240","6671FE83B7A07C8932EE89164D1F2793B2318058EB8B98DC5C06EE0A5A3B0EC1"
"03_往届冠军仓库快照\R086_github_JackSimbol02_CANN-Comp\.git\logs\HEAD","189","9301E3FCB68845A450FA71851EC03DB90B7F34D3F08B7EAB09FAB0A9F05FB798"
"03_往届冠军仓库快照\R086_github_JackSimbol02_CANN-Comp\.git\logs\refs\heads\main","189","9301E3FCB68845A450FA71851EC03DB90B7F34D3F08B7EAB09FAB0A9F05FB798"
"03_往届冠军仓库快照\R086_github_JackSimbol02_CANN-Comp\.git\logs\refs\remotes\origin\HEAD","189","9301E3FCB68845A450FA71851EC03DB90B7F34D3F08B7EAB09FAB0A9F05FB798"
"03_往届冠军仓库快照\R086_github_JackSimbol02_CANN-Comp\.git\objects\pack\pack-2c9b23a823d367975962b1aae25e70bd9ebf36ef.idx","1324","D76F5E4641291D7D9D959E33B64DDE8EC945130012333CFE7A21028669E220CE"
"03_往届冠军仓库快照\R086_github_JackSimbol02_CANN-Comp\.git\objects\pack\pack-2c9b23a823d367975962b1aae25e70bd9ebf36ef.pack","22279","D7B9C0C7ED41B001B7A43675D7A10ED133DC303801EFACAF7E544C8052A133FB"
"03_往届冠军仓库快照\R086_github_JackSimbol02_CANN-Comp\.git\objects\pack\pack-2c9b23a823d367975962b1aae25e70bd9ebf36ef.rev","88","23BBF241D13E5BB5629B68E2ABCE53E8DE301F4E3A2ACD9FF59C7CA22504A9BA"
"03_往届冠军仓库快照\R086_github_JackSimbol02_CANN-Comp\.git\packed-refs","112","F9AC14A2753DAACE1C31BD9075232DDB7EF2768F1BA5B931D4F8D0DB202B7392"
"03_往届冠军仓库快照\R086_github_JackSimbol02_CANN-Comp\.git\refs\heads\main","41","92663893D0A61934F978526FA1DEF18D92C0C07193FEB9D490791802C7AE00CE"
"03_往届冠军仓库快照\R086_github_JackSimbol02_CANN-Comp\.git\refs\remotes\origin\HEAD","30","2BB6A24AA0FC6C484100F5D51A29BBAD841CD2C755F5D93FAA204E5DBB4EB2B4"
"03_往届冠军仓库快照\R086_github_JackSimbol02_CANN-Comp\ArgMaxWithValue_final.zip","7406","C9247E917C649DBB836475DA6031CBEB65422E996533901D3DC8E3A07DB18FF3"
"03_往届冠军仓库快照\R086_github_JackSimbol02_CANN-Comp\NLLLoss_final.zip","4939","ABB71AB4E9843035B7F52046DF253A48BD8EF022E50D803265F64C5AC242E845"
"03_往届冠军仓库快照\R086_github_JackSimbol02_CANN-Comp\S4赛题.zip","12276","B02B122B05697C33EE035D8253AFB6C25B951761EE98E162B774DAC9A0848F06"
"03_往届冠军仓库快照\R087_github_KaranocaVe_AscendC-S6\.git\config","303","C287D5302EE2F930F1AA1BB9C35C1267B45D9D47EC256DAECF47E36021D77339"
"03_往届冠军仓库快照\R087_github_KaranocaVe_AscendC-S6\.git\description","73","85AB6C163D43A17EA9CF7788308BCA1466F1B0A8D1CC92E26E9BF63DA4062AEE"
"03_往届冠军仓库快照\R087_github_KaranocaVe_AscendC-S6\.git\HEAD","21","28D25BF82AF4C0E2B72F50959B2BEB859E3E60B9630A5E8C603DAD4DDB2B6E80"
"03_往届冠军仓库快照\R087_github_KaranocaVe_AscendC-S6\.git\hooks\applypatch-msg.sample","478","0223497A0B8B033AA58A3A521B8629869386CF7AB0E2F101963D328AA62193F7"
"03_往届冠军仓库快照\R087_github_KaranocaVe_AscendC-S6\.git\hooks\commit-msg.sample","896","1F74D5E9292979B573EBD59741D46CB93FF391ACDD083D340B94370753D92437"
"03_往届冠军仓库快照\R087_github_KaranocaVe_AscendC-S6\.git\hooks\fsmonitor-watchman.sample","4726","E0549964E93897B519BD8E333C037E51FFF0F88BA13E086A331592BF801FA1D0"
"03_往届冠军仓库快照\R087_github_KaranocaVe_AscendC-S6\.git\hooks\post-update.sample","189","81765AF2DAEF323061DCBC5E61FC16481CB74B3BAC9AD8A174B186523586F6C5"
"03_往届冠军仓库快照\R087_github_KaranocaVe_AscendC-S6\.git\hooks\pre-applypatch.sample","424","E15C5B469EA3E0A695BEA6F2C82BCF8E62821074939DDD85B77E0007FF165475"
"03_往届冠军仓库快照\R087_github_KaranocaVe_AscendC-S6\.git\hooks\pre-commit.sample","1649","57185B7B9F05239D7AB52DB045F5B89EB31348D7B2177EAB214F5EB872E1971B"
"03_往届冠军仓库快照\R087_github_KaranocaVe_AscendC-S6\.git\hooks\pre-merge-commit.sample","416","D3825A70337940EBBD0A5C072984E13245920CDF8898BD225C8D27A6DFC9CB53"
"03_往届冠军仓库快照\R087_github_KaranocaVe_AscendC-S6\.git\hooks\pre-push.sample","1374","ECCE9C7E04D3F5DD9D8ADA81753DD1D549A9634B26770042B58DDA00217D086A"
"03_往届冠军仓库快照\R087_github_KaranocaVe_AscendC-S6\.git\hooks\pre-rebase.sample","4898","4FEBCE867790052338076F4E66CC47EFB14879D18097D1D61C8261859EAAA7B3"
"03_往届冠军仓库快照\R087_github_KaranocaVe_AscendC-S6\.git\hooks\pre-receive.sample","544","A4C3D2B9C7BB3FD8D1441C31BD4EE71A595D66B44FCF49DDB310252320169989"
"03_往届冠军仓库快照\R087_github_KaranocaVe_AscendC-S6\.git\hooks\prepare-commit-msg.sample","1492","E9DDCAA4189FDDD25ED97FC8C789ECA7B6CA16390B2392AE3276F0C8E1AA4619"
"03_往届冠军仓库快照\R087_github_KaranocaVe_AscendC-S6\.git\hooks\push-to-checkout.sample","2783","A53D0741798B287C6DD7AFA64AEE473F305E65D3F49463BB9D7408EC3B12BF5F"
"03_往届冠军仓库快照\R087_github_KaranocaVe_AscendC-S6\.git\hooks\sendemail-validate.sample","2308","44EBFC923DC5466BC009602F0ECF067B9C65459ABFE8868DDC49B78E6CED7A92"
"03_往届冠军仓库快照\R087_github_KaranocaVe_AscendC-S6\.git\hooks\update.sample","3650","8D5F2FA83E103CF08B57EAA67521DF9194F45CBDBCB37DA52AD586097A14D106"
"03_往届冠军仓库快照\R087_github_KaranocaVe_AscendC-S6\.git\index","617","6642B2F1B6C45AFF7062293034AD4911A86E2886C1742E76C8A38731A7CEDDF5"
"03_往届冠军仓库快照\R087_github_KaranocaVe_AscendC-S6\.git\info\exclude","240","6671FE83B7A07C8932EE89164D1F2793B2318058EB8B98DC5C06EE0A5A3B0EC1"
"03_往届冠军仓库快照\R087_github_KaranocaVe_AscendC-S6\.git\logs\HEAD","188","EE413107726EFCBD3AA971EC5AD262E030F85179C558DC94A924AE803D30E49B"
"03_往届冠军仓库快照\R087_github_KaranocaVe_AscendC-S6\.git\logs\refs\heads\main","188","EE413107726EFCBD3AA971EC5AD262E030F85179C558DC94A924AE803D30E49B"
"03_往届冠军仓库快照\R087_github_KaranocaVe_AscendC-S6\.git\logs\refs\remotes\origin\HEAD","188","EE413107726EFCBD3AA971EC5AD262E030F85179C558DC94A924AE803D30E49B"
"03_往届冠军仓库快照\R087_github_KaranocaVe_AscendC-S6\.git\objects\pack\pack-1b67ff57c1ef9ee2227ba4873f32cdafc536b153.idx","1324","8D420EA5B5B9BB4848D6069FE68E5B598C52E9D6795736F30B820F4155560562"
"03_往届冠军仓库快照\R087_github_KaranocaVe_AscendC-S6\.git\objects\pack\pack-1b67ff57c1ef9ee2227ba4873f32cdafc536b153.pack","2981","75614AF04F9D9197789C6D869077AE08BAD2E45DF46BE8A10543D50A188B8756"
"03_往届冠军仓库快照\R087_github_KaranocaVe_AscendC-S6\.git\objects\pack\pack-1b67ff57c1ef9ee2227ba4873f32cdafc536b153.rev","88","3BECB5E663F688D965AA03831430DDB7A61AB2032497BAB35F6986F592AFFFA9"
"03_往届冠军仓库快照\R087_github_KaranocaVe_AscendC-S6\.git\packed-refs","112","1C18D701A79ECCD87DB0355A511D7ED243DBDECFD3242A2C8B5373131430DC24"
"03_往届冠军仓库快照\R087_github_KaranocaVe_AscendC-S6\.git\refs\heads\main","41","7C4CC2F9CF68806272D5D1C10A95B524A90F9EC61AF5A10789A281C58D74BAB3"
"03_往届冠军仓库快照\R087_github_KaranocaVe_AscendC-S6\.git\refs\remotes\origin\HEAD","30","2BB6A24AA0FC6C484100F5D51A29BBAD841CD2C755F5D93FAA204E5DBB4EB2B4"
"03_往届冠军仓库快照\R087_github_KaranocaVe_AscendC-S6\.gitmodules","436","ECEA3D039680523B4118E3066532419157FBFCA171BE95D2B7939964FC0D4083"
"03_往届冠军仓库快照\R087_github_KaranocaVe_AscendC-S6\LICENSE","1088","18D0AD64A9F008852958B6BFFF530305350CBB8CB67CD25DC405BDD07E010D06"
"03_往届冠军仓库快照\R087_github_KaranocaVe_AscendC-S6\README.md","71","839C749ABE536DACCEC28904328C8A0C15CE29EDEF13D0FA4F8F30B16FC56F33"
"03_往届冠军仓库快照\R088_github_kgcyyds_S4\.DS_Store","6148","F686DC8CADF83CA0EAAD19AE435A42CBA5DA9684028294C216F268762FC9C7A5"
"03_往届冠军仓库快照\R088_github_kgcyyds_S4\.git\config","292","A1B7C377D5037E642023B9C50439D84314B8243FEC00B991032676A07608A37F"
"03_往届冠军仓库快照\R088_github_kgcyyds_S4\.git\description","73","85AB6C163D43A17EA9CF7788308BCA1466F1B0A8D1CC92E26E9BF63DA4062AEE"
"03_往届冠军仓库快照\R088_github_kgcyyds_S4\.git\HEAD","21","28D25BF82AF4C0E2B72F50959B2BEB859E3E60B9630A5E8C603DAD4DDB2B6E80"
"03_往届冠军仓库快照\R088_github_kgcyyds_S4\.git\hooks\applypatch-msg.sample","478","0223497A0B8B033AA58A3A521B8629869386CF7AB0E2F101963D328AA62193F7"
"03_往届冠军仓库快照\R088_github_kgcyyds_S4\.git\hooks\commit-msg.sample","896","1F74D5E9292979B573EBD59741D46CB93FF391ACDD083D340B94370753D92437"
"03_往届冠军仓库快照\R088_github_kgcyyds_S4\.git\hooks\fsmonitor-watchman.sample","4726","E0549964E93897B519BD8E333C037E51FFF0F88BA13E086A331592BF801FA1D0"
"03_往届冠军仓库快照\R088_github_kgcyyds_S4\.git\hooks\post-update.sample","189","81765AF2DAEF323061DCBC5E61FC16481CB74B3BAC9AD8A174B186523586F6C5"
"03_往届冠军仓库快照\R088_github_kgcyyds_S4\.git\hooks\pre-applypatch.sample","424","E15C5B469EA3E0A695BEA6F2C82BCF8E62821074939DDD85B77E0007FF165475"
"03_往届冠军仓库快照\R088_github_kgcyyds_S4\.git\hooks\pre-commit.sample","1649","57185B7B9F05239D7AB52DB045F5B89EB31348D7B2177EAB214F5EB872E1971B"
"03_往届冠军仓库快照\R088_github_kgcyyds_S4\.git\hooks\pre-merge-commit.sample","416","D3825A70337940EBBD0A5C072984E13245920CDF8898BD225C8D27A6DFC9CB53"
"03_往届冠军仓库快照\R088_github_kgcyyds_S4\.git\hooks\pre-push.sample","1374","ECCE9C7E04D3F5DD9D8ADA81753DD1D549A9634B26770042B58DDA00217D086A"
"03_往届冠军仓库快照\R088_github_kgcyyds_S4\.git\hooks\pre-rebase.sample","4898","4FEBCE867790052338076F4E66CC47EFB14879D18097D1D61C8261859EAAA7B3"
"03_往届冠军仓库快照\R088_github_kgcyyds_S4\.git\hooks\pre-receive.sample","544","A4C3D2B9C7BB3FD8D1441C31BD4EE71A595D66B44FCF49DDB310252320169989"
"03_往届冠军仓库快照\R088_github_kgcyyds_S4\.git\hooks\prepare-commit-msg.sample","1492","E9DDCAA4189FDDD25ED97FC8C789ECA7B6CA16390B2392AE3276F0C8E1AA4619"
"03_往届冠军仓库快照\R088_github_kgcyyds_S4\.git\hooks\push-to-checkout.sample","2783","A53D0741798B287C6DD7AFA64AEE473F305E65D3F49463BB9D7408EC3B12BF5F"
"03_往届冠军仓库快照\R088_github_kgcyyds_S4\.git\hooks\sendemail-validate.sample","2308","44EBFC923DC5466BC009602F0ECF067B9C65459ABFE8868DDC49B78E6CED7A92"
"03_往届冠军仓库快照\R088_github_kgcyyds_S4\.git\hooks\update.sample","3650","8D5F2FA83E103CF08B57EAA67521DF9194F45CBDBCB37DA52AD586097A14D106"
"03_往届冠军仓库快照\R088_github_kgcyyds_S4\.git\index","1524","AABD6D52587F5B8ABB92D21E87B1AEAFE84CEF882E2A74B8ECC7078AE092C3BC"
"03_往届冠军仓库快照\R088_github_kgcyyds_S4\.git\info\exclude","240","6671FE83B7A07C8932EE89164D1F2793B2318058EB8B98DC5C06EE0A5A3B0EC1"
"03_往届冠军仓库快照\R088_github_kgcyyds_S4\.git\logs\HEAD","177","383FABE1F9485423D2A876A5E9A394A364799F98A12F479D8EAC0E46A5378C75"
"03_往届冠军仓库快照\R088_github_kgcyyds_S4\.git\logs\refs\heads\main","177","383FABE1F9485423D2A876A5E9A394A364799F98A12F479D8EAC0E46A5378C75"
"03_往届冠军仓库快照\R088_github_kgcyyds_S4\.git\logs\refs\remotes\origin\HEAD","177","383FABE1F9485423D2A876A5E9A394A364799F98A12F479D8EAC0E46A5378C75"
"03_往届冠军仓库快照\R088_github_kgcyyds_S4\.git\objects\pack\pack-e9ebd9d179a5428cb8d984319d9f25601f480df2.idx","1688","4523E5868D42D1451351B080DA11E62EFF226CBCFE75DA95678B1CBB5A0A3EE3"
"03_往届冠军仓库快照\R088_github_kgcyyds_S4\.git\objects\pack\pack-e9ebd9d179a5428cb8d984319d9f25601f480df2.pack","8367","26A179856153DAC6D7BC1D7A131BD54E0DB03293C8B4DB7A55561D5803BB219C"
"03_往届冠军仓库快照\R088_github_kgcyyds_S4\.git\objects\pack\pack-e9ebd9d179a5428cb8d984319d9f25601f480df2.rev","140","F81D0DC323687EDC7021D96E35B8FECAB40492DE5F59FC235889EC8F6C0CF02E"
"03_往届冠军仓库快照\R088_github_kgcyyds_S4\.git\packed-refs","112","A50C33CF86A22968DD392E90B83A39CD43C489052183E104DE768850FBF003CA"
"03_往届冠军仓库快照\R088_github_kgcyyds_S4\.git\refs\heads\main","41","EF8DA5A7EAB72A821EE7EA71856FEC10A5A4B9FEEA707DDF8CF0A278B90BFEFC"
"03_往届冠军仓库快照\R088_github_kgcyyds_S4\.git\refs\remotes\origin\HEAD","30","2BB6A24AA0FC6C484100F5D51A29BBAD841CD2C755F5D93FAA204E5DBB4EB2B4"
"03_往届冠军仓库快照\R088_github_kgcyyds_S4\Eye\.DS_Store","6148","91D3D966E685750542A607049FC0D4057BBEB7B048AAD79F9CBC8A85226A367B"
"03_往届冠军仓库快照\R088_github_kgcyyds_S4\Eye\op_host\CMakeLists.txt","3399","BDC23150BEDFD045F74B1B6F30EB630F2CEC5842A9ED7801707161EA2D8B295A"
"03_往届冠军仓库快照\R088_github_kgcyyds_S4\Eye\op_host\eye_tiling.h","463","1EDCC2538DDDCA76F5BFE28C5C29EA093DDF40799B2A98896492422F64424223"
"03_往届冠军仓库快照\R088_github_kgcyyds_S4\Eye\op_host\eye.cpp","2737","D9918E324AB32368B3087E288919D24F09B0C8C5F306823CAD0DD25B2C0DDE4F"
"03_往届冠军仓库快照\R088_github_kgcyyds_S4\Eye\op_kernel\CMakeLists.txt","2758","734B2C7EFA66073F407CDDBD9C06D9DA10A9B29126099D57F6D4BACEB9A27253"
"03_往届冠军仓库快照\R088_github_kgcyyds_S4\Eye\op_kernel\eye.cpp","3361","4A6CF7033EF2EB7A07DD4AE0DE7E757FD02F2747A8FA5BD66EE1B6786703B494"
"03_往届冠军仓库快照\R088_github_kgcyyds_S4\Heaviside\.DS_Store","6148","F2DD010F8297D07AF9A0C30E19AE65B71A529A6D2CCD5FC6E13107DCABE7F7DD"
"03_往届冠军仓库快照\R088_github_kgcyyds_S4\Heaviside\op_host\CMakeLists.txt","3399","BDC23150BEDFD045F74B1B6F30EB630F2CEC5842A9ED7801707161EA2D8B295A"
"03_往届冠军仓库快照\R088_github_kgcyyds_S4\Heaviside\op_host\heaviside_tiling.h","452","B5F77681798A33A96473EEB7C1D5371347287EFCFE7D5F4D977515FFE8D028D3"
"03_往届冠军仓库快照\R088_github_kgcyyds_S4\Heaviside\op_host\heaviside.cpp","3465","338E82BFD498D5E2348E4186B1371B69D94A03A3DBCC4C60B49C0D6449379D78"
"03_往届冠军仓库快照\R088_github_kgcyyds_S4\Heaviside\op_kernel\CMakeLists.txt","2758","734B2C7EFA66073F407CDDBD9C06D9DA10A9B29126099D57F6D4BACEB9A27253"
"03_往届冠军仓库快照\R088_github_kgcyyds_S4\Heaviside\op_kernel\heaviside.cpp","5346","63EF2DB299DE0B581C0DE6EEC54DD062B37E2D2D1BFADDCD433B491D78632356"
"03_往届冠军仓库快照\R088_github_kgcyyds_S4\README.md","69","EF6A9B9EFB41DF5DF47FA0F1ED17EB7B79880E7B4F8B3853FF3F52C2B878CFA5"
"03_往届冠军仓库快照\R089_github_kgcyyds_S5_HustAga\.DS_Store","10244","511BE9D8FB92E5411AEB19E3091681F7E72733BA46B8E8116505A4EBAC0D891F"
"03_往届冠军仓库快照\R089_github_kgcyyds_S5_HustAga\.git\config","300","4EB77008E2C60835F10BD5F693ECF91F3258557714A1DE9245D7401BD18DAA58"
"03_往届冠军仓库快照\R089_github_kgcyyds_S5_HustAga\.git\description","73","85AB6C163D43A17EA9CF7788308BCA1466F1B0A8D1CC92E26E9BF63DA4062AEE"
"03_往届冠军仓库快照\R089_github_kgcyyds_S5_HustAga\.git\HEAD","21","28D25BF82AF4C0E2B72F50959B2BEB859E3E60B9630A5E8C603DAD4DDB2B6E80"
"03_往届冠军仓库快照\R089_github_kgcyyds_S5_HustAga\.git\hooks\applypatch-msg.sample","478","0223497A0B8B033AA58A3A521B8629869386CF7AB0E2F101963D328AA62193F7"
"03_往届冠军仓库快照\R089_github_kgcyyds_S5_HustAga\.git\hooks\commit-msg.sample","896","1F74D5E9292979B573EBD59741D46CB93FF391ACDD083D340B94370753D92437"
"03_往届冠军仓库快照\R089_github_kgcyyds_S5_HustAga\.git\hooks\fsmonitor-watchman.sample","4726","E0549964E93897B519BD8E333C037E51FFF0F88BA13E086A331592BF801FA1D0"
"03_往届冠军仓库快照\R089_github_kgcyyds_S5_HustAga\.git\hooks\post-update.sample","189","81765AF2DAEF323061DCBC5E61FC16481CB74B3BAC9AD8A174B186523586F6C5"
"03_往届冠军仓库快照\R089_github_kgcyyds_S5_HustAga\.git\hooks\pre-applypatch.sample","424","E15C5B469EA3E0A695BEA6F2C82BCF8E62821074939DDD85B77E0007FF165475"
"03_往届冠军仓库快照\R089_github_kgcyyds_S5_HustAga\.git\hooks\pre-commit.sample","1649","57185B7B9F05239D7AB52DB045F5B89EB31348D7B2177EAB214F5EB872E1971B"
"03_往届冠军仓库快照\R089_github_kgcyyds_S5_HustAga\.git\hooks\pre-merge-commit.sample","416","D3825A70337940EBBD0A5C072984E13245920CDF8898BD225C8D27A6DFC9CB53"
"03_往届冠军仓库快照\R089_github_kgcyyds_S5_HustAga\.git\hooks\pre-push.sample","1374","ECCE9C7E04D3F5DD9D8ADA81753DD1D549A9634B26770042B58DDA00217D086A"
"03_往届冠军仓库快照\R089_github_kgcyyds_S5_HustAga\.git\hooks\pre-rebase.sample","4898","4FEBCE867790052338076F4E66CC47EFB14879D18097D1D61C8261859EAAA7B3"
"03_往届冠军仓库快照\R089_github_kgcyyds_S5_HustAga\.git\hooks\pre-receive.sample","544","A4C3D2B9C7BB3FD8D1441C31BD4EE71A595D66B44FCF49DDB310252320169989"
"03_往届冠军仓库快照\R089_github_kgcyyds_S5_HustAga\.git\hooks\prepare-commit-msg.sample","1492","E9DDCAA4189FDDD25ED97FC8C789ECA7B6CA16390B2392AE3276F0C8E1AA4619"
"03_往届冠军仓库快照\R089_github_kgcyyds_S5_HustAga\.git\hooks\push-to-checkout.sample","2783","A53D0741798B287C6DD7AFA64AEE473F305E65D3F49463BB9D7408EC3B12BF5F"
"03_往届冠军仓库快照\R089_github_kgcyyds_S5_HustAga\.git\hooks\sendemail-validate.sample","2308","44EBFC923DC5466BC009602F0ECF067B9C65459ABFE8868DDC49B78E6CED7A92"
"03_往届冠军仓库快照\R089_github_kgcyyds_S5_HustAga\.git\hooks\update.sample","3650","8D5F2FA83E103CF08B57EAA67521DF9194F45CBDBCB37DA52AD586097A14D106"
"03_往届冠军仓库快照\R089_github_kgcyyds_S5_HustAga\.git\index","2881","C0926795BD7548D153C0815AFD9E12AB585E37D459BF9BBC4F7555D7D7A8EDB6"
"03_往届冠军仓库快照\R089_github_kgcyyds_S5_HustAga\.git\info\exclude","240","6671FE83B7A07C8932EE89164D1F2793B2318058EB8B98DC5C06EE0A5A3B0EC1"
"03_往届冠军仓库快照\R089_github_kgcyyds_S5_HustAga\.git\logs\HEAD","185","FFDB209797B389D6B3DF3235AC69F6A99B85FD8428682CE33D5CA672B13944AA"
"03_往届冠军仓库快照\R089_github_kgcyyds_S5_HustAga\.git\logs\refs\heads\main","185","FFDB209797B389D6B3DF3235AC69F6A99B85FD8428682CE33D5CA672B13944AA"
"03_往届冠军仓库快照\R089_github_kgcyyds_S5_HustAga\.git\logs\refs\remotes\origin\HEAD","185","FFDB209797B389D6B3DF3235AC69F6A99B85FD8428682CE33D5CA672B13944AA"
"03_往届冠军仓库快照\R089_github_kgcyyds_S5_HustAga\.git\objects\pack\pack-2c456c698eb7499726b42e029929ba92c603adfd.idx","1996","E7104207B2660F640412C2D57E2DDD78DA6D5611FB699831BAD5BADB447904BC"
"03_往届冠军仓库快照\R089_github_kgcyyds_S5_HustAga\.git\objects\pack\pack-2c456c698eb7499726b42e029929ba92c603adfd.pack","14380","D74489CF4E35CC2C8BD56D7AC6D8290393644F3C5B791DF5AA0E1125FFE693F0"
"03_往届冠军仓库快照\R089_github_kgcyyds_S5_HustAga\.git\objects\pack\pack-2c456c698eb7499726b42e029929ba92c603adfd.rev","184","DE17E1E665C6ABBB0A1A350B7A22B83EE30CD193BE821C67E70C3E507BAA09EF"
"03_往届冠军仓库快照\R089_github_kgcyyds_S5_HustAga\.git\packed-refs","112","B64C76B90238E48995AC55183C53907851A1742C0301BF6C021D475D3659A91A"
"03_往届冠军仓库快照\R089_github_kgcyyds_S5_HustAga\.git\refs\heads\main","41","E60100703CC17D07D979486111DE696545113FB9AD73880CB840D208BB56218A"
"03_往届冠军仓库快照\R089_github_kgcyyds_S5_HustAga\.git\refs\remotes\origin\HEAD","30","2BB6A24AA0FC6C484100F5D51A29BBAD841CD2C755F5D93FAA204E5DBB4EB2B4"
"03_往届冠军仓库快照\R089_github_kgcyyds_S5_HustAga\BitwiseLeftShift\.DS_Store","6148","4423BA17890F1926FEFD1E307F38C9B71D7C3B9ADD0A2DB1351DB36DAE19B739"
"03_往届冠军仓库快照\R089_github_kgcyyds_S5_HustAga\BitwiseLeftShift\op_host\bitwise_left_shift_tiling.h","520","6D1D19C8888A2F20F199FBC84283318A2044E844D01D0A15F159C24B19DADC8A"
"03_往届冠军仓库快照\R089_github_kgcyyds_S5_HustAga\BitwiseLeftShift\op_host\bitwise_left_shift.cpp","4556","A010AEF5780539E586FDCA924BEB1B6A41AA6BD5F0771CBF165785F97E6E3D37"
"03_往届冠军仓库快照\R089_github_kgcyyds_S5_HustAga\BitwiseLeftShift\op_host\CMakeLists.txt","6641","3F99E9B8934BF9C16722CC36EB95402AE05D12AE473A7F97F77F1ACA75121402"
"03_往届冠军仓库快照\R089_github_kgcyyds_S5_HustAga\BitwiseLeftShift\op_kernel\bitwise_left_shift.cpp","12613","82A7DD039B96AA2E4C046E35A7396CC8CE6D2E5E60246467F93EDA12FC26B9A4"
"03_往届冠军仓库快照\R089_github_kgcyyds_S5_HustAga\BitwiseLeftShift\op_kernel\CMakeLists.txt","160","28DB4CC809D625D8A352D6078635873484A8D90CF5645711D0FD4FDC6AA6DA81"
"03_往届冠军仓库快照\R089_github_kgcyyds_S5_HustAga\GluGradJvp\.DS_Store","6148","2BE495E2CEDAF1B36467847EB8E2A8A73E668B0801D02B54A6EBCB0059ABF275"
"03_往届冠军仓库快照\R089_github_kgcyyds_S5_HustAga\GluGradJvp\op_host\CMakeLists.txt","6641","3F99E9B8934BF9C16722CC36EB95402AE05D12AE473A7F97F77F1ACA75121402"
"03_往届冠军仓库快照\R089_github_kgcyyds_S5_HustAga\GluGradJvp\op_host\glu_grad_jvp_tiling.h","452","45E4324FCDE663895AFF3B75005A8635FB16E36D227E38FF76ADD55AB4D69644"
"03_往届冠军仓库快照\R089_github_kgcyyds_S5_HustAga\GluGradJvp\op_host\glu_grad_jvp.cpp","4857","E39C250CA4E9F3608B1230607130B2264E368B0CF26863AD15793BDFBDC892ED"
"03_往届冠军仓库快照\R089_github_kgcyyds_S5_HustAga\GluGradJvp\op_kernel\CMakeLists.txt","160","28DB4CC809D625D8A352D6078635873484A8D90CF5645711D0FD4FDC6AA6DA81"
"03_往届冠军仓库快照\R089_github_kgcyyds_S5_HustAga\GluGradJvp\op_kernel\glu_grad_jvp.cpp","24225","CB60AD8EC5E252D11812EC1DDE75ECAF200255AB476ED125CB27A81D92484D45"
"03_往届冠军仓库快照\R089_github_kgcyyds_S5_HustAga\GluJvp\.DS_Store","6148","DCCDE297128BDC8FE9DF2224F1C6912EA688D876689F908AEF8E445BEE0B4DE2"
"03_往届冠军仓库快照\R089_github_kgcyyds_S5_HustAga\GluJvp\op_host\CMakeLists.txt","6641","3F99E9B8934BF9C16722CC36EB95402AE05D12AE473A7F97F77F1ACA75121402"
"03_往届冠军仓库快照\R089_github_kgcyyds_S5_HustAga\GluJvp\op_host\glu_jvp_tiling.h","440","C81C79386E3D403A5F9C0786295AAC327FD1FD53C2E22E48C1D999802AD2ED79"
"03_往届冠军仓库快照\R089_github_kgcyyds_S5_HustAga\GluJvp\op_host\glu_jvp.cpp","4340","52495203443800612D3D5EB48B474E0DD6173A88AFE928F9056186C698EA2616"
"03_往届冠军仓库快照\R089_github_kgcyyds_S5_HustAga\GluJvp\op_kernel\CMakeLists.txt","160","28DB4CC809D625D8A352D6078635873484A8D90CF5645711D0FD4FDC6AA6DA81"
"03_往届冠军仓库快照\R089_github_kgcyyds_S5_HustAga\GluJvp\op_kernel\glu_jvp.cpp","13915","1539511040FD4ECC88A8704BE99E17DF032013DDFB1CB43F750403869CE6E69C"
"03_往届冠军仓库快照\R089_github_kgcyyds_S5_HustAga\Lcm\.DS_Store","6148","FC99E4A7EBC94936099979FD79924E051B3397B75AE74549F8BA1BFCE5930379"
"03_往届冠军仓库快照\R089_github_kgcyyds_S5_HustAga\Lcm\op_host\CMakeLists.txt","6641","3F99E9B8934BF9C16722CC36EB95402AE05D12AE473A7F97F77F1ACA75121402"
"03_往届冠军仓库快照\R089_github_kgcyyds_S5_HustAga\Lcm\op_host\lcm_tiling.h","481","BA1B8D93FDCD82FA96C8D458EA41C6F7D88E7C0CFE56E41776C42AB8F56B4B73"
"03_往届冠军仓库快照\R089_github_kgcyyds_S5_HustAga\Lcm\op_host\lcm.cpp","4362","2A570CB26CB65D3DC155531A4FEFFFB32AAB0BB11009A94F5C60EB463FF6B106"
"03_往届冠军仓库快照\R089_github_kgcyyds_S5_HustAga\Lcm\op_kernel\CMakeLists.txt","160","28DB4CC809D625D8A352D6078635873484A8D90CF5645711D0FD4FDC6AA6DA81"
"03_往届冠军仓库快照\R089_github_kgcyyds_S5_HustAga\Lcm\op_kernel\lcm.cpp","15210","E90762344A35663722C558459E683B67ED1343FE4D15E77970EABD15F5C2E323"
"03_往届冠军仓库快照\R090_github_kgcyyds_S6\.DS_Store","8196","FF3558C9D5B2D411429A2F8EE67286B30DFD12959CB9939E40512FCA0D67B76F"
"03_往届冠军仓库快照\R090_github_kgcyyds_S6\.git\config","292","6198827F0F2EFCFB14A219932910216138D479988463C8B4946FACFA6EF1E5B6"
"03_往届冠军仓库快照\R090_github_kgcyyds_S6\.git\description","73","85AB6C163D43A17EA9CF7788308BCA1466F1B0A8D1CC92E26E9BF63DA4062AEE"
"03_往届冠军仓库快照\R090_github_kgcyyds_S6\.git\HEAD","21","28D25BF82AF4C0E2B72F50959B2BEB859E3E60B9630A5E8C603DAD4DDB2B6E80"
"03_往届冠军仓库快照\R090_github_kgcyyds_S6\.git\hooks\applypatch-msg.sample","478","0223497A0B8B033AA58A3A521B8629869386CF7AB0E2F101963D328AA62193F7"
"03_往届冠军仓库快照\R090_github_kgcyyds_S6\.git\hooks\commit-msg.sample","896","1F74D5E9292979B573EBD59741D46CB93FF391ACDD083D340B94370753D92437"
"03_往届冠军仓库快照\R090_github_kgcyyds_S6\.git\hooks\fsmonitor-watchman.sample","4726","E0549964E93897B519BD8E333C037E51FFF0F88BA13E086A331592BF801FA1D0"
"03_往届冠军仓库快照\R090_github_kgcyyds_S6\.git\hooks\post-update.sample","189","81765AF2DAEF323061DCBC5E61FC16481CB74B3BAC9AD8A174B186523586F6C5"
"03_往届冠军仓库快照\R090_github_kgcyyds_S6\.git\hooks\pre-applypatch.sample","424","E15C5B469EA3E0A695BEA6F2C82BCF8E62821074939DDD85B77E0007FF165475"
"03_往届冠军仓库快照\R090_github_kgcyyds_S6\.git\hooks\pre-commit.sample","1649","57185B7B9F05239D7AB52DB045F5B89EB31348D7B2177EAB214F5EB872E1971B"
"03_往届冠军仓库快照\R090_github_kgcyyds_S6\.git\hooks\pre-merge-commit.sample","416","D3825A70337940EBBD0A5C072984E13245920CDF8898BD225C8D27A6DFC9CB53"
"03_往届冠军仓库快照\R090_github_kgcyyds_S6\.git\hooks\pre-push.sample","1374","ECCE9C7E04D3F5DD9D8ADA81753DD1D549A9634B26770042B58DDA00217D086A"
"03_往届冠军仓库快照\R090_github_kgcyyds_S6\.git\hooks\pre-rebase.sample","4898","4FEBCE867790052338076F4E66CC47EFB14879D18097D1D61C8261859EAAA7B3"
"03_往届冠军仓库快照\R090_github_kgcyyds_S6\.git\hooks\pre-receive.sample","544","A4C3D2B9C7BB3FD8D1441C31BD4EE71A595D66B44FCF49DDB310252320169989"
"03_往届冠军仓库快照\R090_github_kgcyyds_S6\.git\hooks\prepare-commit-msg.sample","1492","E9DDCAA4189FDDD25ED97FC8C789ECA7B6CA16390B2392AE3276F0C8E1AA4619"
"03_往届冠军仓库快照\R090_github_kgcyyds_S6\.git\hooks\push-to-checkout.sample","2783","A53D0741798B287C6DD7AFA64AEE473F305E65D3F49463BB9D7408EC3B12BF5F"
"03_往届冠军仓库快照\R090_github_kgcyyds_S6\.git\hooks\sendemail-validate.sample","2308","44EBFC923DC5466BC009602F0ECF067B9C65459ABFE8868DDC49B78E6CED7A92"
"03_往届冠军仓库快照\R090_github_kgcyyds_S6\.git\hooks\update.sample","3650","8D5F2FA83E103CF08B57EAA67521DF9194F45CBDBCB37DA52AD586097A14D106"
"03_往届冠军仓库快照\R090_github_kgcyyds_S6\.git\index","1762","A057E4EAEF29AC9ED671C24A5749D572867F25CE760D0B52631CBDE520FEE71D"
"03_往届冠军仓库快照\R090_github_kgcyyds_S6\.git\info\exclude","240","6671FE83B7A07C8932EE89164D1F2793B2318058EB8B98DC5C06EE0A5A3B0EC1"
"03_往届冠军仓库快照\R090_github_kgcyyds_S6\.git\logs\HEAD","177","59E04AF8C1D79D30F2AEBCEE65DBC0B8508A76FA280BB0DB7754307F44DB5A83"
"03_往届冠军仓库快照\R090_github_kgcyyds_S6\.git\logs\refs\heads\main","177","59E04AF8C1D79D30F2AEBCEE65DBC0B8508A76FA280BB0DB7754307F44DB5A83"
"03_往届冠军仓库快照\R090_github_kgcyyds_S6\.git\logs\refs\remotes\origin\HEAD","177","59E04AF8C1D79D30F2AEBCEE65DBC0B8508A76FA280BB0DB7754307F44DB5A83"
"03_往届冠军仓库快照\R090_github_kgcyyds_S6\.git\objects\pack\pack-eaab68c8e6defa9056b6f30eb5a0729d0d5e9c78.idx","1604","5CAA0FA085294BA8B1E996F3CD817824358E7C3C8C0477F1F3D832CB5B671FD5"
"03_往届冠军仓库快照\R090_github_kgcyyds_S6\.git\objects\pack\pack-eaab68c8e6defa9056b6f30eb5a0729d0d5e9c78.pack","9799","47C75B9022B7CBD4306DC434128F26F324611F7D836B39B6CA965DF77692DE57"
"03_往届冠军仓库快照\R090_github_kgcyyds_S6\.git\objects\pack\pack-eaab68c8e6defa9056b6f30eb5a0729d0d5e9c78.rev","128","5B814F0E8154B6EFAEABC72BDA55CCDAB3084C57345320ABD823B555380C56FA"
"03_往届冠军仓库快照\R090_github_kgcyyds_S6\.git\packed-refs","112","1F4DABEC6BEFEAB18CC10EBD608F6E4FD594AC0B750D39F394B69C309131AB35"
"03_往届冠军仓库快照\R090_github_kgcyyds_S6\.git\refs\heads\main","41","463A15A241510CD01A2C471FAA11B1DE474370ACC5271B6ED74FFC5545A44B91"
"03_往届冠军仓库快照\R090_github_kgcyyds_S6\.git\refs\remotes\origin\HEAD","30","2BB6A24AA0FC6C484100F5D51A29BBAD841CD2C755F5D93FAA204E5DBB4EB2B4"
"03_往届冠军仓库快照\R090_github_kgcyyds_S6\FractionalMaxPool3D\.DS_Store","6148","61B5ABDBC0563C9BEA2BA682BD6E5AC0D9A05FA9C7BD360628246B3C7925B2CA"
"03_往届冠军仓库快照\R090_github_kgcyyds_S6\FractionalMaxPool3D\op_host\CMakeLists.txt","6641","3F99E9B8934BF9C16722CC36EB95402AE05D12AE473A7F97F77F1ACA75121402"
"03_往届冠军仓库快照\R090_github_kgcyyds_S6\FractionalMaxPool3D\op_host\fractional_max_pool3_d_tiling.h","628","3E2C4BFEF934B741D206BB58E157B8A0E752DB21876079E54531C619C91F9505"
"03_往届冠军仓库快照\R090_github_kgcyyds_S6\FractionalMaxPool3D\op_host\fractional_max_pool3_d.cpp","5486","C885DD1B7718C46DFA5EDEBB3391631D253B855FAA4A9FB001A033FDF0C4F0AB"
"03_往届冠军仓库快照\R090_github_kgcyyds_S6\FractionalMaxPool3D\op_kernel\CMakeLists.txt","160","28DB4CC809D625D8A352D6078635873484A8D90CF5645711D0FD4FDC6AA6DA81"
"03_往届冠军仓库快照\R090_github_kgcyyds_S6\FractionalMaxPool3D\op_kernel\fractional_max_pool3_d.cpp","29991","68C70FDF3321BFC7BC6238E6F1A12134D4EDF754260BB87AAF3D0A5AF1144926"
"03_往届冠军仓库快照\R090_github_kgcyyds_S6\FractionalMaxPool3DGrad\.DS_Store","6148","E76412B556B0AD92152B6B58B6998C73C1997474383634ACFDE576F5CCBA1604"
"03_往届冠军仓库快照\R090_github_kgcyyds_S6\FractionalMaxPool3DGrad\op_host\CMakeLists.txt","6641","3F99E9B8934BF9C16722CC36EB95402AE05D12AE473A7F97F77F1ACA75121402"
"03_往届冠军仓库快照\R090_github_kgcyyds_S6\FractionalMaxPool3DGrad\op_host\fractional_max_pool3_d_grad_tiling.h","585","CBB49F2F90435FF6A05ABA55B4559445701F11A4CEBB0CF7FCCAB8BD43118CA6"
"03_往届冠军仓库快照\R090_github_kgcyyds_S6\FractionalMaxPool3DGrad\op_host\fractional_max_pool3_d_grad.cpp","4835","E78E4FD5037564920E9A3B560C9F39D53CD8F528FB5BB2A04D22F4CF00E0CBA6"
"03_往届冠军仓库快照\R090_github_kgcyyds_S6\FractionalMaxPool3DGrad\op_kernel\CMakeLists.txt","160","28DB4CC809D625D8A352D6078635873484A8D90CF5645711D0FD4FDC6AA6DA81"
"03_往届冠军仓库快照\R090_github_kgcyyds_S6\FractionalMaxPool3DGrad\op_kernel\fractional_max_pool3_d_grad.cpp","4754","0D94B14C2EA15E46302FE71FD5408A3278E79DEAA29B581B3C52DF34320F6B57"
"03_往届冠军仓库快照\R091_github_linnlh_ascendc-2024-final\.git\config","311","E6B1D7D4BBB5E04223E528B4C07FEE81241A2E874B50DF695AFCE67E7B823444"
"03_往届冠军仓库快照\R091_github_linnlh_ascendc-2024-final\.git\description","73","85AB6C163D43A17EA9CF7788308BCA1466F1B0A8D1CC92E26E9BF63DA4062AEE"
"03_往届冠军仓库快照\R091_github_linnlh_ascendc-2024-final\.git\HEAD","23","F6F2B945F6C411B02BA3DA9C7ACE88DCF71B6AF65BA2E0D89AA82900042B5A10"
"03_往届冠军仓库快照\R091_github_linnlh_ascendc-2024-final\.git\hooks\applypatch-msg.sample","478","0223497A0B8B033AA58A3A521B8629869386CF7AB0E2F101963D328AA62193F7"
"03_往届冠军仓库快照\R091_github_linnlh_ascendc-2024-final\.git\hooks\commit-msg.sample","896","1F74D5E9292979B573EBD59741D46CB93FF391ACDD083D340B94370753D92437"
"03_往届冠军仓库快照\R091_github_linnlh_ascendc-2024-final\.git\hooks\fsmonitor-watchman.sample","4726","E0549964E93897B519BD8E333C037E51FFF0F88BA13E086A331592BF801FA1D0"
"03_往届冠军仓库快照\R091_github_linnlh_ascendc-2024-final\.git\hooks\post-update.sample","189","81765AF2DAEF323061DCBC5E61FC16481CB74B3BAC9AD8A174B186523586F6C5"
"03_往届冠军仓库快照\R091_github_linnlh_ascendc-2024-final\.git\hooks\pre-applypatch.sample","424","E15C5B469EA3E0A695BEA6F2C82BCF8E62821074939DDD85B77E0007FF165475"
"03_往届冠军仓库快照\R091_github_linnlh_ascendc-2024-final\.git\hooks\pre-commit.sample","1649","57185B7B9F05239D7AB52DB045F5B89EB31348D7B2177EAB214F5EB872E1971B"
"03_往届冠军仓库快照\R091_github_linnlh_ascendc-2024-final\.git\hooks\pre-merge-commit.sample","416","D3825A70337940EBBD0A5C072984E13245920CDF8898BD225C8D27A6DFC9CB53"
"03_往届冠军仓库快照\R091_github_linnlh_ascendc-2024-final\.git\hooks\pre-push.sample","1374","ECCE9C7E04D3F5DD9D8ADA81753DD1D549A9634B26770042B58DDA00217D086A"
"03_往届冠军仓库快照\R091_github_linnlh_ascendc-2024-final\.git\hooks\pre-rebase.sample","4898","4FEBCE867790052338076F4E66CC47EFB14879D18097D1D61C8261859EAAA7B3"
"03_往届冠军仓库快照\R091_github_linnlh_ascendc-2024-final\.git\hooks\pre-receive.sample","544","A4C3D2B9C7BB3FD8D1441C31BD4EE71A595D66B44FCF49DDB310252320169989"
"03_往届冠军仓库快照\R091_github_linnlh_ascendc-2024-final\.git\hooks\prepare-commit-msg.sample","1492","E9DDCAA4189FDDD25ED97FC8C789ECA7B6CA16390B2392AE3276F0C8E1AA4619"
"03_往届冠军仓库快照\R091_github_linnlh_ascendc-2024-final\.git\hooks\push-to-checkout.sample","2783","A53D0741798B287C6DD7AFA64AEE473F305E65D3F49463BB9D7408EC3B12BF5F"
"03_往届冠军仓库快照\R091_github_linnlh_ascendc-2024-final\.git\hooks\sendemail-validate.sample","2308","44EBFC923DC5466BC009602F0ECF067B9C65459ABFE8868DDC49B78E6CED7A92"
"03_往届冠军仓库快照\R091_github_linnlh_ascendc-2024-final\.git\hooks\update.sample","3650","8D5F2FA83E103CF08B57EAA67521DF9194F45CBDBCB37DA52AD586097A14D106"
"03_往届冠军仓库快照\R091_github_linnlh_ascendc-2024-final\.git\index","6479","545BCCC94FD383C21523F5B0B2A70D599A130E0A56EEF83E99516FE321CB9A0D"
"03_往届冠军仓库快照\R091_github_linnlh_ascendc-2024-final\.git\info\exclude","240","6671FE83B7A07C8932EE89164D1F2793B2318058EB8B98DC5C06EE0A5A3B0EC1"
"03_往届冠军仓库快照\R091_github_linnlh_ascendc-2024-final\.git\logs\HEAD","192","2531E90F46AC4511C60694E802CAB1FB4DFE6AC58C7BBEA35E43230D78C7A5E6"
"03_往届冠军仓库快照\R091_github_linnlh_ascendc-2024-final\.git\logs\refs\heads\master","192","2531E90F46AC4511C60694E802CAB1FB4DFE6AC58C7BBEA35E43230D78C7A5E6"
"03_往届冠军仓库快照\R091_github_linnlh_ascendc-2024-final\.git\logs\refs\remotes\origin\HEAD","192","2531E90F46AC4511C60694E802CAB1FB4DFE6AC58C7BBEA35E43230D78C7A5E6"
"03_往届冠军仓库快照\R091_github_linnlh_ascendc-2024-final\.git\objects\pack\pack-1dc3e7e9b204b28db920a65b892d4dd28bd45a56.idx","3340","3A19C9370413C148A223898493BAC3BE685CDE8AD082675B116D74F9147D8609"
"03_往届冠军仓库快照\R091_github_linnlh_ascendc-2024-final\.git\objects\pack\pack-1dc3e7e9b204b28db920a65b892d4dd28bd45a56.pack","92039","39E1D3E711B1F3F842B13756740B34E2F882CB88AC9142DB9E1DEE4EC48F4252"
"03_往届冠军仓库快照\R091_github_linnlh_ascendc-2024-final\.git\objects\pack\pack-1dc3e7e9b204b28db920a65b892d4dd28bd45a56.rev","376","7C085FD044493097B4A3032305038ED83065509A620E80C3ACEB4736FD814B33"
"03_往届冠军仓库快照\R091_github_linnlh_ascendc-2024-final\.git\packed-refs","114","850B15D0F85B3A474C6047AD42B76037936CD8AB794E8821437EF89F98C0F10B"
"03_往届冠军仓库快照\R091_github_linnlh_ascendc-2024-final\.git\refs\heads\master","41","681D1D7A9AE45F63D0C351D14A300F93982476B264E270A7D56E16342BADBBE3"
"03_往届冠军仓库快照\R091_github_linnlh_ascendc-2024-final\.git\refs\remotes\origin\HEAD","32","CDC65E67690C4C6475174E5EC662B70655246A2F3924354778835AB3BE70AA76"
"03_往届冠军仓库快照\R091_github_linnlh_ascendc-2024-final\.gitignore","478","02A96C8321DC5F5EF778B8087F19AC35A7982759EBAACA075FF8CE72340FC668"
"03_往届冠军仓库快照\R091_github_linnlh_ascendc-2024-final\gcd\gcd.json","1246","0C9FA68F6BA6AFEB42AAB91642DB14568F49408B33943B6F38BD9A271489FE21"
"03_往届冠军仓库快照\R091_github_linnlh_ascendc-2024-final\gcd\gcd\build.sh","2707","B7AC6755E9B89CBFEDA9CC450F4D96930DF2A7CD573283F032D40358FF0E075B"
"03_往届冠军仓库快照\R091_github_linnlh_ascendc-2024-final\gcd\gcd\cmake\config.cmake","1362","D47496C06D8A1E69BAE74E6CFAC6F130ED436BC1252A9C4C56D9893C9FA09FCE"
"03_往届冠军仓库快照\R091_github_linnlh_ascendc-2024-final\gcd\gcd\cmake\func.cmake","9720","D62D7295F92B883696871DA3291BF89CB01304BC9CE55A3418E2E45ACA849FD7"
"03_往届冠军仓库快照\R091_github_linnlh_ascendc-2024-final\gcd\gcd\cmake\intf.cmake","1061","0C2533D6A98259B396930252585C65F1CD582D667171F20AFA4759FCDEB2C5A5"
"03_往届冠军仓库快照\R091_github_linnlh_ascendc-2024-final\gcd\gcd\cmake\makeself.cmake","1411","E417E77228AE18A82CF2D551D63CBA5B8E001069DE18ECE287597D6E043B9573"
"03_往届冠军仓库快照\R091_github_linnlh_ascendc-2024-final\gcd\gcd\cmake\util\__init__.py","158","3F8B7683A736D7274A9A5B95FA7AF6DBDE368599C327336EAADE4059BE3C850F"
"03_往届冠军仓库快照\R091_github_linnlh_ascendc-2024-final\gcd\gcd\cmake\util\ascendc_bin_param_build.py","21488","5414E49F5154E7397C07D94EDFF6C0ECA72EB075AC157D0B4DDBCD1425751511"
"03_往届冠军仓库快照\R091_github_linnlh_ascendc-2024-final\gcd\gcd\cmake\util\ascendc_gen_options.py","3350","FBD8BC4332B2340FDB71F4BBAE452E93C3A54B43CEA86818643D9D9D61794D35"
"03_往届冠军仓库快照\R091_github_linnlh_ascendc-2024-final\gcd\gcd\cmake\util\ascendc_impl_build.py","28353","4F3086C115B60D627C0081894A10E38D96EBD0149154A08BCBE064CDDBC162B3"
"03_往届冠军仓库快照\R091_github_linnlh_ascendc-2024-final\gcd\gcd\cmake\util\ascendc_ops_config.py","10286","D5115115B7432FB649DF4087095325B043F42C46A035BDCAB0258D44F8835025"
"03_往届冠军仓库快照\R091_github_linnlh_ascendc-2024-final\gcd\gcd\cmake\util\ascendc_replay_build.py","2712","165C9FE01344DC57176004A21AB38A23DB4B1186FE60B1A5AF63E9D4EE0BE263"
"03_往届冠军仓库快照\R091_github_linnlh_ascendc-2024-final\gcd\gcd\cmake\util\batch_replay_impl.temp","3889","C1B37BD05B2BD1CBF093AF635F4B2F18540BF98ED7FF4B04C3287B1F1A0FCCE0"
"03_往届冠军仓库快照\R091_github_linnlh_ascendc-2024-final\gcd\gcd\cmake\util\code_channel_infer.py","1597","EA76DA48CC19A3CFB3E06EA25FF1DBD03039E4FBE7C2D3690F6FEBC6F0C90E1B"
"03_往届冠军仓库快照\R091_github_linnlh_ascendc-2024-final\gcd\gcd\cmake\util\const_var.py","1505","5769FF6128070F83BE6246019212F5930ABEDEA17A2A0D7AEC63C5B6659760B9"
"03_往届冠军仓库快照\R091_github_linnlh_ascendc-2024-final\gcd\gcd\cmake\util\gen_impl_and_mrege_json.sh","646","8E62E9A6C1F4D5691417B9B25A4B77BCA4E8ADF26B1D677E1EEE7B013121DE8D"
"03_往届冠军仓库快照\R091_github_linnlh_ascendc-2024-final\gcd\gcd\cmake\util\gen_ops_filter.sh","1506","CE87DD1E7FB96BD999C3DDC93CD36F29FBD6A3F3AB75E088C5FDDA1AFC3D3A28"
"03_往届冠军仓库快照\R091_github_linnlh_ascendc-2024-final\gcd\gcd\cmake\util\gen_version_info.sh","353","1871CFEF3DD083C81966A95F98C812A19DF8FE0A4C83DFC3CA5BA03DB6E65A9A"
"03_往届冠军仓库快照\R091_github_linnlh_ascendc-2024-final\gcd\gcd\cmake\util\insert_op_info.py","1098","A15BAB921F83F74CE42E828EC1D1DD3F4057823F48B44CB138F85ACD906472CB"
"03_往届冠军仓库快照\R091_github_linnlh_ascendc-2024-final\gcd\gcd\cmake\util\insert_simplified_keys.py","6668","A1A460FE71424FBD78EF188ECC09C3B76BC9DAA99AE2D48D342DC0128FFA134F"
"03_往届冠军仓库快照\R091_github_linnlh_ascendc-2024-final\gcd\gcd\cmake\util\kernel_entry.py","3947","9DF250FFEBB39AC528DB19D76CD1AFD852942AC81C41E48C02A6E3368B3DC7E5"
"03_往届冠军仓库快照\R091_github_linnlh_ascendc-2024-final\gcd\gcd\cmake\util\kernel_impl.temp","240","660B98F6111CDD71260984CA38CC289710012291A414E21C4CF1BABB2F1A4AD1"
"03_往届冠军仓库快照\R091_github_linnlh_ascendc-2024-final\gcd\gcd\cmake\util\makeself\COPYING","18431","189B1AF95D661151E054CEA10C91B3D754E4DE4D3FECFB074C1FB29476F7167B"
"03_往届冠军仓库快照\R091_github_linnlh_ascendc-2024-final\gcd\gcd\cmake\util\makeself\make-release.sh","349","FBD10A2882B5BF82A407E855F0F088E469F4D142AFDD7B3DFDCC808798E374B9"
"03_往届冠军仓库快照\R091_github_linnlh_ascendc-2024-final\gcd\gcd\cmake\util\makeself\makeself-header.sh","18618","93AE39674EC8EA07C00245F38CA18365B78787E10DF443049360C051B49B0A97"
"03_往届冠军仓库快照\R091_github_linnlh_ascendc-2024-final\gcd\gcd\cmake\util\makeself\makeself.1","3189","1518183932195173D43E85ABC10CFB10366B0A1E3FC61A2D6136B68A78AB15FE"
"03_往届冠军仓库快照\R091_github_linnlh_ascendc-2024-final\gcd\gcd\cmake\util\makeself\makeself.lsm","836","270D45704E0F94F39B67369371A063C4E793F4AF5996B273D30ABC281994C1D9"
"03_往届冠军仓库快照\R091_github_linnlh_ascendc-2024-final\gcd\gcd\cmake\util\makeself\makeself.sh","25787","40482E4E390F2F3E1C1E06250C31C36814F054DF5254A5CBDD2FE89FD70D9C2B"
"03_往届冠军仓库快照\R091_github_linnlh_ascendc-2024-final\gcd\gcd\cmake\util\makeself\README.md","22146","C12F14B92112511DE28B943EDDB8765D3D75D1AEDB23AA49442559C1BE273E4A"
"03_往届冠军仓库快照\R091_github_linnlh_ascendc-2024-final\gcd\gcd\cmake\util\makeself\run-tests.sh","192","A9E7846C51870CA216D9620416C29F82466172876909E382CD7600215E766292"
"03_往届冠军仓库快照\R091_github_linnlh_ascendc-2024-final\gcd\gcd\cmake\util\makeself\VERSION","7","6117CCF1F1DE058A9243D93A2A0FB0C13BFD3CD3D4DA8E8AAF3C85EABDBEF5B5"
"03_往届冠军仓库快照\R091_github_linnlh_ascendc-2024-final\gcd\gcd\cmake\util\merge_aicpu_info_json.sh","1143","AEFF13DF06A408A231344AFDB046A914B0319D95C02547F93E5357B64CDA23EB"
"03_往届冠军仓库快照\R091_github_linnlh_ascendc-2024-final\gcd\gcd\cmake\util\opdesc_parser.py","14527","5FE25154FF62E9FE1DD3D6F517B0E2A03C1F7FCA148C57C402444BDD67B300D4"
"03_往届冠军仓库快照\R091_github_linnlh_ascendc-2024-final\gcd\gcd\cmake\util\parse_ini_to_json.py","13195","FA25B699BB3EB603849CCCAB152C791F72FF83D246F366DD8F064E9165EAA247"
"03_往届冠军仓库快照\R091_github_linnlh_ascendc-2024-final\gcd\gcd\cmake\util\preset_parse.py","861","23C46E652B4411E735E7A6C10EE262E0508C41799E60660E60B5028F317535CB"
"03_往届冠军仓库快照\R091_github_linnlh_ascendc-2024-final\gcd\gcd\cmake\util\replay_codegen.py","4527","56F4EEA8AA8CEB6E44795AB8DC5785D3D1D608697385D190564399AC6DC56A18"
"03_往届冠军仓库快照\R091_github_linnlh_ascendc-2024-final\gcd\gcd\cmake\util\replay_impl.temp","4207","E66480E82316EEC24DDA34890235F281D0631CF13FBEC631788E586CA7B7B458"
"03_往届冠军仓库快照\R091_github_linnlh_ascendc-2024-final\gcd\gcd\cmake\util\tiling_data_def_build.py","4172","93089EA6995DE374AEDBDED2781A75C8F0D2501E691890F269A0E0454F9F55C8"
"03_往届冠军仓库快照\R091_github_linnlh_ascendc-2024-final\gcd\gcd\CMakeLists.txt","3194","15A37B346CD1584B6DC8D139B436BE3D33BC3EF5D9FEBC8520F255DD0049FAF2"
"03_往届冠军仓库快照\R091_github_linnlh_ascendc-2024-final\gcd\gcd\CMakePresets.json","2089","121003AB881D5F8D2EE912B1DACA1AB67DBCAB431D82515D1806CBA8F4ED9539"
"03_往届冠军仓库快照\R091_github_linnlh_ascendc-2024-final\gcd\gcd\framework\CMakeLists.txt","396","2B9117B8865AB55A4C4018C86AD230F5C4AFDED78FBBEE939CB0385501C022B6"
"03_往届冠军仓库快照\R091_github_linnlh_ascendc-2024-final\gcd\gcd\framework\tf_plugin\CMakeLists.txt","593","632568F858CE5D11D8405EC4C32E23A6403F184247953721C447DB5BF98057C9"
"03_往届冠军仓库快照\R091_github_linnlh_ascendc-2024-final\gcd\gcd\framework\tf_plugin\tensorflow_gcd_plugin.cc","873","195BC52ADE3BE26AD03F12F1D7A9A51E4F832E207EF73297B7A7132988A00CDC"
"03_往届冠军仓库快照\R091_github_linnlh_ascendc-2024-final\gcd\gcd\op_host\CMakeLists.txt","3399","BDC23150BEDFD045F74B1B6F30EB630F2CEC5842A9ED7801707161EA2D8B295A"
"03_往届冠军仓库快照\R091_github_linnlh_ascendc-2024-final\gcd\gcd\op_host\gcd_tiling.h","876","6E9A5561FEDC6C860CC587624C792DFD5AC5D1B26FC894D88200529DD9B3311A"
"03_往届冠军仓库快照\R091_github_linnlh_ascendc-2024-final\gcd\gcd\op_host\gcd.cpp","5301","5C10173B541F922951FA49A966175F23B70CD891AC5D88CD77413519846F82DC"
"03_往届冠军仓库快照\R091_github_linnlh_ascendc-2024-final\gcd\gcd\op_kernel\CMakeLists.txt","2758","734B2C7EFA66073F407CDDBD9C06D9DA10A9B29126099D57F6D4BACEB9A27253"
"03_往届冠军仓库快照\R091_github_linnlh_ascendc-2024-final\gcd\gcd\op_kernel\gcd.cpp","5869","8A43861F843F922C52A8FB77B487C5642D5885B498BF1CDF15D5371C53264EF4"
"03_往届冠军仓库快照\R091_github_linnlh_ascendc-2024-final\gcd\gcd\scripts\help.info","81","27067F1EC0A23A694AE80EC4A05BC68415A284FBAF509B1A9CC0234035C61E5B"
"03_往届冠军仓库快照\R091_github_linnlh_ascendc-2024-final\gcd\gcd\scripts\install.sh","9881","02862BAF881E9EBFA0EB5F43BE11932391E2B1EDC1D6C1C508812B5410C04181"
"03_往届冠军仓库快照\R091_github_linnlh_ascendc-2024-final\gcd\gcd\scripts\upgrade.sh","4151","DDF117CFD96BF93194F66A8C4C7A298A263254107D1EFAE8F2081F0626E4C1F7"
"03_往届冠军仓库快照\R091_github_linnlh_ascendc-2024-final\gcd\run.sh","572","77FB056AABDFD0C225820694E4C3EF077C40A480D89373CE3D5BCEA71D36A324"
"03_往届冠军仓库快照\R091_github_linnlh_ascendc-2024-final\gcd\tests\common\pytorch_npu_helper.hpp","23645","0CEF79DA17674A0E68B56091BB4D26FA77806CE5B04E9CAE52079692821DA395"
"03_往届冠军仓库快照\R091_github_linnlh_ascendc-2024-final\gcd\tests\extension\custom_op.cpp","1257","6D5257B3BFEE34837E24468F71D4B962DCA23030C6D9284C04B6F8C3BBA32207"
"03_往届冠军仓库快照\R091_github_linnlh_ascendc-2024-final\gcd\tests\get_time.py","782","A223697B4DDDEFB587A9A29E4FD85DFE88794082B7A2AED83E6F5F23234ED606"
"03_往届冠军仓库快照\R091_github_linnlh_ascendc-2024-final\gcd\tests\run.sh","886","9265582FAF3287B81EE7C1204F47D83B4767FD0E2AC787B9D1D87C2ABA08263B"
"03_往届冠军仓库快照\R091_github_linnlh_ascendc-2024-final\gcd\tests\setup.py","790","6826B7E7D048502FFBA87282BA1DA669458DDDEF61C8B114BF988AC72F0C0DF6"
"03_往届冠军仓库快照\R091_github_linnlh_ascendc-2024-final\gcd\tests\test_op.py","2924","528F583F1E4916CEA2E4A220740EA745575A7010D3A18809FD1E78B5A529AF60"
"03_往届冠军仓库快照\R091_github_linnlh_ascendc-2024-final\README.md","385","FAEADF98D21F0C574782B910197494BE233F0E37D825881F3116650CC307787D"
"03_往届冠军仓库快照\R091_github_linnlh_ascendc-2024-final\submit.sh","466","868BA965A55471A788EAA8E0B913200BE9629474189D0FF03A3B0BA5CFE59A6C"
"03_往届冠军仓库快照\R092_github_meaningfuI_Ascend-S5\.git\config","302","DBEBEF2C54E0386F7DC0BEAD6691C1BE96188BB1BFEBAD32C19092ECBFDC615F"
"03_往届冠军仓库快照\R092_github_meaningfuI_Ascend-S5\.git\description","73","85AB6C163D43A17EA9CF7788308BCA1466F1B0A8D1CC92E26E9BF63DA4062AEE"
"03_往届冠军仓库快照\R092_github_meaningfuI_Ascend-S5\.git\HEAD","21","28D25BF82AF4C0E2B72F50959B2BEB859E3E60B9630A5E8C603DAD4DDB2B6E80"
"03_往届冠军仓库快照\R092_github_meaningfuI_Ascend-S5\.git\hooks\applypatch-msg.sample","478","0223497A0B8B033AA58A3A521B8629869386CF7AB0E2F101963D328AA62193F7"
"03_往届冠军仓库快照\R092_github_meaningfuI_Ascend-S5\.git\hooks\commit-msg.sample","896","1F74D5E9292979B573EBD59741D46CB93FF391ACDD083D340B94370753D92437"
"03_往届冠军仓库快照\R092_github_meaningfuI_Ascend-S5\.git\hooks\fsmonitor-watchman.sample","4726","E0549964E93897B519BD8E333C037E51FFF0F88BA13E086A331592BF801FA1D0"
"03_往届冠军仓库快照\R092_github_meaningfuI_Ascend-S5\.git\hooks\post-update.sample","189","81765AF2DAEF323061DCBC5E61FC16481CB74B3BAC9AD8A174B186523586F6C5"
"03_往届冠军仓库快照\R092_github_meaningfuI_Ascend-S5\.git\hooks\pre-applypatch.sample","424","E15C5B469EA3E0A695BEA6F2C82BCF8E62821074939DDD85B77E0007FF165475"
"03_往届冠军仓库快照\R092_github_meaningfuI_Ascend-S5\.git\hooks\pre-commit.sample","1649","57185B7B9F05239D7AB52DB045F5B89EB31348D7B2177EAB214F5EB872E1971B"
"03_往届冠军仓库快照\R092_github_meaningfuI_Ascend-S5\.git\hooks\pre-merge-commit.sample","416","D3825A70337940EBBD0A5C072984E13245920CDF8898BD225C8D27A6DFC9CB53"
"03_往届冠军仓库快照\R092_github_meaningfuI_Ascend-S5\.git\hooks\pre-push.sample","1374","ECCE9C7E04D3F5DD9D8ADA81753DD1D549A9634B26770042B58DDA00217D086A"
"03_往届冠军仓库快照\R092_github_meaningfuI_Ascend-S5\.git\hooks\pre-rebase.sample","4898","4FEBCE867790052338076F4E66CC47EFB14879D18097D1D61C8261859EAAA7B3"
"03_往届冠军仓库快照\R092_github_meaningfuI_Ascend-S5\.git\hooks\pre-receive.sample","544","A4C3D2B9C7BB3FD8D1441C31BD4EE71A595D66B44FCF49DDB310252320169989"
"03_往届冠军仓库快照\R092_github_meaningfuI_Ascend-S5\.git\hooks\prepare-commit-msg.sample","1492","E9DDCAA4189FDDD25ED97FC8C789ECA7B6CA16390B2392AE3276F0C8E1AA4619"
"03_往届冠军仓库快照\R092_github_meaningfuI_Ascend-S5\.git\hooks\push-to-checkout.sample","2783","A53D0741798B287C6DD7AFA64AEE473F305E65D3F49463BB9D7408EC3B12BF5F"
"03_往届冠军仓库快照\R092_github_meaningfuI_Ascend-S5\.git\hooks\sendemail-validate.sample","2308","44EBFC923DC5466BC009602F0ECF067B9C65459ABFE8868DDC49B78E6CED7A92"
"03_往届冠军仓库快照\R092_github_meaningfuI_Ascend-S5\.git\hooks\update.sample","3650","8D5F2FA83E103CF08B57EAA67521DF9194F45CBDBCB37DA52AD586097A14D106"
"03_往届冠军仓库快照\R092_github_meaningfuI_Ascend-S5\.git\index","1638","7344AC7A88FB9FCD87922A691C6D73759B5C93281A7DE9F7C737D8E1C498BA0A"
"03_往届冠军仓库快照\R092_github_meaningfuI_Ascend-S5\.git\info\exclude","240","6671FE83B7A07C8932EE89164D1F2793B2318058EB8B98DC5C06EE0A5A3B0EC1"
"03_往届冠军仓库快照\R092_github_meaningfuI_Ascend-S5\.git\logs\HEAD","187","9F90DAF194F9460F50DAC55756FE43B02A4A4504DD180C978188224A2B23B3E8"
"03_往届冠军仓库快照\R092_github_meaningfuI_Ascend-S5\.git\logs\refs\heads\main","187","9F90DAF194F9460F50DAC55756FE43B02A4A4504DD180C978188224A2B23B3E8"
"03_往届冠军仓库快照\R092_github_meaningfuI_Ascend-S5\.git\logs\refs\remotes\origin\HEAD","187","9F90DAF194F9460F50DAC55756FE43B02A4A4504DD180C978188224A2B23B3E8"
"03_往届冠军仓库快照\R092_github_meaningfuI_Ascend-S5\.git\objects\pack\pack-870ff62e8b0242661b33ec3c1e3ce16ef8194822.idx","1772","82D815FDA78E0393BFF4A94546EBBC6EA56AF99E9AF875A0552D6F56621337B4"
"03_往届冠军仓库快照\R092_github_meaningfuI_Ascend-S5\.git\objects\pack\pack-870ff62e8b0242661b33ec3c1e3ce16ef8194822.pack","12733","76D2BA85F195F5D6951EA9A991D0B520AE0D11185F7C4B3FB1AD9C6CC9D79DEB"
"03_往届冠军仓库快照\R092_github_meaningfuI_Ascend-S5\.git\objects\pack\pack-870ff62e8b0242661b33ec3c1e3ce16ef8194822.rev","152","668A56B11F8F4714ACAB6F5293D95F298F04F7DE0680A78330C5DC22EF1CDC52"
"03_往届冠军仓库快照\R092_github_meaningfuI_Ascend-S5\.git\packed-refs","112","D1BE09E04D9014E4DBC4AC571238D455C7917CD734AEB11282E4CE8302E7A7C6"
"03_往届冠军仓库快照\R092_github_meaningfuI_Ascend-S5\.git\refs\heads\main","41","DCB800A90ED50608052632097587C148FD20ED318B62A1928EF6C7BDBCCAF48A"
"03_往届冠军仓库快照\R092_github_meaningfuI_Ascend-S5\.git\refs\remotes\origin\HEAD","30","2BB6A24AA0FC6C484100F5D51A29BBAD841CD2C755F5D93FAA204E5DBB4EB2B4"
"03_往届冠军仓库快照\R092_github_meaningfuI_Ascend-S5\BitwiseLeftShift\op_host\bitwise_left_shift_tiling.h","507","C131B18BCABEC19412765C6C73751576CC50488CA312EEC9BDABDA0EFB7B88E5"
"03_往届冠军仓库快照\R092_github_meaningfuI_Ascend-S5\BitwiseLeftShift\op_host\bitwise_left_shift.cpp","5677","CEAF5D0334C53BE83294BE6D3F8A2889C278554A1F8A23969D65FFA7A87CB1E0"
"03_往届冠军仓库快照\R092_github_meaningfuI_Ascend-S5\BitwiseLeftShift\op_kernel\bitwise_left_shift.cpp","21511","3DA39B482A8967B2B32C15CE06F3E65FD8C4ADA98F1D61F066D25DFB292ADEA2"
"03_往届冠军仓库快照\R092_github_meaningfuI_Ascend-S5\BitwiseLeftShift\op_kernel\CMakeLists.txt","202","306D5B65A4FC212118BFE84ACA51CD0614D8C5971084972DAAC4F4CB2016B509"
"03_往届冠军仓库快照\R092_github_meaningfuI_Ascend-S5\Copysign\op_host\copysign_tiling.h","483","623D41E5833C28820A4455F619A00C5B9427524E737E68693245286DC0955076"
"03_往届冠军仓库快照\R092_github_meaningfuI_Ascend-S5\Copysign\op_host\copysign.cpp","5509","B197314BA891DA352A0DC5D2C7C04395405AB520127008A29ECD48640035DB9A"
"03_往届冠军仓库快照\R092_github_meaningfuI_Ascend-S5\Copysign\op_kernel\CMakeLists.txt","202","306D5B65A4FC212118BFE84ACA51CD0614D8C5971084972DAAC4F4CB2016B509"
"03_往届冠军仓库快照\R092_github_meaningfuI_Ascend-S5\Copysign\op_kernel\copysign.cpp","15386","B49FBCB80822855E7D94467EFE12C32BD6ECF894092EBBB8CC29EC11E7E80CE4"
"03_往届冠军仓库快照\R092_github_meaningfuI_Ascend-S5\Lcm\op_host\lcm_tiling.h","436","00FDF4694270208DCFBCD28B584E779B51BDB4E1357B86035C1951456BFF48CD"
"03_往届冠军仓库快照\R092_github_meaningfuI_Ascend-S5\Lcm\op_host\lcm.cpp","5040","7C9ADB7AA717479F1F7E86DDBF697C1B6F96A31B99565E621F5709D48ECA1C6D"
"03_往届冠军仓库快照\R092_github_meaningfuI_Ascend-S5\Lcm\op_kernel\CMakeLists.txt","298","B0205436A2C6A4AAB7EA8713F3A614BEF310AAE5069AF9B6CDF6CBF1DAEDC0E0"
"03_往届冠军仓库快照\R092_github_meaningfuI_Ascend-S5\Lcm\op_kernel\lcm.cpp","30551","EFA35753B25232907DAAC91B3B7C441F937E4FD7B4D1D743BAA1303EFE09E5DB"
"03_往届冠军仓库快照\R092_github_meaningfuI_Ascend-S5\README.md","11","718D5D2E68CD214A1F165D5A21595F273289ABE031B767971B84ABAB3C9E11EC"
"03_往届冠军仓库快照\R093_github_MiracleDrawer_Ascend_S4\.git\config","309","3BDDF952D819147F2D6648A25569FF4258B857D55D319658B7437506A6385312"
"03_往届冠军仓库快照\R093_github_MiracleDrawer_Ascend_S4\.git\description","73","85AB6C163D43A17EA9CF7788308BCA1466F1B0A8D1CC92E26E9BF63DA4062AEE"
"03_往届冠军仓库快照\R093_github_MiracleDrawer_Ascend_S4\.git\HEAD","23","F6F2B945F6C411B02BA3DA9C7ACE88DCF71B6AF65BA2E0D89AA82900042B5A10"
"03_往届冠军仓库快照\R093_github_MiracleDrawer_Ascend_S4\.git\hooks\applypatch-msg.sample","478","0223497A0B8B033AA58A3A521B8629869386CF7AB0E2F101963D328AA62193F7"
"03_往届冠军仓库快照\R093_github_MiracleDrawer_Ascend_S4\.git\hooks\commit-msg.sample","896","1F74D5E9292979B573EBD59741D46CB93FF391ACDD083D340B94370753D92437"
"03_往届冠军仓库快照\R093_github_MiracleDrawer_Ascend_S4\.git\hooks\fsmonitor-watchman.sample","4726","E0549964E93897B519BD8E333C037E51FFF0F88BA13E086A331592BF801FA1D0"
"03_往届冠军仓库快照\R093_github_MiracleDrawer_Ascend_S4\.git\hooks\post-update.sample","189","81765AF2DAEF323061DCBC5E61FC16481CB74B3BAC9AD8A174B186523586F6C5"
"03_往届冠军仓库快照\R093_github_MiracleDrawer_Ascend_S4\.git\hooks\pre-applypatch.sample","424","E15C5B469EA3E0A695BEA6F2C82BCF8E62821074939DDD85B77E0007FF165475"
"03_往届冠军仓库快照\R093_github_MiracleDrawer_Ascend_S4\.git\hooks\pre-commit.sample","1649","57185B7B9F05239D7AB52DB045F5B89EB31348D7B2177EAB214F5EB872E1971B"
"03_往届冠军仓库快照\R093_github_MiracleDrawer_Ascend_S4\.git\hooks\pre-merge-commit.sample","416","D3825A70337940EBBD0A5C072984E13245920CDF8898BD225C8D27A6DFC9CB53"
"03_往届冠军仓库快照\R093_github_MiracleDrawer_Ascend_S4\.git\hooks\pre-push.sample","1374","ECCE9C7E04D3F5DD9D8ADA81753DD1D549A9634B26770042B58DDA00217D086A"
"03_往届冠军仓库快照\R093_github_MiracleDrawer_Ascend_S4\.git\hooks\pre-rebase.sample","4898","4FEBCE867790052338076F4E66CC47EFB14879D18097D1D61C8261859EAAA7B3"
"03_往届冠军仓库快照\R093_github_MiracleDrawer_Ascend_S4\.git\hooks\pre-receive.sample","544","A4C3D2B9C7BB3FD8D1441C31BD4EE71A595D66B44FCF49DDB310252320169989"
"03_往届冠军仓库快照\R093_github_MiracleDrawer_Ascend_S4\.git\hooks\prepare-commit-msg.sample","1492","E9DDCAA4189FDDD25ED97FC8C789ECA7B6CA16390B2392AE3276F0C8E1AA4619"
"03_往届冠军仓库快照\R093_github_MiracleDrawer_Ascend_S4\.git\hooks\push-to-checkout.sample","2783","A53D0741798B287C6DD7AFA64AEE473F305E65D3F49463BB9D7408EC3B12BF5F"
"03_往届冠军仓库快照\R093_github_MiracleDrawer_Ascend_S4\.git\hooks\sendemail-validate.sample","2308","44EBFC923DC5466BC009602F0ECF067B9C65459ABFE8868DDC49B78E6CED7A92"
"03_往届冠军仓库快照\R093_github_MiracleDrawer_Ascend_S4\.git\hooks\update.sample","3650","8D5F2FA83E103CF08B57EAA67521DF9194F45CBDBCB37DA52AD586097A14D106"
"03_往届冠军仓库快照\R093_github_MiracleDrawer_Ascend_S4\.git\index","40461","13216BED258F1A2D85EB5771E626C9C026C47D54BA5185E6E395D86F5D982E0E"
"03_往届冠军仓库快照\R093_github_MiracleDrawer_Ascend_S4\.git\info\exclude","240","6671FE83B7A07C8932EE89164D1F2793B2318058EB8B98DC5C06EE0A5A3B0EC1"
"03_往届冠军仓库快照\R093_github_MiracleDrawer_Ascend_S4\.git\logs\HEAD","190","8D90A06C913DB2C450B02EE0C7D1C240B8AB6BE4559FA8A6DB9BC6AFB2030081"
"03_往届冠军仓库快照\R093_github_MiracleDrawer_Ascend_S4\.git\logs\refs\heads\master","190","8D90A06C913DB2C450B02EE0C7D1C240B8AB6BE4559FA8A6DB9BC6AFB2030081"
"03_往届冠军仓库快照\R093_github_MiracleDrawer_Ascend_S4\.git\logs\refs\remotes\origin\HEAD","190","8D90A06C913DB2C450B02EE0C7D1C240B8AB6BE4559FA8A6DB9BC6AFB2030081"
"03_往届冠军仓库快照\R093_github_MiracleDrawer_Ascend_S4\.git\objects\pack\pack-d1052cacb7c972ad8ce0282698cd6ce3ec405aee.idx","58612","F48365A9A387B23A271ECD404A868D6F48991C329B6375FBB38F7B642B710EE0"
"03_往届冠军仓库快照\R093_github_MiracleDrawer_Ascend_S4\.git\objects\pack\pack-d1052cacb7c972ad8ce0282698cd6ce3ec405aee.pack","32655270","60DC50CC202EDED3CAF6C45C423D83248FB99F05027D698424DD09ADA6F9FB50"
"03_往届冠军仓库快照\R093_github_MiracleDrawer_Ascend_S4\.git\objects\pack\pack-d1052cacb7c972ad8ce0282698cd6ce3ec405aee.rev","8272","2548FB54BFEB19215F58A84DCEBBDE3BC8E99B5CEA6A3A97F37D1BDCAD552BFF"
"03_往届冠军仓库快照\R093_github_MiracleDrawer_Ascend_S4\.git\packed-refs","381","FE6080F81D30B4133655CBAB7ABB3E34CA80DBD0F7A1C581525944FEF5AC0874"
"03_往届冠军仓库快照\R093_github_MiracleDrawer_Ascend_S4\.git\refs\heads\master","41","9B3E6FA0F4D3BE2D3FA19D2F3AAC2779CD527C448207AC19DF0D8C9D914FB8EF"
"03_往届冠军仓库快照\R093_github_MiracleDrawer_Ascend_S4\.git\refs\remotes\origin\HEAD","32","CDC65E67690C4C6475174E5EC662B70655246A2F3924354778835AB3BE70AA76"
"03_往届冠军仓库快照\R093_github_MiracleDrawer_Ascend_S4\.gitignore","676","610B837935767C1A8DBAD76E801368129B7C75DEBAC36282B6E3F79519FC9A6E"
"03_往届冠军仓库快照\R093_github_MiracleDrawer_Ascend_S4\MatMul.json","1184","BCBC9A0C5E9BCD245289E2E97A458F3177686E7ED158E9D5801E4EAC39982BEE"
"03_往届冠军仓库快照\R093_github_MiracleDrawer_Ascend_S4\MatMul\build_out\_CPack_Packages\Linux\External\custom_opp_euleros_aarch64.run.json","787","FAF983944BE2657EC7FF1AC912A59BEB2D4BFDAD1CCE97DAEC01E34C9EE7E0D1"
"03_往届冠军仓库快照\R093_github_MiracleDrawer_Ascend_S4\MatMul\build_out\_CPack_Packages\Linux\External\custom_opp_euleros_aarch64.run\custom_opp_euleros_aarch64.run","324638","E2AF9BD747CBA561672D8164333D7C24FFEF3151EE4319E1148F1AD30D87BEA0"
"03_往届冠军仓库快照\R093_github_MiracleDrawer_Ascend_S4\MatMul\build_out\_CPack_Packages\Linux\External\custom_opp_euleros_aarch64.run\help.info","81","27067F1EC0A23A694AE80EC4A05BC68415A284FBAF509B1A9CC0234035C61E5B"
"03_往届冠军仓库快照\R093_github_MiracleDrawer_Ascend_S4\MatMul\build_out\_CPack_Packages\Linux\External\custom_opp_euleros_aarch64.run\install.sh","9881","02862BAF881E9EBFA0EB5F43BE11932391E2B1EDC1D6C1C508812B5410C04181"
"03_往届冠军仓库快照\R093_github_MiracleDrawer_Ascend_S4\MatMul\build_out\_CPack_Packages\Linux\External\custom_opp_euleros_aarch64.run\packages\vendors\customize\framework\tensorflow\libcust_tf_parsers.so","67784","DEDDD59A03BFFBACDB29C1B693081FFC3B91F140F42E28D27D6034795576ACAE"
"03_往届冠军仓库快照\R093_github_MiracleDrawer_Ascend_S4\MatMul\build_out\_CPack_Packages\Linux\External\custom_opp_euleros_aarch64.run\packages\vendors\customize\framework\tensorflow\npu_supported_ops.json","70","E6C2D887BA206C6DE0A657E72CEE0A22722C4C51E8D098E5DF5C679C7FDF50F5"
"03_往届冠军仓库快照\R093_github_MiracleDrawer_Ascend_S4\MatMul\build_out\_CPack_Packages\Linux\External\custom_opp_euleros_aarch64.run\packages\vendors\customize\op_api\include\aclnn_mat_mul.h","1120","9F4B0352AA227B898137A2ED4DE28FCF8F76EC8EF8D08F921D012B90B4F43B3F"
"03_往届冠军仓库快照\R093_github_MiracleDrawer_Ascend_S4\MatMul\build_out\_CPack_Packages\Linux\External\custom_opp_euleros_aarch64.run\packages\vendors\customize\op_api\lib\libcust_opapi.so","67912","8D2FEAF66DB41D44914F2BCEDD4E6A5387F3DC7F3F0B2A5959C9FC78D4D49A28"
"03_往届冠军仓库快照\R093_github_MiracleDrawer_Ascend_S4\MatMul\build_out\_CPack_Packages\Linux\External\custom_opp_euleros_aarch64.run\packages\vendors\customize\op_impl\ai_core\tbe\config\ascend910b\aic-ascend910b-ops-info.json","1478","EE3EDCC413CC1CCB6503E7F2F1332986EEF484DC550453956EDBDD4CD4BF3EB6"
"03_往届冠军仓库快照\R093_github_MiracleDrawer_Ascend_S4\MatMul\build_out\_CPack_Packages\Linux\External\custom_opp_euleros_aarch64.run\packages\vendors\customize\op_impl\ai_core\tbe\customize_impl\dynamic\mat_mul.cpp","4135","87D691683BE5225D4408AF8D2CBDA9B0CD0DAA03E41EF0792386C65DB1E909A2"
"03_往届冠军仓库快照\R093_github_MiracleDrawer_Ascend_S4\MatMul\build_out\_CPack_Packages\Linux\External\custom_opp_euleros_aarch64.run\packages\vendors\customize\op_impl\ai_core\tbe\customize_impl\dynamic\mat_mul.py","9412","5E8693EA2ADAC6EE2B46F7627E65CDDB6A44E9BF7DAC07177BE61774C2BA77ED"
"03_往届冠军仓库快照\R093_github_MiracleDrawer_Ascend_S4\MatMul\build_out\_CPack_Packages\Linux\External\custom_opp_euleros_aarch64.run\packages\vendors\customize\op_impl\ai_core\tbe\op_tiling\lib\linux\aarch64\libcust_opmaster_rt2.0.so","329952","B67737B5947EF35B3D053BEBA208C1C050F0AC906EF8A1E98CE99AB4C5F1F192"
"03_往届冠军仓库快照\R093_github_MiracleDrawer_Ascend_S4\MatMul\build_out\_CPack_Packages\Linux\External\custom_opp_euleros_aarch64.run\packages\vendors\customize\op_impl\ai_core\tbe\op_tiling\liboptiling.so","43","DE139EA10AD7093C5D1A0589354D580D29CECED12B627B9DF5DD32EC825493C1"
"03_往届冠军仓库快照\R093_github_MiracleDrawer_Ascend_S4\MatMul\build_out\_CPack_Packages\Linux\External\custom_opp_euleros_aarch64.run\packages\vendors\customize\op_proto\inc\op_proto.h","367","A6D9E38654416F7EBD5B8AF14ACBB2B257DB91818AE877D40E24FEE9E778BB58"
"03_往届冠军仓库快照\R093_github_MiracleDrawer_Ascend_S4\MatMul\build_out\_CPack_Packages\Linux\External\custom_opp_euleros_aarch64.run\packages\vendors\customize\op_proto\lib\linux\aarch64\libcust_opsproto_rt2.0.so","329952","A0EB388BF7764341FC307D71915615CE7200568046C226D09EBBFBDECF0EB658"
"03_往届冠军仓库快照\R093_github_MiracleDrawer_Ascend_S4\MatMul\build_out\_CPack_Packages\Linux\External\custom_opp_euleros_aarch64.run\packages\vendors\customize\version.info","44","D612624DAD46BCE054E84F5D05A690A98EC96E731162818D554061CD32FF3D63"
"03_往届冠军仓库快照\R093_github_MiracleDrawer_Ascend_S4\MatMul\build_out\_CPack_Packages\Linux\External\custom_opp_euleros_aarch64.run\upgrade.sh","4151","DDF117CFD96BF93194F66A8C4C7A298A263254107D1EFAE8F2081F0626E4C1F7"
"03_往届冠军仓库快照\R093_github_MiracleDrawer_Ascend_S4\MatMul\build_out\autogen\aclnn_mat_mul.cpp","8720","0910F46E2A2BD680361950DEAB1B27F823B7BD56EBDBBA25AAF3631DD8C1FAD0"
"03_往届冠军仓库快照\R093_github_MiracleDrawer_Ascend_S4\MatMul\build_out\autogen\aclnn_mat_mul.h","1120","9F4B0352AA227B898137A2ED4DE28FCF8F76EC8EF8D08F921D012B90B4F43B3F"
"03_往届冠军仓库快照\R093_github_MiracleDrawer_Ascend_S4\MatMul\build_out\autogen\aic-ascend910b-ops-info.ini","775","7724A3A6E601CCA620B9AF93F3A5B49191E4D245656EE150413F9BA62F6B21DA"
"03_往届冠军仓库快照\R093_github_MiracleDrawer_Ascend_S4\MatMul\build_out\autogen\custom_compile_options.ini","0","E3B0C44298FC1C149AFBF4C8996FB92427AE41E4649B934CA495991B7852B855"
"03_往届冠军仓库快照\R093_github_MiracleDrawer_Ascend_S4\MatMul\build_out\autogen\custom_opc_options.ini","0","E3B0C44298FC1C149AFBF4C8996FB92427AE41E4649B934CA495991B7852B855"
"03_往届冠军仓库快照\R093_github_MiracleDrawer_Ascend_S4\MatMul\build_out\autogen\libascend_all_ops.so","1575592","3AF34AA5CA1F2F249444643A1B4CF9469CCBF895B874B8BD99D95802399EFA74"
"03_往届冠军仓库快照\R093_github_MiracleDrawer_Ascend_S4\MatMul\build_out\autogen\op_proto.cc","46","DC083979E3347BD043D9C87DFE57082A78F868F5FE310AD96738B8754456DF68"
"03_往届冠军仓库快照\R093_github_MiracleDrawer_Ascend_S4\MatMul\build_out\autogen\op_proto.h","367","A6D9E38654416F7EBD5B8AF14ACBB2B257DB91818AE877D40E24FEE9E778BB58"
"03_往届冠军仓库快照\R093_github_MiracleDrawer_Ascend_S4\MatMul\build_out\cmake_install.cmake","3075","0DB3F030538C8B6E33B82C99EFC7F5D997D8D7788DE56BC69F05591FE59B2C85"
"03_往届冠军仓库快照\R093_github_MiracleDrawer_Ascend_S4\MatMul\build_out\CMakeCache.txt","16685","932EF45422AB3881E129D67343C7E3D05EC2C4CACAB2EB6800EC0CC1AEEB483C"
"03_往届冠军仓库快照\R093_github_MiracleDrawer_Ascend_S4\MatMul\build_out\CMakeFiles\3.28.3\CMakeCCompiler.cmake","2480","7B31AEEDB967BB211AF2C14BA3242F93E4E352EB609BE2E2B9D761A54EA52EB0"
"03_往届冠军仓库快照\R093_github_MiracleDrawer_Ascend_S4\MatMul\build_out\CMakeFiles\3.28.3\CMakeCXXCompiler.cmake","5507","B6F36CF789515B032BB858E706EE0A10EFF27DB740386A5CE94F8C9AA412CC63"
"03_往届冠军仓库快照\R093_github_MiracleDrawer_Ascend_S4\MatMul\build_out\CMakeFiles\3.28.3\CMakeDetermineCompilerABI_C.bin","71304","15A4BB75B57B3EFD663206A0521D8A720AD14E7A519482954532D7DB8D3D24C0"
"03_往届冠军仓库快照\R093_github_MiracleDrawer_Ascend_S4\MatMul\build_out\CMakeFiles\3.28.3\CMakeDetermineCompilerABI_CXX.bin","71328","6B5953EDC2FCFAA910904288F5B56078069AB17B48331CF466745046982F1BCD"
"03_往届冠军仓库快照\R093_github_MiracleDrawer_Ascend_S4\MatMul\build_out\CMakeFiles\3.28.3\CMakeSystem.cmake","543","EEDBE3F090D2A7C1934E8C0DCA3442FD4CEEA4086F81669B9B56C8156BA98C63"
"03_往届冠军仓库快照\R093_github_MiracleDrawer_Ascend_S4\MatMul\build_out\CMakeFiles\3.28.3\CompilerIdC\a.out","71448","4193F5182CF823429BA619FE359040D17559D8B4438DD4BF4CC6E6267C963537"
"03_往届冠军仓库快照\R093_github_MiracleDrawer_Ascend_S4\MatMul\build_out\CMakeFiles\3.28.3\CompilerIdC\CMakeCCompilerId.c","27910","259444DDAA28052E9CA338A1BE50127429D1921AAB3D0AAB3C1A4A48BDF1F74C"
"03_往届冠军仓库快照\R093_github_MiracleDrawer_Ascend_S4\MatMul\build_out\CMakeFiles\3.28.3\CompilerIdCXX\a.out","71456","DB04992E7CEB2871489C00DA884E3E2F0C413ACD374C7AA54B242F957774E243"
"03_往届冠军仓库快照\R093_github_MiracleDrawer_Ascend_S4\MatMul\build_out\CMakeFiles\3.28.3\CompilerIdCXX\CMakeCXXCompilerId.cpp","27673","55FD3EBF28D178FF42660C6D98B824592428A7F63CDF682FE188D97EF42E8195"
"03_往届冠军仓库快照\R093_github_MiracleDrawer_Ascend_S4\MatMul\build_out\CMakeFiles\cmake.check_cache","86","95079B44BCEF481D601432C2FD3C654D7FE85B9C8386C355F2874502B47441D7"
"03_往届冠军仓库快照\R093_github_MiracleDrawer_Ascend_S4\MatMul\build_out\CMakeFiles\CMakeConfigureLog.yaml","44864","7165818C59C1C7C666924413B3B563AECCBF40F2182E4BEEE7D942DC2285425E"
"03_往届冠军仓库快照\R093_github_MiracleDrawer_Ascend_S4\MatMul\build_out\CMakeFiles\CMakeDirectoryInformation.cmake","672","BF51D11EFFACC52DD9C48FB8DD67DE5E246DCDA33F8F216F9D10221F528146BC"
"03_往届冠军仓库快照\R093_github_MiracleDrawer_Ascend_S4\MatMul\build_out\CMakeFiles\CMakeRuleHashes.txt","1111","3FCF504B8AEEF3465A6A1FB6DF9D64D974CB6C9AE40A666FF7B1DE4B21D1F248"
"03_往届冠军仓库快照\R093_github_MiracleDrawer_Ascend_S4\MatMul\build_out\CMakeFiles\gen_version_info.dir\build.make","2964","2C44054580B680EDC0B53D51D73854AD1355E28DB46C555D25679F080A4CF85F"
"03_往届冠军仓库快照\R093_github_MiracleDrawer_Ascend_S4\MatMul\build_out\CMakeFiles\gen_version_info.dir\cmake_clean.cmake","222","4F2E6BEAB2858B48596AF6ECB2771BBD5A1F45DD0D6227DCB9C30A95DE6E893D"
"03_往届冠军仓库快照\R093_github_MiracleDrawer_Ascend_S4\MatMul\build_out\CMakeFiles\gen_version_info.dir\compiler_depend.make","128","FECC2108B4CF660AC621247C7E73158DC4D4E2CF317F54CAC18DD6A635CE27DF"
"03_往届冠军仓库快照\R093_github_MiracleDrawer_Ascend_S4\MatMul\build_out\CMakeFiles\gen_version_info.dir\compiler_depend.ts","122","73664F9E3F477A28D415F783D5FC1E8DE5B9F90B186D329126EBCE6E38A83E44"
"03_往届冠军仓库快照\R093_github_MiracleDrawer_Ascend_S4\MatMul\build_out\CMakeFiles\gen_version_info.dir\DependInfo.cmake","607","C4D47CEBAA92654FBB1EDFC1EDDFB8ED0F5F9C36904A25BBD657280F4FC44067"
"03_往届冠军仓库快照\R093_github_MiracleDrawer_Ascend_S4\MatMul\build_out\CMakeFiles\gen_version_info.dir\progress.make","2","7EB70257593DA06F682A3DDDA54A9D260D4FC514F645237F5CA74B08F8DA61A6"
"03_往届冠军仓库快照\R093_github_MiracleDrawer_Ascend_S4\MatMul\build_out\CMakeFiles\Makefile.cmake","13651","793BBB527020B8C68EE4FB559DEF63E799F56F5DE587575000A447BB141635F2"
"03_往届冠军仓库快照\R093_github_MiracleDrawer_Ascend_S4\MatMul\build_out\CMakeFiles\Makefile2","30634","9B24D984364EBEC9438FDFB275AA7FC4E89E71B15BBAE9CB2359829D91907164"
"03_往届冠军仓库快照\R093_github_MiracleDrawer_Ascend_S4\MatMul\build_out\CMakeFiles\modify_vendor.dir\build.make","3524","211CD00625D11E9C159E92543F39C6828EE4CEB236C5AAA9399022D22787D0FE"
"03_往届冠军仓库快照\R093_github_MiracleDrawer_Ascend_S4\MatMul\build_out\CMakeFiles\modify_vendor.dir\cmake_clean.cmake","264","2D5DDE10F3FC1047BA7B1C27F41CE8E3738B64F3C31587E35F9A459EA48B13A3"
"03_往届冠军仓库快照\R093_github_MiracleDrawer_Ascend_S4\MatMul\build_out\CMakeFiles\modify_vendor.dir\compiler_depend.make","125","34AF02E58A00F9D633AF1B15C9DA951C4054A974E18153127C92EF21D890C2F6"
"03_往届冠军仓库快照\R093_github_MiracleDrawer_Ascend_S4\MatMul\build_out\CMakeFiles\modify_vendor.dir\compiler_depend.ts","119","4A652558AA324FAA12E57A4AF5AEB3814210E8D464113A6690BE726AF6BBE24D"
"03_往届冠军仓库快照\R093_github_MiracleDrawer_Ascend_S4\MatMul\build_out\CMakeFiles\modify_vendor.dir\DependInfo.cmake","838","65BFA0A22E547249A3D6C76CCAA14678DB549D2E2BEEF63A4827F5E052A4E36B"
"03_往届冠军仓库快照\R093_github_MiracleDrawer_Ascend_S4\MatMul\build_out\CMakeFiles\modify_vendor.dir\progress.make","25","F38AA4592608209C601E781F3564538AB6207D0CC10C1AA82EFBAB29C1D7200B"
"03_往届冠军仓库快照\R093_github_MiracleDrawer_Ascend_S4\MatMul\build_out\CMakeFiles\progress.marks","4","F7C4F4CC6C99F0E5D21986EAF4E0EE5170B03B05BA444A6B2792A902E38F07B2"
"03_往届冠军仓库快照\R093_github_MiracleDrawer_Ascend_S4\MatMul\build_out\CMakeFiles\TargetDirectories.txt","4764","3BAC9AF8BF2210E1D4BBF0655ABCF3CC2953985D5BD1101CE967D888987E336E"
"03_往届冠军仓库快照\R093_github_MiracleDrawer_Ascend_S4\MatMul\build_out\CPackConfig.cmake","4021","EF9A236AB98CCCD4CD6CAAF0FE8013A27C5D4A5C294D336F20F817F096BFAD1D"
"03_往届冠军仓库快照\R093_github_MiracleDrawer_Ascend_S4\MatMul\build_out\CPackSourceConfig.cmake","4465","435FFFF01581F273583D4D5A8A1FCD6822274195E14DDB2AA846DAA8F17B34FE"
"03_往届冠军仓库快照\R093_github_MiracleDrawer_Ascend_S4\MatMul\build_out\custom_opp_euleros_aarch64.run.json","787","FAF983944BE2657EC7FF1AC912A59BEB2D4BFDAD1CCE97DAEC01E34C9EE7E0D1"
"03_往届冠军仓库快照\R093_github_MiracleDrawer_Ascend_S4\MatMul\build_out\framework\cmake_install.cmake","1544","09C05E0331239D94FBBE2059E7EAA7747261E1AA71A7B91F92551AD355C25598"
"03_往届冠军仓库快照\R093_github_MiracleDrawer_Ascend_S4\MatMul\build_out\framework\CMakeFiles\CMakeDirectoryInformation.cmake","672","BF51D11EFFACC52DD9C48FB8DD67DE5E246DCDA33F8F216F9D10221F528146BC"
"03_往届冠军仓库快照\R093_github_MiracleDrawer_Ascend_S4\MatMul\build_out\framework\CMakeFiles\progress.marks","3","DF4E26A04A444901B95AFEF44E4A96CFAE34690FFF2AD2C66389C70079CDFF2B"
"03_往届冠军仓库快照\R093_github_MiracleDrawer_Ascend_S4\MatMul\build_out\framework\Makefile","8092","2CAD4AA672C8FBA91C25E7F20BC194FED38FAB64DFB8298BA30A93E5128790FD"
"03_往届冠军仓库快照\R093_github_MiracleDrawer_Ascend_S4\MatMul\build_out\framework\tf_plugin\cmake_install.cmake","2910","59D8A672B196550B425D101A705E84E2543C01D1644F1E83385959294525C6E8"
"03_往届冠军仓库快照\R093_github_MiracleDrawer_Ascend_S4\MatMul\build_out\framework\tf_plugin\CMakeFiles\CMakeDirectoryInformation.cmake","672","BF51D11EFFACC52DD9C48FB8DD67DE5E246DCDA33F8F216F9D10221F528146BC"
"03_往届冠军仓库快照\R093_github_MiracleDrawer_Ascend_S4\MatMul\build_out\framework\tf_plugin\CMakeFiles\cust_tf_parsers.dir\build.make","6412","6B78F6D5AB64C8F5F5D63CA4C7C30F4AE8EF78E2CB8DF1950C1E168EBF039953"
"03_往届冠军仓库快照\R093_github_MiracleDrawer_Ascend_S4\MatMul\build_out\framework\tf_plugin\CMakeFiles\cust_tf_parsers.dir\cmake_clean.cmake","382","93001B7F372EBA697753C23334D5D9A13091A08AE321939BF3837936E26FECBD"
"03_往届冠军仓库快照\R093_github_MiracleDrawer_Ascend_S4\MatMul\build_out\framework\tf_plugin\CMakeFiles\cust_tf_parsers.dir\compiler_depend.internal","8694","7FF8AC7638FF3B0FBB9A314320479F19B7BC36F22ABB650F455326E1BDD3FD1A"
"03_往届冠军仓库快照\R093_github_MiracleDrawer_Ascend_S4\MatMul\build_out\framework\tf_plugin\CMakeFiles\cust_tf_parsers.dir\compiler_depend.make","17923","24710848F5FA85C0B9A0F4C14DB46A3F708751884744A5EAD4C1C012CFB9C987"
"03_往届冠军仓库快照\R093_github_MiracleDrawer_Ascend_S4\MatMul\build_out\framework\tf_plugin\CMakeFiles\cust_tf_parsers.dir\compiler_depend.ts","124","3C7672CAEC6C89C9EE4468D6EAAD05460BAEFDA90453715ED92FE54E97F37287"
"03_往届冠军仓库快照\R093_github_MiracleDrawer_Ascend_S4\MatMul\build_out\framework\tf_plugin\CMakeFiles\cust_tf_parsers.dir\depend.make","101","9B59CB499916FA83237D586252B6E7C4FCC850E75D3844311145ADB364277AA3"
"03_往届冠军仓库快照\R093_github_MiracleDrawer_Ascend_S4\MatMul\build_out\framework\tf_plugin\CMakeFiles\cust_tf_parsers.dir\DependInfo.cmake","873","ADD544E69439AA9F7BCA0CBB0D43FC47B1992C8600EDD08DCFEBB422CAC018F0"
"03_往届冠军仓库快照\R093_github_MiracleDrawer_Ascend_S4\MatMul\build_out\framework\tf_plugin\CMakeFiles\cust_tf_parsers.dir\flags.make","484","C8DC68B381A93FB63AB088BDEB7E62F5DE7ECCE3E88A46A3BCB48A1836A73C3A"
"03_往届冠军仓库快照\R093_github_MiracleDrawer_Ascend_S4\MatMul\build_out\framework\tf_plugin\CMakeFiles\cust_tf_parsers.dir\link.txt","319","74DCA630F208D295AA84FAC14BDC9A7FCAD821B4FAED71F513B0F775E27D0F66"
"03_往届冠军仓库快照\R093_github_MiracleDrawer_Ascend_S4\MatMul\build_out\framework\tf_plugin\CMakeFiles\cust_tf_parsers.dir\progress.make","47","4E025C142C36E21F3047B4FBA7BF6EE6BA76DD0063BD9A4DCDF90B36805E18FE"
"03_往届冠军仓库快照\R093_github_MiracleDrawer_Ascend_S4\MatMul\build_out\framework\tf_plugin\CMakeFiles\cust_tf_parsers.dir\tensorflow_mat_mul_plugin.cc.o","9664","A5846FB3A831BFC0B0CB2447FB6115BBAD4B563910B5CBA1F10B74F0384B2AE0"
"03_往届冠军仓库快照\R093_github_MiracleDrawer_Ascend_S4\MatMul\build_out\framework\tf_plugin\CMakeFiles\cust_tf_parsers.dir\tensorflow_mat_mul_plugin.cc.o.d","9029","A7BC88762FE8CB5DF923C52ADB79DA088CEA441C1E9B28A09DBC78795B575099"
"03_往届冠军仓库快照\R093_github_MiracleDrawer_Ascend_S4\MatMul\build_out\framework\tf_plugin\CMakeFiles\progress.marks","3","DF4E26A04A444901B95AFEF44E4A96CFAE34690FFF2AD2C66389C70079CDFF2B"
"03_往届冠军仓库快照\R093_github_MiracleDrawer_Ascend_S4\MatMul\build_out\framework\tf_plugin\libcust_tf_parsers.so","67784","771E1B56DD735DA06081630537CA604C1B3326676A368179DBEC6CAF5A06FAE1"
"03_往届冠军仓库快照\R093_github_MiracleDrawer_Ascend_S4\MatMul\build_out\framework\tf_plugin\Makefile","10345","42D39CCFE725F3692F099ECF9B3DE9186AE69C2DF6EB5010B47C730C79E25255"
"03_往届冠军仓库快照\R093_github_MiracleDrawer_Ascend_S4\MatMul\build_out\install_manifest.txt","4239","F45B8A52DFF5053D1E58F23D88F17121A30FA4BEC82E39CAA04696F4C96D5F6E"
"03_往届冠军仓库快照\R093_github_MiracleDrawer_Ascend_S4\MatMul\build_out\kernel\ascend910b\mat_mul\MatMul_2ad5e3ad275e08b71c6809171e4f8887.json","2386","06A3486EC9C2295BCAE312A305BFB011CBF5CAAFD3EAAB8C8D45D29B0E06EFF5"
"03_往届冠军仓库快照\R093_github_MiracleDrawer_Ascend_S4\MatMul\build_out\kernel\config\ascend910b\binary_info_config.json","1325","D9C2BAD089FDDD43BD76E83B56BB72D295A4E81F7B229DBD9C692F1C16B3973F"
"03_往届冠军仓库快照\R093_github_MiracleDrawer_Ascend_S4\MatMul\build_out\kernel\config\ascend910b\mat_mul.json","1897","B79146870F8E5657C07E697B0F6C233CD24718CEF74A0EBDE85C0CA825A40D2A"
"03_往届冠军仓库快照\R093_github_MiracleDrawer_Ascend_S4\MatMul\build_out\Makefile","16100","2D2F5B93D63055BD07D861AD453B2FB4EB242CC3F4C03ADD75C1F62E4DCD83DB"
"03_往届冠军仓库快照\R093_github_MiracleDrawer_Ascend_S4\MatMul\build_out\op_host\cmake_install.cmake","7024","A7B6545C48D1D7AC7A419DF42B90A1EDAEE820ED3600A35E328ADF041948F1FC"
"03_往届冠军仓库快照\R093_github_MiracleDrawer_Ascend_S4\MatMul\build_out\op_host\CMakeFiles\CMakeDirectoryInformation.cmake","672","BF51D11EFFACC52DD9C48FB8DD67DE5E246DCDA33F8F216F9D10221F528146BC"
"03_往届冠军仓库快照\R093_github_MiracleDrawer_Ascend_S4\MatMul\build_out\op_host\CMakeFiles\cust_op_proto.dir\__\autogen\op_proto.cc.o","61752","F53D3A72EBFB94B723CBBF4ABBCA3DCBEC3DE9E08270F70F7E691E82C6684125"
"03_往届冠军仓库快照\R093_github_MiracleDrawer_Ascend_S4\MatMul\build_out\op_host\CMakeFiles\cust_op_proto.dir\__\autogen\op_proto.cc.o.d","13999","5010CBA164C6FA8805BE99CDE06F3291772D24A5887D935B5DE2D7DFB3A2B2E2"
"03_往届冠军仓库快照\R093_github_MiracleDrawer_Ascend_S4\MatMul\build_out\op_host\CMakeFiles\cust_op_proto.dir\build.make","7644","F03609E56E61D080C5EDB0F8F33416FBD57AE0072AC35BB6946924407A2C4203"
"03_往届冠军仓库快照\R093_github_MiracleDrawer_Ascend_S4\MatMul\build_out\op_host\CMakeFiles\cust_op_proto.dir\cmake_clean.cmake","470","A50BAA05EECEC40880396EFE89FF42F72D0046486D5BCCD52BE32D6D20AE6F2F"
"03_往届冠军仓库快照\R093_github_MiracleDrawer_Ascend_S4\MatMul\build_out\op_host\CMakeFiles\cust_op_proto.dir\compiler_depend.internal","34038","05947B028FD067F805CE80EEB66071F31FCE82C279B36245E6AF4847106571F9"
"03_往届冠军仓库快照\R093_github_MiracleDrawer_Ascend_S4\MatMul\build_out\op_host\CMakeFiles\cust_op_proto.dir\compiler_depend.make","56933","37327A16FFD042D10DF91DDE7245A3371F2F7F51A7B4DB85F1A7DECCC4937A61"
"03_往届冠军仓库快照\R093_github_MiracleDrawer_Ascend_S4\MatMul\build_out\op_host\CMakeFiles\cust_op_proto.dir\compiler_depend.ts","122","746DB2524BA04C5FBDCF35FA80ED520F1B259E1CAFAFFF7074127558AF699CED"
"03_往届冠军仓库快照\R093_github_MiracleDrawer_Ascend_S4\MatMul\build_out\op_host\CMakeFiles\cust_op_proto.dir\depend.make","99","2DD5080ABB4D8DCCE8A17C02E0B4C7D82F06DA6C3409FDC379D5150DF40DA037"
"03_往届冠军仓库快照\R093_github_MiracleDrawer_Ascend_S4\MatMul\build_out\op_host\CMakeFiles\cust_op_proto.dir\DependInfo.cmake","989","2AFED3F458BABCEF26FDFCF3087C19AE0422A7E655068CE527343617AFAAF377"
"03_往届冠军仓库快照\R093_github_MiracleDrawer_Ascend_S4\MatMul\build_out\op_host\CMakeFiles\cust_op_proto.dir\flags.make","473","73D51A167DAEF05BD97884E58CCE8A9DE5364B1C75BB8583640F32CC973D3EB4"
"03_往届冠军仓库快照\R093_github_MiracleDrawer_Ascend_S4\MatMul\build_out\op_host\CMakeFiles\cust_op_proto.dir\link.txt","448","2B0CAA18E1F8767799E2B9E72AE0277B33A354A23C4B41CEEB749EBE2A127F82"
"03_往届冠军仓库快照\R093_github_MiracleDrawer_Ascend_S4\MatMul\build_out\op_host\CMakeFiles\cust_op_proto.dir\mat_mul.cpp.o","167136","91FCE972AF527B203065527E8481EC041E8040D6530815F8F67EAE2D04FEF618"
"03_往届冠军仓库快照\R093_github_MiracleDrawer_Ascend_S4\MatMul\build_out\op_host\CMakeFiles\cust_op_proto.dir\mat_mul.cpp.o.d","22276","EE22AEB635870CED4BBD01B1683D4220F1D095D121FB417DB4777A1A9C9D7BAF"
"03_往届冠军仓库快照\R093_github_MiracleDrawer_Ascend_S4\MatMul\build_out\op_host\CMakeFiles\cust_op_proto.dir\progress.make","68","F2C0C0D805D08CAAEDC98160C64A6DEA03F01D47CCFDA4D5DD91D9DCA15D768E"
"03_往届冠军仓库快照\R093_github_MiracleDrawer_Ascend_S4\MatMul\build_out\op_host\CMakeFiles\cust_opapi.dir\__\autogen\aclnn_mat_mul.cpp.o","12648","BCADDA2E14796EB8B3C6E46E64782B7BF082B6CC0785BE1FF97AFCB362250C77"
"03_往届冠军仓库快照\R093_github_MiracleDrawer_Ascend_S4\MatMul\build_out\op_host\CMakeFiles\cust_opapi.dir\__\autogen\aclnn_mat_mul.cpp.o.d","7641","F5EC1067BDDC58B2BA05EEED8752145EB3541BABAE8CD36762FFEF631DFC2D86"
"03_往届冠军仓库快照\R093_github_MiracleDrawer_Ascend_S4\MatMul\build_out\op_host\CMakeFiles\cust_opapi.dir\build.make","5701","2BEF9C6132596031BA68698CFD93BD3289012774EFD7D664CF1F2339F51BBE90"
"03_往届冠军仓库快照\R093_github_MiracleDrawer_Ascend_S4\MatMul\build_out\op_host\CMakeFiles\cust_opapi.dir\cmake_clean.cmake","357","A7341C7BA544F27CD6850FAA67CF978EEB6BC0A8922B3A0E063EF73BBC4C3031"
"03_往届冠军仓库快照\R093_github_MiracleDrawer_Ascend_S4\MatMul\build_out\op_host\CMakeFiles\cust_opapi.dir\compiler_depend.internal","7597","D72FD382F57B178E183BDAD0F4ACB54FED08F7C58AD543053F50F9FC2E261073"
"03_往届冠军仓库快照\R093_github_MiracleDrawer_Ascend_S4\MatMul\build_out\op_host\CMakeFiles\cust_opapi.dir\compiler_depend.make","15765","007EC375B9AF514AEA9904556FB733F98BEA98EF8F260974B48F62E45AC161EB"
"03_往届冠军仓库快照\R093_github_MiracleDrawer_Ascend_S4\MatMul\build_out\op_host\CMakeFiles\cust_opapi.dir\compiler_depend.ts","119","4567C57648BCC9A8436398405A50D93D52A6C8EA847ADC4C39C107CB24781FB3"
"03_往届冠军仓库快照\R093_github_MiracleDrawer_Ascend_S4\MatMul\build_out\op_host\CMakeFiles\cust_opapi.dir\depend.make","96","A909259367E470AC0FC4B3405CAFD915AF4D7E9B8951F698186D9D7504E970F4"
"03_往届冠军仓库快照\R093_github_MiracleDrawer_Ascend_S4\MatMul\build_out\op_host\CMakeFiles\cust_opapi.dir\DependInfo.cmake","826","1DDC32D52B471DFAC5F3A9045D57441EA80EF890018891F07CBE97509952A633"
"03_往届冠军仓库快照\R093_github_MiracleDrawer_Ascend_S4\MatMul\build_out\op_host\CMakeFiles\cust_opapi.dir\flags.make","455","348E8F006109852EB05AEE04A127A4A5EFB374E25B56380D48DC552481409817"
"03_往届冠军仓库快照\R093_github_MiracleDrawer_Ascend_S4\MatMul\build_out\op_host\CMakeFiles\cust_opapi.dir\link.txt","318","E014E1D708F986C2713B477FB959D19001713EDB88E0FFF6B8C858EA3DC3437B"
"03_往届冠军仓库快照\R093_github_MiracleDrawer_Ascend_S4\MatMul\build_out\op_host\CMakeFiles\cust_opapi.dir\progress.make","46","D25EED8A4C5005B7D12829BFED2186FD25192AD6E3766555296EFD9D20E9A03A"
"03_往届冠军仓库快照\R093_github_MiracleDrawer_Ascend_S4\MatMul\build_out\op_host\CMakeFiles\cust_optiling.dir\build.make","5581","D03D3539370A584B306660492C3BA0D77EE150B0F447A5FA425E4CA68B019C28"
"03_往届冠军仓库快照\R093_github_MiracleDrawer_Ascend_S4\MatMul\build_out\op_host\CMakeFiles\cust_optiling.dir\cmake_clean.cmake","350","780E97F14A14491556713D318CB12C9E22AC6F4268B887809004B470AFD3F342"
"03_往届冠军仓库快照\R093_github_MiracleDrawer_Ascend_S4\MatMul\build_out\op_host\CMakeFiles\cust_optiling.dir\compiler_depend.internal","21122","B093C01E8CDFBC0C98C2DA0466C01F05F2770E07E42469B92AC64B8A9609F334"
"03_往届冠军仓库快照\R093_github_MiracleDrawer_Ascend_S4\MatMul\build_out\op_host\CMakeFiles\cust_optiling.dir\compiler_depend.make","43247","F9CD1143BEE60C8F0B9E9F3BCF4990CAF9A712E4E961618471F6451F8879F2C4"
"03_往届冠军仓库快照\R093_github_MiracleDrawer_Ascend_S4\MatMul\build_out\op_host\CMakeFiles\cust_optiling.dir\compiler_depend.ts","122","275E8BF31C17171D429EB3BDA93192FBFB3066F91177792418FC3B1A0D6055D0"
"03_往届冠军仓库快照\R093_github_MiracleDrawer_Ascend_S4\MatMul\build_out\op_host\CMakeFiles\cust_optiling.dir\depend.make","99","0F5D49CC575B33CFEC83DB55E5E6FE93688D6610D08985E5347B96E35CA83E6D"
"03_往届冠军仓库快照\R093_github_MiracleDrawer_Ascend_S4\MatMul\build_out\op_host\CMakeFiles\cust_optiling.dir\DependInfo.cmake","782","8150CCBE1C9F354C8497A59C6751A7C08E04630BCB90E854FC2D878C755ED98F"
"03_往届冠军仓库快照\R093_github_MiracleDrawer_Ascend_S4\MatMul\build_out\op_host\CMakeFiles\cust_optiling.dir\flags.make","474","4358819623369CC1DD9A39237B4945DF47B5E6E95BF2C322A03B552251E69256"
"03_往届冠军仓库快照\R093_github_MiracleDrawer_Ascend_S4\MatMul\build_out\op_host\CMakeFiles\cust_optiling.dir\link.txt","394","A8AE026CEBA4C1A48B618BB6DCB7FB09EBD1B11C820C2495535676F39CE957E2"
"03_往届冠军仓库快照\R093_github_MiracleDrawer_Ascend_S4\MatMul\build_out\op_host\CMakeFiles\cust_optiling.dir\mat_mul.cpp.o","171408","ACEE9E5F4D8229F817FA84C033F8E51E41DAB82BB5F24D7283C9AF66297335EF"
"03_往届冠军仓库快照\R093_github_MiracleDrawer_Ascend_S4\MatMul\build_out\op_host\CMakeFiles\cust_optiling.dir\mat_mul.cpp.o.d","22276","03403428730DF2C318A1DA0C0919E3D402ACAA37435176B1D0994BF181D1B3E5"
"03_往届冠军仓库快照\R093_github_MiracleDrawer_Ascend_S4\MatMul\build_out\op_host\CMakeFiles\cust_optiling.dir\progress.make","46","A3C63140A2BF64533CB299659C0B0B4DEE13B37924C3FE98131A36E50B6CA4E9"
"03_往届冠军仓库快照\R093_github_MiracleDrawer_Ascend_S4\MatMul\build_out\op_host\CMakeFiles\optiling_compat.dir\build.make","3137","370A5E3C634D60C0A3ED9D7BDF99B36E2FC8E519A254A2D320C07782F46E9236"
"03_往届冠军仓库快照\R093_github_MiracleDrawer_Ascend_S4\MatMul\build_out\op_host\CMakeFiles\optiling_compat.dir\cmake_clean.cmake","220","ABA4F27F84694692B7A2F000D6494B14107FB6A8D5BD6F8566243EA9783AD38D"
"03_往届冠军仓库快照\R093_github_MiracleDrawer_Ascend_S4\MatMul\build_out\op_host\CMakeFiles\optiling_compat.dir\compiler_depend.make","127","59C4C8911582CEE8D9C6B5C0637ED8DC59E7ADAAA53041E0F113B455E9606243"
"03_往届冠军仓库快照\R093_github_MiracleDrawer_Ascend_S4\MatMul\build_out\op_host\CMakeFiles\optiling_compat.dir\compiler_depend.ts","121","B167E9D0DF927F58DE29E16F65DF5D4CCE8B598568138C19657CE99E61B3DAF7"
"03_往届冠军仓库快照\R093_github_MiracleDrawer_Ascend_S4\MatMul\build_out\op_host\CMakeFiles\optiling_compat.dir\DependInfo.cmake","607","C4D47CEBAA92654FBB1EDFC1EDDFB8ED0F5F9C36904A25BBD657280F4FC44067"
"03_往届冠军仓库快照\R093_github_MiracleDrawer_Ascend_S4\MatMul\build_out\op_host\CMakeFiles\optiling_compat.dir\progress.make","2","7EB70257593DA06F682A3DDDA54A9D260D4FC514F645237F5CA74B08F8DA61A6"
"03_往届冠军仓库快照\R093_github_MiracleDrawer_Ascend_S4\MatMul\build_out\op_host\CMakeFiles\progress.marks","3","9B6DD0F55D1CEA37555DB317F53A0631F694BD46DF8018CC2AEED3D9E2F32F5F"
"03_往届冠军仓库快照\R093_github_MiracleDrawer_Ascend_S4\MatMul\build_out\op_host\libcust_opapi.so","67912","8D735712177838DDE5C60BD825BCA718CC6903B5ED9B4DD471C560C94A4FCB12"
"03_往届冠军仓库快照\R093_github_MiracleDrawer_Ascend_S4\MatMul\build_out\op_host\libcust_opmaster_rt2.0.so","329952","5C9CE77A8E5FD32886B7D37AA3911EE3F03464FD34DC028F17DDD7CB8CF5DB3C"
"03_往届冠军仓库快照\R093_github_MiracleDrawer_Ascend_S4\MatMul\build_out\op_host\libcust_opsproto_rt2.0.so","329952","FE4C979F3B0F6A94C897E352E397607273E6AFC3E4AD927DFC4AB6D6321D20ED"
"03_往届冠军仓库快照\R093_github_MiracleDrawer_Ascend_S4\MatMul\build_out\op_host\liboptiling.so","43","DE139EA10AD7093C5D1A0589354D580D29CECED12B627B9DF5DD32EC825493C1"
"03_往届冠军仓库快照\R093_github_MiracleDrawer_Ascend_S4\MatMul\build_out\op_host\Makefile","14830","8BBA8583392B9F1772F30DF7F1095400640E320A8D51235496C5DB1B2DD87FA9"
"03_往届冠军仓库快照\R093_github_MiracleDrawer_Ascend_S4\MatMul\build_out\op_kernel\binary\ascend910b\bin\binary_info_config.json","1325","D9C2BAD089FDDD43BD76E83B56BB72D295A4E81F7B229DBD9C692F1C16B3973F"
"03_往届冠军仓库快照\R093_github_MiracleDrawer_Ascend_S4\MatMul\build_out\op_kernel\binary\ascend910b\bin\mat_mul.json","1897","B79146870F8E5657C07E697B0F6C233CD24718CEF74A0EBDE85C0CA825A40D2A"
"03_往届冠军仓库快照\R093_github_MiracleDrawer_Ascend_S4\MatMul\build_out\op_kernel\binary\ascend910b\bin\mat_mul\MatMul_2ad5e3ad275e08b71c6809171e4f8887.json","2386","06A3486EC9C2295BCAE312A305BFB011CBF5CAAFD3EAAB8C8D45D29B0E06EFF5"
"03_往届冠军仓库快照\R093_github_MiracleDrawer_Ascend_S4\MatMul\build_out\op_kernel\binary\ascend910b\gen\MatMul_2ad5e3ad275e08b71c6809171e4f8887_param.json","1256","BCF7777B14B6669F562FCBA873F183117AE64675014BA55B3AB0972F9BE62733"
"03_往届冠军仓库快照\R093_github_MiracleDrawer_Ascend_S4\MatMul\build_out\op_kernel\binary\ascend910b\gen\MatMul-mat_mul-0.sh","1094","F61E3FEE69E925F86AB30037B7B44A565BE86F1ACAD1CCA5A608EECC2B20235C"
"03_往届冠军仓库快照\R093_github_MiracleDrawer_Ascend_S4\MatMul\build_out\op_kernel\binary\ascend910b\src\__pycache__\MatMul.cpython-39.pyc","6976","83A90945BFC47DD8845A6D206A92FE39082DF5B62B082EAC057E7A3EB07710CD"
"03_往届冠军仓库快照\R093_github_MiracleDrawer_Ascend_S4\MatMul\build_out\op_kernel\binary\ascend910b\src\CMakeLists.txt","2758","734B2C7EFA66073F407CDDBD9C06D9DA10A9B29126099D57F6D4BACEB9A27253"
"03_往届冠军仓库快照\R093_github_MiracleDrawer_Ascend_S4\MatMul\build_out\op_kernel\binary\ascend910b\src\mat_mul.cpp","4135","87D691683BE5225D4408AF8D2CBDA9B0CD0DAA03E41EF0792386C65DB1E909A2"
"03_往届冠军仓库快照\R093_github_MiracleDrawer_Ascend_S4\MatMul\build_out\op_kernel\binary\ascend910b\src\MatMul.py","9412","5E8693EA2ADAC6EE2B46F7627E65CDDB6A44E9BF7DAC07177BE61774C2BA77ED"
"03_往届冠军仓库快照\R093_github_MiracleDrawer_Ascend_S4\MatMul\build_out\op_kernel\cmake_install.cmake","6249","8A3DDEC6E48FCEEF870D291486A9C9B838E4C3AB2A5E58A29087FFC9D6FDFF16"
"03_往届冠军仓库快照\R093_github_MiracleDrawer_Ascend_S4\MatMul\build_out\op_kernel\CMakeFiles\ascendc_bin_ascend910b_gen_ops_config.dir\build.make","3843","704C053C82C07F8D74A653E3A4709902A08EF53A7F308DA468380EAF813F66A6"
"03_往届冠军仓库快照\R093_github_MiracleDrawer_Ascend_S4\MatMul\build_out\op_kernel\CMakeFiles\ascendc_bin_ascend910b_gen_ops_config.dir\cmake_clean.cmake","264","4E3C5289161FA8FDAD5EA55FCF70137C7D6502B963B49E68DE5F0B1308A62EC0"
"03_往届冠军仓库快照\R093_github_MiracleDrawer_Ascend_S4\MatMul\build_out\op_kernel\CMakeFiles\ascendc_bin_ascend910b_gen_ops_config.dir\compiler_depend.make","149","8D1A2305699CA009B9BC8C1E53D32405D49087CCF3954DA218D2C4967A2E409B"
"03_往届冠军仓库快照\R093_github_MiracleDrawer_Ascend_S4\MatMul\build_out\op_kernel\CMakeFiles\ascendc_bin_ascend910b_gen_ops_config.dir\compiler_depend.ts","143","9D9EFF58A1254BC76EB0ACF15996B31552574A0C2DB501873FECFBAF946D100B"
"03_往届冠军仓库快照\R093_github_MiracleDrawer_Ascend_S4\MatMul\build_out\op_kernel\CMakeFiles\ascendc_bin_ascend910b_gen_ops_config.dir\DependInfo.cmake","607","C4D47CEBAA92654FBB1EDFC1EDDFB8ED0F5F9C36904A25BBD657280F4FC44067"
"03_往届冠军仓库快照\R093_github_MiracleDrawer_Ascend_S4\MatMul\build_out\op_kernel\CMakeFiles\ascendc_bin_ascend910b_gen_ops_config.dir\progress.make","2","7EB70257593DA06F682A3DDDA54A9D260D4FC514F645237F5CA74B08F8DA61A6"
"03_往届冠军仓库快照\R093_github_MiracleDrawer_Ascend_S4\MatMul\build_out\op_kernel\CMakeFiles\ascendc_bin_ascend910b_mat_mul_0.dir\build.make","3686","905871727420BB72223D342B12F71EFF868913F7B8535F29719E9EDC613CB9E3"
"03_往届冠军仓库快照\R093_github_MiracleDrawer_Ascend_S4\MatMul\build_out\op_kernel\CMakeFiles\ascendc_bin_ascend910b_mat_mul_0.dir\cmake_clean.cmake","254","D3DB744B5D894A6B6A8316FFFC7E3DA81E60120DFF55DC485C564D0DF4E3745C"
"03_往届冠军仓库快照\R093_github_MiracleDrawer_Ascend_S4\MatMul\build_out\op_kernel\CMakeFiles\ascendc_bin_ascend910b_mat_mul_0.dir\compiler_depend.make","144","67D611CE3DB34C3A6A342C7ECB80BCFA68574E5BB978888B3C7C0D3EFF21E073"
"03_往届冠军仓库快照\R093_github_MiracleDrawer_Ascend_S4\MatMul\build_out\op_kernel\CMakeFiles\ascendc_bin_ascend910b_mat_mul_0.dir\compiler_depend.ts","138","D58B319762D749192133CBA2B515CFA6A3CA912B5CAA4C21AF0A3A03A9842AF2"
"03_往届冠军仓库快照\R093_github_MiracleDrawer_Ascend_S4\MatMul\build_out\op_kernel\CMakeFiles\ascendc_bin_ascend910b_mat_mul_0.dir\DependInfo.cmake","607","C4D47CEBAA92654FBB1EDFC1EDDFB8ED0F5F9C36904A25BBD657280F4FC44067"
"03_往届冠军仓库快照\R093_github_MiracleDrawer_Ascend_S4\MatMul\build_out\op_kernel\CMakeFiles\ascendc_bin_ascend910b_mat_mul_0.dir\progress.make","2","7EB70257593DA06F682A3DDDA54A9D260D4FC514F645237F5CA74B08F8DA61A6"
"03_往届冠军仓库快照\R093_github_MiracleDrawer_Ascend_S4\MatMul\build_out\op_kernel\CMakeFiles\ascendc_bin_ascend910b_mat_mul_copy.dir\build.make","3579","AD6BAE2E0A6C39D4996FAB966F8E5C8DFE60B88FE73BFB2B6761306D11B64F40"
"03_往届冠军仓库快照\R093_github_MiracleDrawer_Ascend_S4\MatMul\build_out\op_kernel\CMakeFiles\ascendc_bin_ascend910b_mat_mul_copy.dir\cmake_clean.cmake","260","54AA550177202E1FB7DD528D4143D2607F88CB9F28FE25C831DC7611705275BC"
"03_往届冠军仓库快照\R093_github_MiracleDrawer_Ascend_S4\MatMul\build_out\op_kernel\CMakeFiles\ascendc_bin_ascend910b_mat_mul_copy.dir\compiler_depend.make","147","4BF2B55626E8248EC72C85B3FA703F05ACFEE786784B582A47C9D2C3F181E71C"
"03_往届冠军仓库快照\R093_github_MiracleDrawer_Ascend_S4\MatMul\build_out\op_kernel\CMakeFiles\ascendc_bin_ascend910b_mat_mul_copy.dir\compiler_depend.ts","141","F2FD41BACF5089A5F94A90FAD241D3183471D2720C3E620859E1CF4E1F6C2F71"
"03_往届冠军仓库快照\R093_github_MiracleDrawer_Ascend_S4\MatMul\build_out\op_kernel\CMakeFiles\ascendc_bin_ascend910b_mat_mul_copy.dir\DependInfo.cmake","607","C4D47CEBAA92654FBB1EDFC1EDDFB8ED0F5F9C36904A25BBD657280F4FC44067"
"03_往届冠军仓库快照\R093_github_MiracleDrawer_Ascend_S4\MatMul\build_out\op_kernel\CMakeFiles\ascendc_bin_ascend910b_mat_mul_copy.dir\progress.make","2","7EB70257593DA06F682A3DDDA54A9D260D4FC514F645237F5CA74B08F8DA61A6"
"03_往届冠军仓库快照\R093_github_MiracleDrawer_Ascend_S4\MatMul\build_out\op_kernel\CMakeFiles\ascendc_bin_ascend910b.dir\build.make","3309","DDF3A439E83C21E93031B4A466375F627A9059E568DC1D8C66C8677490909AB4"
"03_往届冠军仓库快照\R093_github_MiracleDrawer_Ascend_S4\MatMul\build_out\op_kernel\CMakeFiles\ascendc_bin_ascend910b.dir\cmake_clean.cmake","234","993286D34D7DEC1734E24EE03C3982F4D676BD3463F767F96236C8CEE012FC99"
"03_往届冠军仓库快照\R093_github_MiracleDrawer_Ascend_S4\MatMul\build_out\op_kernel\CMakeFiles\ascendc_bin_ascend910b.dir\compiler_depend.make","134","AC84B6DA710A41AC3CD116DF49632BF3088CBED1FE675737F8A26540FB4ABA27"
"03_往届冠军仓库快照\R093_github_MiracleDrawer_Ascend_S4\MatMul\build_out\op_kernel\CMakeFiles\ascendc_bin_ascend910b.dir\compiler_depend.ts","128","5F6426BF4E495DC4CC7CFA41F56562185CAD590BE771A28097EF85D0CA6454FB"
"03_往届冠军仓库快照\R093_github_MiracleDrawer_Ascend_S4\MatMul\build_out\op_kernel\CMakeFiles\ascendc_bin_ascend910b.dir\DependInfo.cmake","607","C4D47CEBAA92654FBB1EDFC1EDDFB8ED0F5F9C36904A25BBD657280F4FC44067"
"03_往届冠军仓库快照\R093_github_MiracleDrawer_Ascend_S4\MatMul\build_out\op_kernel\CMakeFiles\ascendc_bin_ascend910b.dir\progress.make","2","7EB70257593DA06F682A3DDDA54A9D260D4FC514F645237F5CA74B08F8DA61A6"
"03_往届冠军仓库快照\R093_github_MiracleDrawer_Ascend_S4\MatMul\build_out\op_kernel\CMakeFiles\ascendc_impl_gen.dir\build.make","4305","3DEB6E64B670D95C6B027220D7F3B9BAD0417D75CF191574CC17B02A63AF557D"
"03_往届冠军仓库快照\R093_github_MiracleDrawer_Ascend_S4\MatMul\build_out\op_kernel\CMakeFiles\ascendc_impl_gen.dir\cmake_clean.cmake","247","E191DEA3AD03D441A15C4C60D3D9A49DDBC8737590DCBC3B8498AD8910EDDA37"
"03_往届冠军仓库快照\R093_github_MiracleDrawer_Ascend_S4\MatMul\build_out\op_kernel\CMakeFiles\ascendc_impl_gen.dir\compiler_depend.make","128","71C893DBF23A3002E0E0809F6F929AB741C16245D1B3D40A244C145AD6283A57"
"03_往届冠军仓库快照\R093_github_MiracleDrawer_Ascend_S4\MatMul\build_out\op_kernel\CMakeFiles\ascendc_impl_gen.dir\compiler_depend.ts","122","643FF9C6E5497060C486B158BCA2139FF05F7695927FF22032104A8D6D8D68D7"
"03_往届冠军仓库快照\R093_github_MiracleDrawer_Ascend_S4\MatMul\build_out\op_kernel\CMakeFiles\ascendc_impl_gen.dir\DependInfo.cmake","607","C4D47CEBAA92654FBB1EDFC1EDDFB8ED0F5F9C36904A25BBD657280F4FC44067"
"03_往届冠军仓库快照\R093_github_MiracleDrawer_Ascend_S4\MatMul\build_out\op_kernel\CMakeFiles\ascendc_impl_gen.dir\progress.make","24","90DEBBF610B4DEABBC54F206EBD99589425F1E2370A7808C4FFEA02F42913B6F"
"03_往届冠军仓库快照\R093_github_MiracleDrawer_Ascend_S4\MatMul\build_out\op_kernel\CMakeFiles\binary.dir\build.make","2754","CE1D909F207011D6EE2B9C4DC0A5F3C208E19982BDA544534D35199D59875539"
"03_往届冠军仓库快照\R093_github_MiracleDrawer_Ascend_S4\MatMul\build_out\op_kernel\CMakeFiles\binary.dir\cmake_clean.cmake","155","9A8C5156ECA9B540184177910BCB011A13B6AF9AC1EDCA750A371FD42FF4CF0B"
"03_往届冠军仓库快照\R093_github_MiracleDrawer_Ascend_S4\MatMul\build_out\op_kernel\CMakeFiles\binary.dir\compiler_depend.make","118","F23B9E7DE9E7F14D62FFB92AF84E045EF0DB54255810AB1E3979EA4E512CE374"
"03_往届冠军仓库快照\R093_github_MiracleDrawer_Ascend_S4\MatMul\build_out\op_kernel\CMakeFiles\binary.dir\compiler_depend.ts","112","0CEAEB11B71DD14509213B8B79299ADB7300A880879A8DCF36DB3187DFECF633"
"03_往届冠军仓库快照\R093_github_MiracleDrawer_Ascend_S4\MatMul\build_out\op_kernel\CMakeFiles\binary.dir\DependInfo.cmake","607","C4D47CEBAA92654FBB1EDFC1EDDFB8ED0F5F9C36904A25BBD657280F4FC44067"
"03_往届冠军仓库快照\R093_github_MiracleDrawer_Ascend_S4\MatMul\build_out\op_kernel\CMakeFiles\binary.dir\progress.make","2","7EB70257593DA06F682A3DDDA54A9D260D4FC514F645237F5CA74B08F8DA61A6"
"03_往届冠军仓库快照\R093_github_MiracleDrawer_Ascend_S4\MatMul\build_out\op_kernel\CMakeFiles\CMakeDirectoryInformation.cmake","672","BF51D11EFFACC52DD9C48FB8DD67DE5E246DCDA33F8F216F9D10221F528146BC"
"03_往届冠军仓库快照\R093_github_MiracleDrawer_Ascend_S4\MatMul\build_out\op_kernel\CMakeFiles\npu_supported_ops.dir\build.make","3873","528DFA355A38919D0675AD8937BE16FFD5541AEB31CEA802643697AB9F95A694"
"03_往届冠军仓库快照\R093_github_MiracleDrawer_Ascend_S4\MatMul\build_out\op_kernel\CMakeFiles\npu_supported_ops.dir\cmake_clean.cmake","276","03AB318B6F8D53840C00F3606548EF1661EBF26FA90BD549A468D58F42FF72A0"
"03_往届冠军仓库快照\R093_github_MiracleDrawer_Ascend_S4\MatMul\build_out\op_kernel\CMakeFiles\npu_supported_ops.dir\compiler_depend.make","129","628C48BDA1920A5E2A7D09C6A9BBB8CCB433499F9F45F82E9E3BBC2B386CB61E"
"03_往届冠军仓库快照\R093_github_MiracleDrawer_Ascend_S4\MatMul\build_out\op_kernel\CMakeFiles\npu_supported_ops.dir\compiler_depend.ts","123","CE09BC099C8B2F676FFD41FE5608A65D50ECD276988FBEFBE52BD10386577DB2"
"03_往届冠军仓库快照\R093_github_MiracleDrawer_Ascend_S4\MatMul\build_out\op_kernel\CMakeFiles\npu_supported_ops.dir\DependInfo.cmake","607","C4D47CEBAA92654FBB1EDFC1EDDFB8ED0F5F9C36904A25BBD657280F4FC44067"
"03_往届冠军仓库快照\R093_github_MiracleDrawer_Ascend_S4\MatMul\build_out\op_kernel\CMakeFiles\npu_supported_ops.dir\progress.make","25","E94D768723169C3E72C00E8AE359E8346E8A0BDA23F142A656A2F275E0D8493C"
"03_往届冠军仓库快照\R093_github_MiracleDrawer_Ascend_S4\MatMul\build_out\op_kernel\CMakeFiles\ops_info_gen_ascend910b.dir\build.make","4145","2D7A2F9083835A745564F37016B371246F0380CE268513AB71494AF44C0BA53D"
"03_往届冠军仓库快照\R093_github_MiracleDrawer_Ascend_S4\MatMul\build_out\op_kernel\CMakeFiles\ops_info_gen_ascend910b.dir\cmake_clean.cmake","305","DD9B72FCC1FD816CFD11261722845979080639A07BF4FA6523458B25E16D447C"
"03_往届冠军仓库快照\R093_github_MiracleDrawer_Ascend_S4\MatMul\build_out\op_kernel\CMakeFiles\ops_info_gen_ascend910b.dir\compiler_depend.make","135","E7AD2C918B156659DD095573849CD44B9BB32DDB03487EFC555C47294729E843"
"03_往届冠军仓库快照\R093_github_MiracleDrawer_Ascend_S4\MatMul\build_out\op_kernel\CMakeFiles\ops_info_gen_ascend910b.dir\compiler_depend.ts","129","DF7349BEE22348DC4163ECBFE615859941D034CF4132A8ED4450B82BCE1A117F"
"03_往届冠军仓库快照\R093_github_MiracleDrawer_Ascend_S4\MatMul\build_out\op_kernel\CMakeFiles\ops_info_gen_ascend910b.dir\DependInfo.cmake","607","C4D47CEBAA92654FBB1EDFC1EDDFB8ED0F5F9C36904A25BBD657280F4FC44067"
"03_往届冠军仓库快照\R093_github_MiracleDrawer_Ascend_S4\MatMul\build_out\op_kernel\CMakeFiles\ops_info_gen_ascend910b.dir\progress.make","25","00070EB503C3C8C51924DDDEC31A1991BDBB89F62DFEB4217E8AEC8170F02C20"
"03_往届冠军仓库快照\R093_github_MiracleDrawer_Ascend_S4\MatMul\build_out\op_kernel\CMakeFiles\progress.marks","3","24BA1E99DC06B19351323AAE0D7370243D586475A634B7F6FF7927FBC72CFAED"
"03_往届冠军仓库快照\R093_github_MiracleDrawer_Ascend_S4\MatMul\build_out\op_kernel\Makefile","14464","32FA25D3D3084EE9D28E475365AA02CB0C67DF43EF581A20F3C64F6E97A4149E"
"03_往届冠军仓库快照\R093_github_MiracleDrawer_Ascend_S4\MatMul\build_out\op_kernel\tbe\.impl_timestamp","0","E3B0C44298FC1C149AFBF4C8996FB92427AE41E4649B934CA495991B7852B855"
"03_往届冠军仓库快照\R093_github_MiracleDrawer_Ascend_S4\MatMul\build_out\op_kernel\tbe\dynamic\mat_mul.py","9412","5E8693EA2ADAC6EE2B46F7627E65CDDB6A44E9BF7DAC07177BE61774C2BA77ED"
"03_往届冠军仓库快照\R093_github_MiracleDrawer_Ascend_S4\MatMul\build_out\op_kernel\tbe\op_info_cfg\ai_core\ascend910b\aic-ascend910b-ops-info.json","1478","EE3EDCC413CC1CCB6503E7F2F1332986EEF484DC550453956EDBDD4CD4BF3EB6"
"03_往届冠军仓库快照\R093_github_MiracleDrawer_Ascend_S4\MatMul\build_out\op_kernel\tbe\op_info_cfg\ai_core\npu_supported_ops.json","70","E6C2D887BA206C6DE0A657E72CEE0A22722C4C51E8D098E5DF5C679C7FDF50F5"
"03_往届冠军仓库快照\R093_github_MiracleDrawer_Ascend_S4\MatMul\build_out\scripts\help.info","81","27067F1EC0A23A694AE80EC4A05BC68415A284FBAF509B1A9CC0234035C61E5B"
"03_往届冠军仓库快照\R093_github_MiracleDrawer_Ascend_S4\MatMul\build_out\scripts\install.sh","9881","02862BAF881E9EBFA0EB5F43BE11932391E2B1EDC1D6C1C508812B5410C04181"
"03_往届冠军仓库快照\R093_github_MiracleDrawer_Ascend_S4\MatMul\build_out\scripts\upgrade.sh","4151","DDF117CFD96BF93194F66A8C4C7A298A263254107D1EFAE8F2081F0626E4C1F7"
"03_往届冠军仓库快照\R093_github_MiracleDrawer_Ascend_S4\MatMul\build_out\version.info","44","D612624DAD46BCE054E84F5D05A690A98EC96E731162818D554061CD32FF3D63"
"03_往届冠军仓库快照\R093_github_MiracleDrawer_Ascend_S4\MatMul\build.sh","2707","B7AC6755E9B89CBFEDA9CC450F4D96930DF2A7CD573283F032D40358FF0E075B"
"03_往届冠军仓库快照\R093_github_MiracleDrawer_Ascend_S4\MatMul\cmake\config.cmake","1362","D47496C06D8A1E69BAE74E6CFAC6F130ED436BC1252A9C4C56D9893C9FA09FCE"
"03_往届冠军仓库快照\R093_github_MiracleDrawer_Ascend_S4\MatMul\cmake\func.cmake","9720","D62D7295F92B883696871DA3291BF89CB01304BC9CE55A3418E2E45ACA849FD7"
"03_往届冠军仓库快照\R093_github_MiracleDrawer_Ascend_S4\MatMul\cmake\intf.cmake","1061","0C2533D6A98259B396930252585C65F1CD582D667171F20AFA4759FCDEB2C5A5"
"03_往届冠军仓库快照\R093_github_MiracleDrawer_Ascend_S4\MatMul\cmake\makeself.cmake","1411","E417E77228AE18A82CF2D551D63CBA5B8E001069DE18ECE287597D6E043B9573"
"03_往届冠军仓库快照\R093_github_MiracleDrawer_Ascend_S4\MatMul\cmake\util\__init__.py","158","3F8B7683A736D7274A9A5B95FA7AF6DBDE368599C327336EAADE4059BE3C850F"
"03_往届冠军仓库快照\R093_github_MiracleDrawer_Ascend_S4\MatMul\cmake\util\__pycache__\const_var.cpython-39.pyc","1631","471D619DFA51FD11BB60A0175E098B724BEDCFA77631199CFD40D530D50DEAD5"
"03_往届冠军仓库快照\R093_github_MiracleDrawer_Ascend_S4\MatMul\cmake\util\__pycache__\opdesc_parser.cpython-39.pyc","11182","5C99ED242605DB90B277763DCF267E36F979C0CA60D26C0F56DC379E6C8D6C49"
"03_往届冠军仓库快照\R093_github_MiracleDrawer_Ascend_S4\MatMul\cmake\util\ascendc_bin_param_build.py","21488","5414E49F5154E7397C07D94EDFF6C0ECA72EB075AC157D0B4DDBCD1425751511"
"03_往届冠军仓库快照\R093_github_MiracleDrawer_Ascend_S4\MatMul\cmake\util\ascendc_gen_options.py","3350","FBD8BC4332B2340FDB71F4BBAE452E93C3A54B43CEA86818643D9D9D61794D35"
"03_往届冠军仓库快照\R093_github_MiracleDrawer_Ascend_S4\MatMul\cmake\util\ascendc_impl_build.py","28353","4F3086C115B60D627C0081894A10E38D96EBD0149154A08BCBE064CDDBC162B3"
"03_往届冠军仓库快照\R093_github_MiracleDrawer_Ascend_S4\MatMul\cmake\util\ascendc_ops_config.py","10286","D5115115B7432FB649DF4087095325B043F42C46A035BDCAB0258D44F8835025"
"03_往届冠军仓库快照\R093_github_MiracleDrawer_Ascend_S4\MatMul\cmake\util\ascendc_replay_build.py","2712","165C9FE01344DC57176004A21AB38A23DB4B1186FE60B1A5AF63E9D4EE0BE263"
"03_往届冠军仓库快照\R093_github_MiracleDrawer_Ascend_S4\MatMul\cmake\util\batch_replay_impl.temp","3889","C1B37BD05B2BD1CBF093AF635F4B2F18540BF98ED7FF4B04C3287B1F1A0FCCE0"
"03_往届冠军仓库快照\R093_github_MiracleDrawer_Ascend_S4\MatMul\cmake\util\code_channel_infer.py","1597","EA76DA48CC19A3CFB3E06EA25FF1DBD03039E4FBE7C2D3690F6FEBC6F0C90E1B"
"03_往届冠军仓库快照\R093_github_MiracleDrawer_Ascend_S4\MatMul\cmake\util\const_var.py","1505","5769FF6128070F83BE6246019212F5930ABEDEA17A2A0D7AEC63C5B6659760B9"
"03_往届冠军仓库快照\R093_github_MiracleDrawer_Ascend_S4\MatMul\cmake\util\gen_impl_and_mrege_json.sh","646","8E62E9A6C1F4D5691417B9B25A4B77BCA4E8ADF26B1D677E1EEE7B013121DE8D"
"03_往届冠军仓库快照\R093_github_MiracleDrawer_Ascend_S4\MatMul\cmake\util\gen_ops_filter.sh","1506","CE87DD1E7FB96BD999C3DDC93CD36F29FBD6A3F3AB75E088C5FDDA1AFC3D3A28"
"03_往届冠军仓库快照\R093_github_MiracleDrawer_Ascend_S4\MatMul\cmake\util\gen_version_info.sh","353","1871CFEF3DD083C81966A95F98C812A19DF8FE0A4C83DFC3CA5BA03DB6E65A9A"
"03_往届冠军仓库快照\R093_github_MiracleDrawer_Ascend_S4\MatMul\cmake\util\insert_op_info.py","1098","A15BAB921F83F74CE42E828EC1D1DD3F4057823F48B44CB138F85ACD906472CB"
"03_往届冠军仓库快照\R093_github_MiracleDrawer_Ascend_S4\MatMul\cmake\util\insert_simplified_keys.py","6668","A1A460FE71424FBD78EF188ECC09C3B76BC9DAA99AE2D48D342DC0128FFA134F"
"03_往届冠军仓库快照\R093_github_MiracleDrawer_Ascend_S4\MatMul\cmake\util\kernel_entry.py","3947","9DF250FFEBB39AC528DB19D76CD1AFD852942AC81C41E48C02A6E3368B3DC7E5"
"03_往届冠军仓库快照\R093_github_MiracleDrawer_Ascend_S4\MatMul\cmake\util\kernel_impl.temp","240","660B98F6111CDD71260984CA38CC289710012291A414E21C4CF1BABB2F1A4AD1"
"03_往届冠军仓库快照\R093_github_MiracleDrawer_Ascend_S4\MatMul\cmake\util\makeself\COPYING","18431","189B1AF95D661151E054CEA10C91B3D754E4DE4D3FECFB074C1FB29476F7167B"
"03_往届冠军仓库快照\R093_github_MiracleDrawer_Ascend_S4\MatMul\cmake\util\makeself\make-release.sh","349","FBD10A2882B5BF82A407E855F0F088E469F4D142AFDD7B3DFDCC808798E374B9"
"03_往届冠军仓库快照\R093_github_MiracleDrawer_Ascend_S4\MatMul\cmake\util\makeself\makeself-header.sh","18618","93AE39674EC8EA07C00245F38CA18365B78787E10DF443049360C051B49B0A97"
"03_往届冠军仓库快照\R093_github_MiracleDrawer_Ascend_S4\MatMul\cmake\util\makeself\makeself.1","3189","1518183932195173D43E85ABC10CFB10366B0A1E3FC61A2D6136B68A78AB15FE"
"03_往届冠军仓库快照\R093_github_MiracleDrawer_Ascend_S4\MatMul\cmake\util\makeself\makeself.lsm","836","270D45704E0F94F39B67369371A063C4E793F4AF5996B273D30ABC281994C1D9"
"03_往届冠军仓库快照\R093_github_MiracleDrawer_Ascend_S4\MatMul\cmake\util\makeself\makeself.sh","25787","40482E4E390F2F3E1C1E06250C31C36814F054DF5254A5CBDD2FE89FD70D9C2B"
"03_往届冠军仓库快照\R093_github_MiracleDrawer_Ascend_S4\MatMul\cmake\util\makeself\README.md","22146","C12F14B92112511DE28B943EDDB8765D3D75D1AEDB23AA49442559C1BE273E4A"
"03_往届冠军仓库快照\R093_github_MiracleDrawer_Ascend_S4\MatMul\cmake\util\makeself\run-tests.sh","192","A9E7846C51870CA216D9620416C29F82466172876909E382CD7600215E766292"
"03_往届冠军仓库快照\R093_github_MiracleDrawer_Ascend_S4\MatMul\cmake\util\makeself\VERSION","7","6117CCF1F1DE058A9243D93A2A0FB0C13BFD3CD3D4DA8E8AAF3C85EABDBEF5B5"
"03_往届冠军仓库快照\R093_github_MiracleDrawer_Ascend_S4\MatMul\cmake\util\merge_aicpu_info_json.sh","1143","AEFF13DF06A408A231344AFDB046A914B0319D95C02547F93E5357B64CDA23EB"
"03_往届冠军仓库快照\R093_github_MiracleDrawer_Ascend_S4\MatMul\cmake\util\opdesc_parser.py","14527","5FE25154FF62E9FE1DD3D6F517B0E2A03C1F7FCA148C57C402444BDD67B300D4"
"03_往届冠军仓库快照\R093_github_MiracleDrawer_Ascend_S4\MatMul\cmake\util\parse_ini_to_json.py","13195","FA25B699BB3EB603849CCCAB152C791F72FF83D246F366DD8F064E9165EAA247"
"03_往届冠军仓库快照\R093_github_MiracleDrawer_Ascend_S4\MatMul\cmake\util\preset_parse.py","861","23C46E652B4411E735E7A6C10EE262E0508C41799E60660E60B5028F317535CB"
"03_往届冠军仓库快照\R093_github_MiracleDrawer_Ascend_S4\MatMul\cmake\util\replay_codegen.py","4527","56F4EEA8AA8CEB6E44795AB8DC5785D3D1D608697385D190564399AC6DC56A18"
"03_往届冠军仓库快照\R093_github_MiracleDrawer_Ascend_S4\MatMul\cmake\util\replay_impl.temp","4207","E66480E82316EEC24DDA34890235F281D0631CF13FBEC631788E586CA7B7B458"
"03_往届冠军仓库快照\R093_github_MiracleDrawer_Ascend_S4\MatMul\cmake\util\tiling_data_def_build.py","4172","93089EA6995DE374AEDBDED2781A75C8F0D2501E691890F269A0E0454F9F55C8"
"03_往届冠军仓库快照\R093_github_MiracleDrawer_Ascend_S4\MatMul\CMakeLists.txt","3194","15A37B346CD1584B6DC8D139B436BE3D33BC3EF5D9FEBC8520F255DD0049FAF2"
"03_往届冠军仓库快照\R093_github_MiracleDrawer_Ascend_S4\MatMul\CMakePresets.json","2089","121003AB881D5F8D2EE912B1DACA1AB67DBCAB431D82515D1806CBA8F4ED9539"
"03_往届冠军仓库快照\R093_github_MiracleDrawer_Ascend_S4\MatMul\framework\CMakeLists.txt","396","2B9117B8865AB55A4C4018C86AD230F5C4AFDED78FBBEE939CB0385501C022B6"
"03_往届冠军仓库快照\R093_github_MiracleDrawer_Ascend_S4\MatMul\framework\tf_plugin\CMakeLists.txt","593","632568F858CE5D11D8405EC4C32E23A6403F184247953721C447DB5BF98057C9"
"03_往届冠军仓库快照\R093_github_MiracleDrawer_Ascend_S4\MatMul\framework\tf_plugin\tensorflow_mat_mul_plugin.cc","879","059B4C73F51A95BBFFF222F0A0CF20F6B0CD70F1A8DD343DCE0E498DDF752F44"
"03_往届冠军仓库快照\R093_github_MiracleDrawer_Ascend_S4\MatMul\MatMul_zip\op_host\CMakeLists.txt","3399","BDC23150BEDFD045F74B1B6F30EB630F2CEC5842A9ED7801707161EA2D8B295A"
"03_往届冠军仓库快照\R093_github_MiracleDrawer_Ascend_S4\MatMul\MatMul_zip\op_host\mat_mul_tiling.h","1371","DB2EA55525CCE9292EEA1D3BB7FD0F283CBA522520EB6557ECBDD6DB1E23F3CA"
"03_往届冠军仓库快照\R093_github_MiracleDrawer_Ascend_S4\MatMul\MatMul_zip\op_host\mat_mul.cpp","15113","1CE523833A91E3C469CF3CECE547722CF2BE45698D68F4639C49B4FA31D510A7"
"03_往届冠军仓库快照\R093_github_MiracleDrawer_Ascend_S4\MatMul\MatMul_zip\op_kernel\CMakeLists.txt","2758","734B2C7EFA66073F407CDDBD9C06D9DA10A9B29126099D57F6D4BACEB9A27253"
"03_往届冠军仓库快照\R093_github_MiracleDrawer_Ascend_S4\MatMul\MatMul_zip\op_kernel\mat_mul_bruteforce.h","3172","039C1C68BF1D14F50FBD7BA5408A6A0F5697409A3F0F59ABCB90783CAC7AB72E"
"03_往届冠军仓库快照\R093_github_MiracleDrawer_Ascend_S4\MatMul\MatMul_zip\op_kernel\mat_mul_sr_base.h","22068","A3DD523FD3F80ACADC8F7BCE729D92B4FC8BEB0D6C0BDFFD2216CAC908554E7A"
"03_往届冠军仓库快照\R093_github_MiracleDrawer_Ascend_S4\MatMul\MatMul_zip\op_kernel\mat_mul.cpp","3023","430E48A44761E0B26F79E24C6117E5D922B09C0BBFFBA0EF452B847EFA88482A"
"03_往届冠军仓库快照\R093_github_MiracleDrawer_Ascend_S4\MatMul\MatMul.zip","219969","97924ABCDB86E01AB2C0026E1AD7DCB8D93D4E80922D5828AF2942E21FDE5995"
"03_往届冠军仓库快照\R093_github_MiracleDrawer_Ascend_S4\MatMul\op_host\CMakeLists.txt","3399","BDC23150BEDFD045F74B1B6F30EB630F2CEC5842A9ED7801707161EA2D8B295A"
"03_往届冠军仓库快照\R093_github_MiracleDrawer_Ascend_S4\MatMul\op_host\mat_mul_tiling.h","1371","DB2EA55525CCE9292EEA1D3BB7FD0F283CBA522520EB6557ECBDD6DB1E23F3CA"
"03_往届冠军仓库快照\R093_github_MiracleDrawer_Ascend_S4\MatMul\op_host\mat_mul.cpp","15158","B6A74BDCE3D2F7189309E134E728CD961F0BD844020829CFB9B7525BE482C0DC"
"03_往届冠军仓库快照\R093_github_MiracleDrawer_Ascend_S4\MatMul\op_kernel\CMakeLists.txt","2758","734B2C7EFA66073F407CDDBD9C06D9DA10A9B29126099D57F6D4BACEB9A27253"
"03_往届冠军仓库快照\R093_github_MiracleDrawer_Ascend_S4\MatMul\op_kernel\mat_mul_bruteforce.h","3172","039C1C68BF1D14F50FBD7BA5408A6A0F5697409A3F0F59ABCB90783CAC7AB72E"
"03_往届冠军仓库快照\R093_github_MiracleDrawer_Ascend_S4\MatMul\op_kernel\mat_mul_sr_base.h","22662","C630362639C2B24F998754B94B96D22453470BE443EE92150C8DB6303563B626"
"03_往届冠军仓库快照\R093_github_MiracleDrawer_Ascend_S4\MatMul\op_kernel\mat_mul.cpp","4135","87D691683BE5225D4408AF8D2CBDA9B0CD0DAA03E41EF0792386C65DB1E909A2"
"03_往届冠军仓库快照\R093_github_MiracleDrawer_Ascend_S4\MatMul\scripts\help.info","81","27067F1EC0A23A694AE80EC4A05BC68415A284FBAF509B1A9CC0234035C61E5B"
"03_往届冠军仓库快照\R093_github_MiracleDrawer_Ascend_S4\MatMul\scripts\install.sh","9881","02862BAF881E9EBFA0EB5F43BE11932391E2B1EDC1D6C1C508812B5410C04181"
"03_往届冠军仓库快照\R093_github_MiracleDrawer_Ascend_S4\MatMul\scripts\upgrade.sh","4151","DDF117CFD96BF93194F66A8C4C7A298A263254107D1EFAE8F2081F0626E4C1F7"
"03_往届冠军仓库快照\R093_github_MiracleDrawer_Ascend_S4\MatMul\test_cases\common\pytorch_npu_helper.hpp","23645","0CEF79DA17674A0E68B56091BB4D26FA77806CE5B04E9CAE52079692821DA395"
"03_往届冠军仓库快照\R093_github_MiracleDrawer_Ascend_S4\MatMul\test_cases\custom_op_complex.txt","38","EF2006AE520290EC5C0B6EA3157A9CEC80992E3E821FFCBAED2D9DE82959C149"
"03_往届冠军仓库快照\R093_github_MiracleDrawer_Ascend_S4\MatMul\test_cases\custom_ops.egg-info\dependency_links.txt","2","7EB70257593DA06F682A3DDDA54A9D260D4FC514F645237F5CA74B08F8DA61A6"
"03_往届冠军仓库快照\R093_github_MiracleDrawer_Ascend_S4\MatMul\test_cases\custom_ops.egg-info\PKG-INFO","77","4DB7F0E956C7E79ADC2CAC4BCB0FDAF6F424AF935F56FC9DD34E9CF16BC99E7F"
"03_往届冠军仓库快照\R093_github_MiracleDrawer_Ascend_S4\MatMul\test_cases\custom_ops.egg-info\SOURCES.txt","175","10720EEEB72A42D58768E07DB2F90FD20B8ECFCA52EF1E5825CA96B2DD0D587B"
"03_往届冠军仓库快照\R093_github_MiracleDrawer_Ascend_S4\MatMul\test_cases\custom_ops.egg-info\top_level.txt","16","DB49DD119DFCD0ABAB02C7B3D06102309283645F37FFA4309B3F15B340D1AFE1"
"03_往届冠军仓库快照\R093_github_MiracleDrawer_Ascend_S4\MatMul\test_cases\extension\custom_op.cpp","1911","DEF82BFE0D16459FBB1E2A43E97A81B084F9B2FF3BD706F4B60876EACE3062FC"
"03_往届冠军仓库快照\R093_github_MiracleDrawer_Ascend_S4\MatMul\test_cases\fusion_result.json","4","74234E98AFE7498FB5DAF1F36AC2D78ACC339464F950703B8C019892F982B90B"
"03_往届冠军仓库快照\R093_github_MiracleDrawer_Ascend_S4\MatMul\test_cases\golden_case1.txt","7358753","64F2759811F8FA63F289502B7BC29AE7AFB96700AD394BC8C4878BFED9FCE682"
"03_往届冠军仓库快照\R093_github_MiracleDrawer_Ascend_S4\MatMul\test_cases\golden_complex.txt","24152","7DA921037ACADE129B4C4B4D27CD86F1A104C86EC3842688E23D4B8F2499F804"
"03_往届冠军仓库快照\R093_github_MiracleDrawer_Ascend_S4\MatMul\test_cases\golden_results.txt","30","069EC66E467ED922F7828D5535D4486670978B96C5709DCBF90DCF438C6EC407"
"03_往届冠军仓库快照\R093_github_MiracleDrawer_Ascend_S4\MatMul\test_cases\matrices.txt","21","D4AE0E5825AB2DB468F294033DD833A2C73E52C9DDD2798C8AB8D0717525A25F"
"03_往届冠军仓库快照\R093_github_MiracleDrawer_Ascend_S4\MatMul\test_cases\matrix_products.txt","9416668","C7328E38D3F5F7BA6A2DCA3E689EAA88B5317E96D3D4B3148CC86012FABA9D00"
"03_往届冠军仓库快照\R093_github_MiracleDrawer_Ascend_S4\MatMul\test_cases\output_case1.txt","0","E3B0C44298FC1C149AFBF4C8996FB92427AE41E4649B934CA495991B7852B855"
"03_往届冠军仓库快照\R093_github_MiracleDrawer_Ascend_S4\MatMul\test_cases\run.sh","615","19927FF7DE39DE94023D5D1A92618D19AE4A270613E1177DED5CEE39E3909802"
"03_往届冠军仓库快照\R093_github_MiracleDrawer_Ascend_S4\MatMul\test_cases\setup.py","790","6826B7E7D048502FFBA87282BA1DA669458DDDEF61C8B114BF988AC72F0C0DF6"
"03_往届冠军仓库快照\R093_github_MiracleDrawer_Ascend_S4\MatMul\test_cases\test_op.py","10233","60A3900A20A7FDF06BD978FEEEB8D635E53EF0E0887A1A6C9DEF74838C95A6DB"
"03_往届冠军仓库快照\R093_github_MiracleDrawer_Ascend_S4\MatMul\zip_op.sh","450","671414F8C91DC24B1C18BA4C9486FF5164E02E14B421D808A87BF83427985FD7"
"03_往届冠军仓库快照\R094_github_Qeeweew_AscendC-2025-5-23\.git\config","307","3E9F6FE652262EEBEB925D4CA11B912FCAB6D4DD75C8A07BA0788D4EBE0CB81D"
"03_往届冠军仓库快照\R094_github_Qeeweew_AscendC-2025-5-23\.git\description","73","85AB6C163D43A17EA9CF7788308BCA1466F1B0A8D1CC92E26E9BF63DA4062AEE"
"03_往届冠军仓库快照\R094_github_Qeeweew_AscendC-2025-5-23\.git\HEAD","21","28D25BF82AF4C0E2B72F50959B2BEB859E3E60B9630A5E8C603DAD4DDB2B6E80"
"03_往届冠军仓库快照\R094_github_Qeeweew_AscendC-2025-5-23\.git\hooks\applypatch-msg.sample","478","0223497A0B8B033AA58A3A521B8629869386CF7AB0E2F101963D328AA62193F7"
"03_往届冠军仓库快照\R094_github_Qeeweew_AscendC-2025-5-23\.git\hooks\commit-msg.sample","896","1F74D5E9292979B573EBD59741D46CB93FF391ACDD083D340B94370753D92437"
"03_往届冠军仓库快照\R094_github_Qeeweew_AscendC-2025-5-23\.git\hooks\fsmonitor-watchman.sample","4726","E0549964E93897B519BD8E333C037E51FFF0F88BA13E086A331592BF801FA1D0"
"03_往届冠军仓库快照\R094_github_Qeeweew_AscendC-2025-5-23\.git\hooks\post-update.sample","189","81765AF2DAEF323061DCBC5E61FC16481CB74B3BAC9AD8A174B186523586F6C5"
"03_往届冠军仓库快照\R094_github_Qeeweew_AscendC-2025-5-23\.git\hooks\pre-applypatch.sample","424","E15C5B469EA3E0A695BEA6F2C82BCF8E62821074939DDD85B77E0007FF165475"
"03_往届冠军仓库快照\R094_github_Qeeweew_AscendC-2025-5-23\.git\hooks\pre-commit.sample","1649","57185B7B9F05239D7AB52DB045F5B89EB31348D7B2177EAB214F5EB872E1971B"
"03_往届冠军仓库快照\R094_github_Qeeweew_AscendC-2025-5-23\.git\hooks\pre-merge-commit.sample","416","D3825A70337940EBBD0A5C072984E13245920CDF8898BD225C8D27A6DFC9CB53"
"03_往届冠军仓库快照\R094_github_Qeeweew_AscendC-2025-5-23\.git\hooks\pre-push.sample","1374","ECCE9C7E04D3F5DD9D8ADA81753DD1D549A9634B26770042B58DDA00217D086A"
"03_往届冠军仓库快照\R094_github_Qeeweew_AscendC-2025-5-23\.git\hooks\pre-rebase.sample","4898","4FEBCE867790052338076F4E66CC47EFB14879D18097D1D61C8261859EAAA7B3"
"03_往届冠军仓库快照\R094_github_Qeeweew_AscendC-2025-5-23\.git\hooks\pre-receive.sample","544","A4C3D2B9C7BB3FD8D1441C31BD4EE71A595D66B44FCF49DDB310252320169989"
"03_往届冠军仓库快照\R094_github_Qeeweew_AscendC-2025-5-23\.git\hooks\prepare-commit-msg.sample","1492","E9DDCAA4189FDDD25ED97FC8C789ECA7B6CA16390B2392AE3276F0C8E1AA4619"
"03_往届冠军仓库快照\R094_github_Qeeweew_AscendC-2025-5-23\.git\hooks\push-to-checkout.sample","2783","A53D0741798B287C6DD7AFA64AEE473F305E65D3F49463BB9D7408EC3B12BF5F"
"03_往届冠军仓库快照\R094_github_Qeeweew_AscendC-2025-5-23\.git\hooks\sendemail-validate.sample","2308","44EBFC923DC5466BC009602F0ECF067B9C65459ABFE8868DDC49B78E6CED7A92"
"03_往届冠军仓库快照\R094_github_Qeeweew_AscendC-2025-5-23\.git\hooks\update.sample","3650","8D5F2FA83E103CF08B57EAA67521DF9194F45CBDBCB37DA52AD586097A14D106"
"03_往届冠军仓库快照\R094_github_Qeeweew_AscendC-2025-5-23\.git\index","980","58FBEFD718EFB301E21C6A9ABB980CA2B911C1AD664B5EFDC71D899F7015CE3C"
"03_往届冠军仓库快照\R094_github_Qeeweew_AscendC-2025-5-23\.git\info\exclude","240","6671FE83B7A07C8932EE89164D1F2793B2318058EB8B98DC5C06EE0A5A3B0EC1"
"03_往届冠军仓库快照\R094_github_Qeeweew_AscendC-2025-5-23\.git\logs\HEAD","192","751B2BA184541E4D64F09FCFA615ABA5F2E0B19DB17D52AAD68DD1DC74CD1DE4"
"03_往届冠军仓库快照\R094_github_Qeeweew_AscendC-2025-5-23\.git\logs\refs\heads\main","192","751B2BA184541E4D64F09FCFA615ABA5F2E0B19DB17D52AAD68DD1DC74CD1DE4"
"03_往届冠军仓库快照\R094_github_Qeeweew_AscendC-2025-5-23\.git\logs\refs\remotes\origin\HEAD","192","751B2BA184541E4D64F09FCFA615ABA5F2E0B19DB17D52AAD68DD1DC74CD1DE4"
"03_往届冠军仓库快照\R094_github_Qeeweew_AscendC-2025-5-23\.git\objects\pack\pack-70f63e152e40bdd27b49f91e98ae1334d8a25849.idx","1688","7D436856C1964ECCA9CA020619AD9F649E2AFB96CD14EE3669902D8332941083"
"03_往届冠军仓库快照\R094_github_Qeeweew_AscendC-2025-5-23\.git\objects\pack\pack-70f63e152e40bdd27b49f91e98ae1334d8a25849.pack","242150","4F3EA969A0D5620B4B2C253978FFB4F6398BC7DF313ACA78BBC79D3189E44477"
"03_往届冠军仓库快照\R094_github_Qeeweew_AscendC-2025-5-23\.git\objects\pack\pack-70f63e152e40bdd27b49f91e98ae1334d8a25849.rev","140","1152DEE5F44124136CA5D05A8A0BE24C955DCFCB9CEA5269956FDB6752B334E0"
"03_往届冠军仓库快照\R094_github_Qeeweew_AscendC-2025-5-23\.git\packed-refs","112","447E4EADF79E2BC00648619CCF297B02618D1C293D6AD8946E636B4F3E04F3E2"
"03_往届冠军仓库快照\R094_github_Qeeweew_AscendC-2025-5-23\.git\refs\heads\main","41","BABD4106660A37E209E0A06E9DD4A6089F4402D662535C5CD2A61A5A68FECEC7"
"03_往届冠军仓库快照\R094_github_Qeeweew_AscendC-2025-5-23\.git\refs\remotes\origin\HEAD","30","2BB6A24AA0FC6C484100F5D51A29BBAD841CD2C755F5D93FAA204E5DBB4EB2B4"
"03_往届冠军仓库快照\R094_github_Qeeweew_AscendC-2025-5-23\.gitignore","11","BD5EC099EC392E983DED026EFE56D78405E6A0957D183937D1F99F04B9010269"
"03_往届冠军仓库快照\R094_github_Qeeweew_AscendC-2025-5-23\custom_opp_euleros_aarch64.run","148660","12D114205982F4BA9CA96BC4BD216DBBD1DE6EEB45C1950687602E92E0C1E223"
"03_往届冠军仓库快照\R094_github_Qeeweew_AscendC-2025-5-23\gcd_iterations_distribution_and_cdf.png","109378","AE2CC3486AE286A3CE09B4A14A6F36786C974B26C9B326F35723C35C00CE408C"
"03_往届冠军仓库快照\R094_github_Qeeweew_AscendC-2025-5-23\op_host\CMakeLists.txt","3399","BDC23150BEDFD045F74B1B6F30EB630F2CEC5842A9ED7801707161EA2D8B295A"
"03_往届冠军仓库快照\R094_github_Qeeweew_AscendC-2025-5-23\op_host\gcd_tiling.h","400","8540D641F3D35D5B14B9F459A971BDEDDF94EA38D46BAB3BCAFBD54DB7FCAE65"
"03_往届冠军仓库快照\R094_github_Qeeweew_AscendC-2025-5-23\op_host\gcd.cpp","2843","E518056B5168728148CDC4F49C5D8BF7E1656EDEA3D25392DB40BFDB518B2073"
"03_往届冠军仓库快照\R094_github_Qeeweew_AscendC-2025-5-23\op_kernel\CMakeLists.txt","2758","734B2C7EFA66073F407CDDBD9C06D9DA10A9B29126099D57F6D4BACEB9A27253"
"03_往届冠军仓库快照\R094_github_Qeeweew_AscendC-2025-5-23\op_kernel\gcd.cpp","11817","D6EC683750CC9FFD73B5D766709BE4D2136C7E00570CEC327D93E1C8A4E912F1"
"03_往届冠军仓库快照\R094_github_Qeeweew_AscendC-2025-5-23\README.md","1279","E4BD9F194B390E4DF754E4D8101028029C271A7C34C10CA8963DD2ECC71C4ABA"
"03_往届冠军仓库快照\R094_github_Qeeweew_AscendC-2025-5-23\sim.py","7975","213380217418A06E6C02CCAD7A8F3FA0A8380366E8D939DE84A9422C4E64726B"
"03_往届冠军仓库快照\R095_github_Qeeweew_AscendC-S4\.git\config","304","29D29E7A2F7EDB911BF465A338FCBF5FF06A1CA38FFBFF93664FA5C9067E81C0"
"03_往届冠军仓库快照\R095_github_Qeeweew_AscendC-S4\.git\description","73","85AB6C163D43A17EA9CF7788308BCA1466F1B0A8D1CC92E26E9BF63DA4062AEE"
"03_往届冠军仓库快照\R095_github_Qeeweew_AscendC-S4\.git\HEAD","23","F6F2B945F6C411B02BA3DA9C7ACE88DCF71B6AF65BA2E0D89AA82900042B5A10"
"03_往届冠军仓库快照\R095_github_Qeeweew_AscendC-S4\.git\hooks\applypatch-msg.sample","478","0223497A0B8B033AA58A3A521B8629869386CF7AB0E2F101963D328AA62193F7"
"03_往届冠军仓库快照\R095_github_Qeeweew_AscendC-S4\.git\hooks\commit-msg.sample","896","1F74D5E9292979B573EBD59741D46CB93FF391ACDD083D340B94370753D92437"
"03_往届冠军仓库快照\R095_github_Qeeweew_AscendC-S4\.git\hooks\fsmonitor-watchman.sample","4726","E0549964E93897B519BD8E333C037E51FFF0F88BA13E086A331592BF801FA1D0"
"03_往届冠军仓库快照\R095_github_Qeeweew_AscendC-S4\.git\hooks\post-update.sample","189","81765AF2DAEF323061DCBC5E61FC16481CB74B3BAC9AD8A174B186523586F6C5"
"03_往届冠军仓库快照\R095_github_Qeeweew_AscendC-S4\.git\hooks\pre-applypatch.sample","424","E15C5B469EA3E0A695BEA6F2C82BCF8E62821074939DDD85B77E0007FF165475"
"03_往届冠军仓库快照\R095_github_Qeeweew_AscendC-S4\.git\hooks\pre-commit.sample","1649","57185B7B9F05239D7AB52DB045F5B89EB31348D7B2177EAB214F5EB872E1971B"
"03_往届冠军仓库快照\R095_github_Qeeweew_AscendC-S4\.git\hooks\pre-merge-commit.sample","416","D3825A70337940EBBD0A5C072984E13245920CDF8898BD225C8D27A6DFC9CB53"
"03_往届冠军仓库快照\R095_github_Qeeweew_AscendC-S4\.git\hooks\pre-push.sample","1374","ECCE9C7E04D3F5DD9D8ADA81753DD1D549A9634B26770042B58DDA00217D086A"
"03_往届冠军仓库快照\R095_github_Qeeweew_AscendC-S4\.git\hooks\pre-rebase.sample","4898","4FEBCE867790052338076F4E66CC47EFB14879D18097D1D61C8261859EAAA7B3"
"03_往届冠军仓库快照\R095_github_Qeeweew_AscendC-S4\.git\hooks\pre-receive.sample","544","A4C3D2B9C7BB3FD8D1441C31BD4EE71A595D66B44FCF49DDB310252320169989"
"03_往届冠军仓库快照\R095_github_Qeeweew_AscendC-S4\.git\hooks\prepare-commit-msg.sample","1492","E9DDCAA4189FDDD25ED97FC8C789ECA7B6CA16390B2392AE3276F0C8E1AA4619"
"03_往届冠军仓库快照\R095_github_Qeeweew_AscendC-S4\.git\hooks\push-to-checkout.sample","2783","A53D0741798B287C6DD7AFA64AEE473F305E65D3F49463BB9D7408EC3B12BF5F"
"03_往届冠军仓库快照\R095_github_Qeeweew_AscendC-S4\.git\hooks\sendemail-validate.sample","2308","44EBFC923DC5466BC009602F0ECF067B9C65459ABFE8868DDC49B78E6CED7A92"
"03_往届冠军仓库快照\R095_github_Qeeweew_AscendC-S4\.git\hooks\update.sample","3650","8D5F2FA83E103CF08B57EAA67521DF9194F45CBDBCB37DA52AD586097A14D106"
"03_往届冠军仓库快照\R095_github_Qeeweew_AscendC-S4\.git\index","5246","AB2FF9F69FB4F285327BBDE3D997F429A202B2E925CA425433FA314924544401"
"03_往届冠军仓库快照\R095_github_Qeeweew_AscendC-S4\.git\info\exclude","240","6671FE83B7A07C8932EE89164D1F2793B2318058EB8B98DC5C06EE0A5A3B0EC1"
"03_往届冠军仓库快照\R095_github_Qeeweew_AscendC-S4\.git\logs\HEAD","185","21F48DE0B7A6E64E0D955380161A7758472993C7A3DFF71836BDB356F9562D71"
"03_往届冠军仓库快照\R095_github_Qeeweew_AscendC-S4\.git\logs\refs\heads\master","185","21F48DE0B7A6E64E0D955380161A7758472993C7A3DFF71836BDB356F9562D71"
"03_往届冠军仓库快照\R095_github_Qeeweew_AscendC-S4\.git\logs\refs\remotes\origin\HEAD","185","21F48DE0B7A6E64E0D955380161A7758472993C7A3DFF71836BDB356F9562D71"
"03_往届冠军仓库快照\R095_github_Qeeweew_AscendC-S4\.git\objects\pack\pack-b1717b7f82687913a0e183728ce5c26c1317fde6.idx","5272","7E033D2BE72A10FE0B4410FF58C0F64DE6C1A538959F03ADDC341C361E05388E"
"03_往届冠军仓库快照\R095_github_Qeeweew_AscendC-S4\.git\objects\pack\pack-b1717b7f82687913a0e183728ce5c26c1317fde6.pack","103829","1645303E429EECCAB3DC2A98766318158756B26829C24C03B8A40D6799C91DF1"
"03_往届冠军仓库快照\R095_github_Qeeweew_AscendC-S4\.git\objects\pack\pack-b1717b7f82687913a0e183728ce5c26c1317fde6.rev","652","5848B4E6916FC578D71B0870D37D441F7DE716218438B5F52BFC980E3BAFFDE1"
"03_往届冠军仓库快照\R095_github_Qeeweew_AscendC-S4\.git\packed-refs","114","927A1C64DE135B1FCF5EEB76C26E37FB0B66FBFDA4F1BF01FA27F62145A9E712"
"03_往届冠军仓库快照\R095_github_Qeeweew_AscendC-S4\.git\refs\heads\master","41","F69C0897477BF5ADCA82D4D8998EB1FE70AFC7400D35C0A41E7EF98560D550A8"
"03_往届冠军仓库快照\R095_github_Qeeweew_AscendC-S4\.git\refs\remotes\origin\HEAD","32","CDC65E67690C4C6475174E5EC662B70655246A2F3924354778835AB3BE70AA76"
"03_往届冠军仓库快照\R095_github_Qeeweew_AscendC-S4\.gitignore","64","2399D9D807F11BDF7689B4DAADE3BF5372DD79807CEDBF2A5C42E3974E3F7EC5"
"03_往届冠军仓库快照\R095_github_Qeeweew_AscendC-S4\build.sh","2707","B7AC6755E9B89CBFEDA9CC450F4D96930DF2A7CD573283F032D40358FF0E075B"
"03_往届冠军仓库快照\R095_github_Qeeweew_AscendC-S4\cmake\config.cmake","1362","D47496C06D8A1E69BAE74E6CFAC6F130ED436BC1252A9C4C56D9893C9FA09FCE"
"03_往届冠军仓库快照\R095_github_Qeeweew_AscendC-S4\cmake\func.cmake","9720","D62D7295F92B883696871DA3291BF89CB01304BC9CE55A3418E2E45ACA849FD7"
"03_往届冠军仓库快照\R095_github_Qeeweew_AscendC-S4\cmake\intf.cmake","1061","0C2533D6A98259B396930252585C65F1CD582D667171F20AFA4759FCDEB2C5A5"
"03_往届冠军仓库快照\R095_github_Qeeweew_AscendC-S4\cmake\makeself.cmake","1411","E417E77228AE18A82CF2D551D63CBA5B8E001069DE18ECE287597D6E043B9573"
"03_往届冠军仓库快照\R095_github_Qeeweew_AscendC-S4\cmake\util\__init__.py","158","3F8B7683A736D7274A9A5B95FA7AF6DBDE368599C327336EAADE4059BE3C850F"
"03_往届冠军仓库快照\R095_github_Qeeweew_AscendC-S4\cmake\util\ascendc_bin_param_build.py","21488","5414E49F5154E7397C07D94EDFF6C0ECA72EB075AC157D0B4DDBCD1425751511"
"03_往届冠军仓库快照\R095_github_Qeeweew_AscendC-S4\cmake\util\ascendc_gen_options.py","3350","FBD8BC4332B2340FDB71F4BBAE452E93C3A54B43CEA86818643D9D9D61794D35"
"03_往届冠军仓库快照\R095_github_Qeeweew_AscendC-S4\cmake\util\ascendc_impl_build.py","28353","4F3086C115B60D627C0081894A10E38D96EBD0149154A08BCBE064CDDBC162B3"
"03_往届冠军仓库快照\R095_github_Qeeweew_AscendC-S4\cmake\util\ascendc_ops_config.py","10286","D5115115B7432FB649DF4087095325B043F42C46A035BDCAB0258D44F8835025"
"03_往届冠军仓库快照\R095_github_Qeeweew_AscendC-S4\cmake\util\ascendc_replay_build.py","2712","165C9FE01344DC57176004A21AB38A23DB4B1186FE60B1A5AF63E9D4EE0BE263"
"03_往届冠军仓库快照\R095_github_Qeeweew_AscendC-S4\cmake\util\batch_replay_impl.temp","3889","C1B37BD05B2BD1CBF093AF635F4B2F18540BF98ED7FF4B04C3287B1F1A0FCCE0"
"03_往届冠军仓库快照\R095_github_Qeeweew_AscendC-S4\cmake\util\code_channel_infer.py","1597","EA76DA48CC19A3CFB3E06EA25FF1DBD03039E4FBE7C2D3690F6FEBC6F0C90E1B"
"03_往届冠军仓库快照\R095_github_Qeeweew_AscendC-S4\cmake\util\const_var.py","1505","5769FF6128070F83BE6246019212F5930ABEDEA17A2A0D7AEC63C5B6659760B9"
"03_往届冠军仓库快照\R095_github_Qeeweew_AscendC-S4\cmake\util\gen_impl_and_mrege_json.sh","646","8E62E9A6C1F4D5691417B9B25A4B77BCA4E8ADF26B1D677E1EEE7B013121DE8D"
"03_往届冠军仓库快照\R095_github_Qeeweew_AscendC-S4\cmake\util\gen_ops_filter.sh","1506","CE87DD1E7FB96BD999C3DDC93CD36F29FBD6A3F3AB75E088C5FDDA1AFC3D3A28"
"03_往届冠军仓库快照\R095_github_Qeeweew_AscendC-S4\cmake\util\gen_version_info.sh","353","1871CFEF3DD083C81966A95F98C812A19DF8FE0A4C83DFC3CA5BA03DB6E65A9A"
"03_往届冠军仓库快照\R095_github_Qeeweew_AscendC-S4\cmake\util\insert_op_info.py","1098","A15BAB921F83F74CE42E828EC1D1DD3F4057823F48B44CB138F85ACD906472CB"
"03_往届冠军仓库快照\R095_github_Qeeweew_AscendC-S4\cmake\util\insert_simplified_keys.py","6668","A1A460FE71424FBD78EF188ECC09C3B76BC9DAA99AE2D48D342DC0128FFA134F"
"03_往届冠军仓库快照\R095_github_Qeeweew_AscendC-S4\cmake\util\kernel_entry.py","3947","9DF250FFEBB39AC528DB19D76CD1AFD852942AC81C41E48C02A6E3368B3DC7E5"
"03_往届冠军仓库快照\R095_github_Qeeweew_AscendC-S4\cmake\util\kernel_impl.temp","240","660B98F6111CDD71260984CA38CC289710012291A414E21C4CF1BABB2F1A4AD1"
"03_往届冠军仓库快照\R095_github_Qeeweew_AscendC-S4\cmake\util\makeself\COPYING","18431","189B1AF95D661151E054CEA10C91B3D754E4DE4D3FECFB074C1FB29476F7167B"
"03_往届冠军仓库快照\R095_github_Qeeweew_AscendC-S4\cmake\util\makeself\make-release.sh","349","FBD10A2882B5BF82A407E855F0F088E469F4D142AFDD7B3DFDCC808798E374B9"
"03_往届冠军仓库快照\R095_github_Qeeweew_AscendC-S4\cmake\util\makeself\makeself-header.sh","18618","93AE39674EC8EA07C00245F38CA18365B78787E10DF443049360C051B49B0A97"
"03_往届冠军仓库快照\R095_github_Qeeweew_AscendC-S4\cmake\util\makeself\makeself.1","3189","1518183932195173D43E85ABC10CFB10366B0A1E3FC61A2D6136B68A78AB15FE"
"03_往届冠军仓库快照\R095_github_Qeeweew_AscendC-S4\cmake\util\makeself\makeself.lsm","836","270D45704E0F94F39B67369371A063C4E793F4AF5996B273D30ABC281994C1D9"
"03_往届冠军仓库快照\R095_github_Qeeweew_AscendC-S4\cmake\util\makeself\makeself.sh","25787","40482E4E390F2F3E1C1E06250C31C36814F054DF5254A5CBDD2FE89FD70D9C2B"
"03_往届冠军仓库快照\R095_github_Qeeweew_AscendC-S4\cmake\util\makeself\README.md","22146","C12F14B92112511DE28B943EDDB8765D3D75D1AEDB23AA49442559C1BE273E4A"
"03_往届冠军仓库快照\R095_github_Qeeweew_AscendC-S4\cmake\util\makeself\run-tests.sh","192","A9E7846C51870CA216D9620416C29F82466172876909E382CD7600215E766292"
"03_往届冠军仓库快照\R095_github_Qeeweew_AscendC-S4\cmake\util\makeself\VERSION","7","6117CCF1F1DE058A9243D93A2A0FB0C13BFD3CD3D4DA8E8AAF3C85EABDBEF5B5"
"03_往届冠军仓库快照\R095_github_Qeeweew_AscendC-S4\cmake\util\merge_aicpu_info_json.sh","1143","AEFF13DF06A408A231344AFDB046A914B0319D95C02547F93E5357B64CDA23EB"
"03_往届冠军仓库快照\R095_github_Qeeweew_AscendC-S4\cmake\util\opdesc_parser.py","14527","5FE25154FF62E9FE1DD3D6F517B0E2A03C1F7FCA148C57C402444BDD67B300D4"
"03_往届冠军仓库快照\R095_github_Qeeweew_AscendC-S4\cmake\util\parse_ini_to_json.py","13195","FA25B699BB3EB603849CCCAB152C791F72FF83D246F366DD8F064E9165EAA247"
"03_往届冠军仓库快照\R095_github_Qeeweew_AscendC-S4\cmake\util\preset_parse.py","861","23C46E652B4411E735E7A6C10EE262E0508C41799E60660E60B5028F317535CB"
"03_往届冠军仓库快照\R095_github_Qeeweew_AscendC-S4\cmake\util\replay_codegen.py","4527","56F4EEA8AA8CEB6E44795AB8DC5785D3D1D608697385D190564399AC6DC56A18"
"03_往届冠军仓库快照\R095_github_Qeeweew_AscendC-S4\cmake\util\replay_impl.temp","4207","E66480E82316EEC24DDA34890235F281D0631CF13FBEC631788E586CA7B7B458"
"03_往届冠军仓库快照\R095_github_Qeeweew_AscendC-S4\cmake\util\tiling_data_def_build.py","4172","93089EA6995DE374AEDBDED2781A75C8F0D2501E691890F269A0E0454F9F55C8"
"03_往届冠军仓库快照\R095_github_Qeeweew_AscendC-S4\CMakeLists.txt","3194","15A37B346CD1584B6DC8D139B436BE3D33BC3EF5D9FEBC8520F255DD0049FAF2"
"03_往届冠军仓库快照\R095_github_Qeeweew_AscendC-S4\CMakePresets.json","2089","121003AB881D5F8D2EE912B1DACA1AB67DBCAB431D82515D1806CBA8F4ED9539"
"03_往届冠军仓库快照\R095_github_Qeeweew_AscendC-S4\framework\CMakeLists.txt","396","2B9117B8865AB55A4C4018C86AD230F5C4AFDED78FBBEE939CB0385501C022B6"
"03_往届冠军仓库快照\R095_github_Qeeweew_AscendC-S4\framework\tf_plugin\CMakeLists.txt","593","632568F858CE5D11D8405EC4C32E23A6403F184247953721C447DB5BF98057C9"
"03_往届冠军仓库快照\R095_github_Qeeweew_AscendC-S4\framework\tf_plugin\tensorflow_mat_mul_plugin.cc","879","059B4C73F51A95BBFFF222F0A0CF20F6B0CD70F1A8DD343DCE0E498DDF752F44"
"03_往届冠军仓库快照\R095_github_Qeeweew_AscendC-S4\matmul.json","881","D0F24261399766C2B04D82AC929A13A79A95E0ED48875D324338A54F9B888E95"
"03_往届冠军仓库快照\R095_github_Qeeweew_AscendC-S4\op_host\CMakeLists.txt","3399","BDC23150BEDFD045F74B1B6F30EB630F2CEC5842A9ED7801707161EA2D8B295A"
"03_往届冠军仓库快照\R095_github_Qeeweew_AscendC-S4\op_host\mat_mul_tiling.h","458","03AC93D8577945408FA93F577A61CB11B8A10EEB40217017E6088664696F9E33"
"03_往届冠军仓库快照\R095_github_Qeeweew_AscendC-S4\op_host\mat_mul.cpp","4617","D7AF8C5B82722F1ECD46545B9CAD15B2D40B9FFCF43475DE4511137CF479F2C1"
"03_往届冠军仓库快照\R095_github_Qeeweew_AscendC-S4\op_kernel\CMakeLists.txt","2758","734B2C7EFA66073F407CDDBD9C06D9DA10A9B29126099D57F6D4BACEB9A27253"
"03_往届冠军仓库快照\R095_github_Qeeweew_AscendC-S4\op_kernel\mat_mul.cpp","14077","5419BBE06F946ABCFCC9F6B8122E227A9682FCD9E6A9DE77E5FF408C9D15DC4A"
"03_往届冠军仓库快照\R095_github_Qeeweew_AscendC-S4\README.md","1444","F09F7FBD6DA1ED08D6248CA5A08EAD26BA98EB8502048F75A67B518E532D8F62"
"03_往届冠军仓库快照\R095_github_Qeeweew_AscendC-S4\scripts\help.info","81","27067F1EC0A23A694AE80EC4A05BC68415A284FBAF509B1A9CC0234035C61E5B"
"03_往届冠军仓库快照\R095_github_Qeeweew_AscendC-S4\scripts\install.sh","9881","02862BAF881E9EBFA0EB5F43BE11932391E2B1EDC1D6C1C508812B5410C04181"
"03_往届冠军仓库快照\R095_github_Qeeweew_AscendC-S4\scripts\upgrade.sh","4151","DDF117CFD96BF93194F66A8C4C7A298A263254107D1EFAE8F2081F0626E4C1F7"
"03_往届冠军仓库快照\R096_github_Qeeweew_AscendC-S5-GluJvp\.git\config","307","CA1F41122AEBC8552158B95791E09E2CF47DE3537091D3F2E2A8577C552DB9A1"
"03_往届冠军仓库快照\R096_github_Qeeweew_AscendC-S5-GluJvp\.git\description","73","85AB6C163D43A17EA9CF7788308BCA1466F1B0A8D1CC92E26E9BF63DA4062AEE"
"03_往届冠军仓库快照\R096_github_Qeeweew_AscendC-S5-GluJvp\.git\HEAD","21","28D25BF82AF4C0E2B72F50959B2BEB859E3E60B9630A5E8C603DAD4DDB2B6E80"
"03_往届冠军仓库快照\R096_github_Qeeweew_AscendC-S5-GluJvp\.git\hooks\applypatch-msg.sample","478","0223497A0B8B033AA58A3A521B8629869386CF7AB0E2F101963D328AA62193F7"
"03_往届冠军仓库快照\R096_github_Qeeweew_AscendC-S5-GluJvp\.git\hooks\commit-msg.sample","896","1F74D5E9292979B573EBD59741D46CB93FF391ACDD083D340B94370753D92437"
"03_往届冠军仓库快照\R096_github_Qeeweew_AscendC-S5-GluJvp\.git\hooks\fsmonitor-watchman.sample","4726","E0549964E93897B519BD8E333C037E51FFF0F88BA13E086A331592BF801FA1D0"
"03_往届冠军仓库快照\R096_github_Qeeweew_AscendC-S5-GluJvp\.git\hooks\post-update.sample","189","81765AF2DAEF323061DCBC5E61FC16481CB74B3BAC9AD8A174B186523586F6C5"
"03_往届冠军仓库快照\R096_github_Qeeweew_AscendC-S5-GluJvp\.git\hooks\pre-applypatch.sample","424","E15C5B469EA3E0A695BEA6F2C82BCF8E62821074939DDD85B77E0007FF165475"
"03_往届冠军仓库快照\R096_github_Qeeweew_AscendC-S5-GluJvp\.git\hooks\pre-commit.sample","1649","57185B7B9F05239D7AB52DB045F5B89EB31348D7B2177EAB214F5EB872E1971B"
"03_往届冠军仓库快照\R096_github_Qeeweew_AscendC-S5-GluJvp\.git\hooks\pre-merge-commit.sample","416","D3825A70337940EBBD0A5C072984E13245920CDF8898BD225C8D27A6DFC9CB53"
"03_往届冠军仓库快照\R096_github_Qeeweew_AscendC-S5-GluJvp\.git\hooks\pre-push.sample","1374","ECCE9C7E04D3F5DD9D8ADA81753DD1D549A9634B26770042B58DDA00217D086A"
"03_往届冠军仓库快照\R096_github_Qeeweew_AscendC-S5-GluJvp\.git\hooks\pre-rebase.sample","4898","4FEBCE867790052338076F4E66CC47EFB14879D18097D1D61C8261859EAAA7B3"
"03_往届冠军仓库快照\R096_github_Qeeweew_AscendC-S5-GluJvp\.git\hooks\pre-receive.sample","544","A4C3D2B9C7BB3FD8D1441C31BD4EE71A595D66B44FCF49DDB310252320169989"
"03_往届冠军仓库快照\R096_github_Qeeweew_AscendC-S5-GluJvp\.git\hooks\prepare-commit-msg.sample","1492","E9DDCAA4189FDDD25ED97FC8C789ECA7B6CA16390B2392AE3276F0C8E1AA4619"
"03_往届冠军仓库快照\R096_github_Qeeweew_AscendC-S5-GluJvp\.git\hooks\push-to-checkout.sample","2783","A53D0741798B287C6DD7AFA64AEE473F305E65D3F49463BB9D7408EC3B12BF5F"
"03_往届冠军仓库快照\R096_github_Qeeweew_AscendC-S5-GluJvp\.git\hooks\sendemail-validate.sample","2308","44EBFC923DC5466BC009602F0ECF067B9C65459ABFE8868DDC49B78E6CED7A92"
"03_往届冠军仓库快照\R096_github_Qeeweew_AscendC-S5-GluJvp\.git\hooks\update.sample","3650","8D5F2FA83E103CF08B57EAA67521DF9194F45CBDBCB37DA52AD586097A14D106"
"03_往届冠军仓库快照\R096_github_Qeeweew_AscendC-S5-GluJvp\.git\index","819","4B8080C720E792CB19108DAB642D73850777EDF05BAC6E3060DEC397DF5C4AF1"
"03_往届冠军仓库快照\R096_github_Qeeweew_AscendC-S5-GluJvp\.git\info\exclude","240","6671FE83B7A07C8932EE89164D1F2793B2318058EB8B98DC5C06EE0A5A3B0EC1"
"03_往届冠军仓库快照\R096_github_Qeeweew_AscendC-S5-GluJvp\.git\logs\HEAD","192","10FEC187E3A11CAFBEA513102E7DFF4707D07F29551A9BCA517C8602304712CD"
"03_往届冠军仓库快照\R096_github_Qeeweew_AscendC-S5-GluJvp\.git\logs\refs\heads\main","192","10FEC187E3A11CAFBEA513102E7DFF4707D07F29551A9BCA517C8602304712CD"
"03_往届冠军仓库快照\R096_github_Qeeweew_AscendC-S5-GluJvp\.git\logs\refs\remotes\origin\HEAD","192","10FEC187E3A11CAFBEA513102E7DFF4707D07F29551A9BCA517C8602304712CD"
"03_往届冠军仓库快照\R096_github_Qeeweew_AscendC-S5-GluJvp\.git\objects\pack\pack-ad22376e2ee13f8e269825053eecc44d1d4346ba.idx","1408","C4D5D7983E641E7821E96C033F09081AE8622DE52526CAC270DCB25EAFB29BB6"
"03_往届冠军仓库快照\R096_github_Qeeweew_AscendC-S5-GluJvp\.git\objects\pack\pack-ad22376e2ee13f8e269825053eecc44d1d4346ba.pack","183846","ADFEFC52857D2DE731AE5C599E643C8602F8CF736D28393F471FF77D0BD667F8"
"03_往届冠军仓库快照\R096_github_Qeeweew_AscendC-S5-GluJvp\.git\objects\pack\pack-ad22376e2ee13f8e269825053eecc44d1d4346ba.rev","100","B91F702C9B5842844552CB6AB17345814D112052E3484AA980D6A5E1E338C3D5"
"03_往届冠军仓库快照\R096_github_Qeeweew_AscendC-S5-GluJvp\.git\packed-refs","112","01D7B9CA38E4314DCD3A035F2BE25ED749497CB5ACBFA8B66B63D0E07E04B269"
"03_往届冠军仓库快照\R096_github_Qeeweew_AscendC-S5-GluJvp\.git\refs\heads\main","41","1111AB6C724C64759F5F0F78BDFFA46ECCFEE34EC0201D156616A9F00DDB2EE0"
"03_往届冠军仓库快照\R096_github_Qeeweew_AscendC-S5-GluJvp\.git\refs\remotes\origin\HEAD","30","2BB6A24AA0FC6C484100F5D51A29BBAD841CD2C755F5D93FAA204E5DBB4EB2B4"
"03_往届冠军仓库快照\R096_github_Qeeweew_AscendC-S5-GluJvp\.gitignore","24","A1AFF451A2F6933F9DC9A2A2ED18FA2857DFFBB35FCE1289D5F67F1AE5BBBD7B"
"03_往届冠军仓库快照\R096_github_Qeeweew_AscendC-S5-GluJvp\custom_opp_euleros_aarch64.run","190836","8CD370CFF42A0E616254F1E78A583B772705BC750990E1A5C30512A36B2655D3"
"03_往届冠军仓库快照\R096_github_Qeeweew_AscendC-S5-GluJvp\op_host\CMakeLists.txt","6641","3F99E9B8934BF9C16722CC36EB95402AE05D12AE473A7F97F77F1ACA75121402"
"03_往届冠军仓库快照\R096_github_Qeeweew_AscendC-S5-GluJvp\op_host\glu_jvp_tiling.h","279","1E1B40FEEA9E70A979405350D3F36B62AF83914C05E914591A9B62251BA432F3"
"03_往届冠军仓库快照\R096_github_Qeeweew_AscendC-S5-GluJvp\op_host\glu_jvp.cpp","3665","85362D4FB86FC669EAFB0BDEF8EE1072F288DDBEA720AE3A8EE8770EFD22BEFA"
"03_往届冠军仓库快照\R096_github_Qeeweew_AscendC-S5-GluJvp\op_kernel\CMakeLists.txt","160","28DB4CC809D625D8A352D6078635873484A8D90CF5645711D0FD4FDC6AA6DA81"
"03_往届冠军仓库快照\R096_github_Qeeweew_AscendC-S5-GluJvp\op_kernel\glu_jvp.cpp","15345","9E888589EE572B5BEBFBC13FC7ED68B26888620A91DE729C30E0409D391539CD"
"03_往届冠军仓库快照\R096_github_Qeeweew_AscendC-S5-GluJvp\README.md","0","E3B0C44298FC1C149AFBF4C8996FB92427AE41E4649B934CA495991B7852B855"
"03_往届冠军仓库快照\R097_github_Qeeweew_AscendC-S6-Logcumsumexp\.git\config","313","CA2A099BF8B65DA599F2C037E06543FD8C5F165BF135DDF2876F488760F0C5E8"
"03_往届冠军仓库快照\R097_github_Qeeweew_AscendC-S6-Logcumsumexp\.git\description","73","85AB6C163D43A17EA9CF7788308BCA1466F1B0A8D1CC92E26E9BF63DA4062AEE"
"03_往届冠军仓库快照\R097_github_Qeeweew_AscendC-S6-Logcumsumexp\.git\HEAD","21","28D25BF82AF4C0E2B72F50959B2BEB859E3E60B9630A5E8C603DAD4DDB2B6E80"
"03_往届冠军仓库快照\R097_github_Qeeweew_AscendC-S6-Logcumsumexp\.git\hooks\applypatch-msg.sample","478","0223497A0B8B033AA58A3A521B8629869386CF7AB0E2F101963D328AA62193F7"
"03_往届冠军仓库快照\R097_github_Qeeweew_AscendC-S6-Logcumsumexp\.git\hooks\commit-msg.sample","896","1F74D5E9292979B573EBD59741D46CB93FF391ACDD083D340B94370753D92437"
"03_往届冠军仓库快照\R097_github_Qeeweew_AscendC-S6-Logcumsumexp\.git\hooks\fsmonitor-watchman.sample","4726","E0549964E93897B519BD8E333C037E51FFF0F88BA13E086A331592BF801FA1D0"
"03_往届冠军仓库快照\R097_github_Qeeweew_AscendC-S6-Logcumsumexp\.git\hooks\post-update.sample","189","81765AF2DAEF323061DCBC5E61FC16481CB74B3BAC9AD8A174B186523586F6C5"
"03_往届冠军仓库快照\R097_github_Qeeweew_AscendC-S6-Logcumsumexp\.git\hooks\pre-applypatch.sample","424","E15C5B469EA3E0A695BEA6F2C82BCF8E62821074939DDD85B77E0007FF165475"
"03_往届冠军仓库快照\R097_github_Qeeweew_AscendC-S6-Logcumsumexp\.git\hooks\pre-commit.sample","1649","57185B7B9F05239D7AB52DB045F5B89EB31348D7B2177EAB214F5EB872E1971B"
"03_往届冠军仓库快照\R097_github_Qeeweew_AscendC-S6-Logcumsumexp\.git\hooks\pre-merge-commit.sample","416","D3825A70337940EBBD0A5C072984E13245920CDF8898BD225C8D27A6DFC9CB53"
"03_往届冠军仓库快照\R097_github_Qeeweew_AscendC-S6-Logcumsumexp\.git\hooks\pre-push.sample","1374","ECCE9C7E04D3F5DD9D8ADA81753DD1D549A9634B26770042B58DDA00217D086A"
"03_往届冠军仓库快照\R097_github_Qeeweew_AscendC-S6-Logcumsumexp\.git\hooks\pre-rebase.sample","4898","4FEBCE867790052338076F4E66CC47EFB14879D18097D1D61C8261859EAAA7B3"
"03_往届冠军仓库快照\R097_github_Qeeweew_AscendC-S6-Logcumsumexp\.git\hooks\pre-receive.sample","544","A4C3D2B9C7BB3FD8D1441C31BD4EE71A595D66B44FCF49DDB310252320169989"
"03_往届冠军仓库快照\R097_github_Qeeweew_AscendC-S6-Logcumsumexp\.git\hooks\prepare-commit-msg.sample","1492","E9DDCAA4189FDDD25ED97FC8C789ECA7B6CA16390B2392AE3276F0C8E1AA4619"
"03_往届冠军仓库快照\R097_github_Qeeweew_AscendC-S6-Logcumsumexp\.git\hooks\push-to-checkout.sample","2783","A53D0741798B287C6DD7AFA64AEE473F305E65D3F49463BB9D7408EC3B12BF5F"
"03_往届冠军仓库快照\R097_github_Qeeweew_AscendC-S6-Logcumsumexp\.git\hooks\sendemail-validate.sample","2308","44EBFC923DC5466BC009602F0ECF067B9C65459ABFE8868DDC49B78E6CED7A92"
"03_往届冠军仓库快照\R097_github_Qeeweew_AscendC-S6-Logcumsumexp\.git\hooks\update.sample","3650","8D5F2FA83E103CF08B57EAA67521DF9194F45CBDBCB37DA52AD586097A14D106"
"03_往届冠军仓库快照\R097_github_Qeeweew_AscendC-S6-Logcumsumexp\.git\index","1410","EA1D0A799A27BC86C0B26D71A4C8574C335BE285DAD3CE432E84F7E44825C28A"
"03_往届冠军仓库快照\R097_github_Qeeweew_AscendC-S6-Logcumsumexp\.git\info\exclude","240","6671FE83B7A07C8932EE89164D1F2793B2318058EB8B98DC5C06EE0A5A3B0EC1"
"03_往届冠军仓库快照\R097_github_Qeeweew_AscendC-S6-Logcumsumexp\.git\logs\HEAD","198","812ED53A2C82E2827BFA686E38948BC36303469B82EB7884C29C75CDF502A253"
"03_往届冠军仓库快照\R097_github_Qeeweew_AscendC-S6-Logcumsumexp\.git\logs\refs\heads\main","198","812ED53A2C82E2827BFA686E38948BC36303469B82EB7884C29C75CDF502A253"
"03_往届冠军仓库快照\R097_github_Qeeweew_AscendC-S6-Logcumsumexp\.git\logs\refs\remotes\origin\HEAD","198","812ED53A2C82E2827BFA686E38948BC36303469B82EB7884C29C75CDF502A253"
"03_往届冠军仓库快照\R097_github_Qeeweew_AscendC-S6-Logcumsumexp\.git\objects\pack\pack-db05ec92a5e2636ee7af267816ead37c6a6056bf.idx","1464","CE08892040B09374AAC9474B453CE99A90A37F27FA3AA95840491B94EAAAAA0E"
"03_往届冠军仓库快照\R097_github_Qeeweew_AscendC-S6-Logcumsumexp\.git\objects\pack\pack-db05ec92a5e2636ee7af267816ead37c6a6056bf.pack","163103","BAB8A7A31FEAEFDED5FAB236A73C6908A60AB9074652150D56C80AC3DE12C5AF"
"03_往届冠军仓库快照\R097_github_Qeeweew_AscendC-S6-Logcumsumexp\.git\objects\pack\pack-db05ec92a5e2636ee7af267816ead37c6a6056bf.rev","108","2D94B15F8B85614867988294887B4B67EE9AE9A83DF42E3E82DBA318BF1FDACE"
"03_往届冠军仓库快照\R097_github_Qeeweew_AscendC-S6-Logcumsumexp\.git\packed-refs","112","479A6E60586621AA9B0962FFF59FB630B4EC5E454102F779CE6A9C9B308B9A9F"
"03_往届冠军仓库快照\R097_github_Qeeweew_AscendC-S6-Logcumsumexp\.git\refs\heads\main","41","977E6F4B7172C6DB5662243EE184041E18E96F28958FD679FDB30D24AA75362F"
"03_往届冠军仓库快照\R097_github_Qeeweew_AscendC-S6-Logcumsumexp\.git\refs\remotes\origin\HEAD","30","2BB6A24AA0FC6C484100F5D51A29BBAD841CD2C755F5D93FAA204E5DBB4EB2B4"
"03_往届冠军仓库快照\R097_github_Qeeweew_AscendC-S6-Logcumsumexp\.gitignore","11","E48D69406979F6930A9A6135F795C482D5B78AAA99CCE6B317AB40786FF41ECB"
"03_往届冠军仓库快照\R097_github_Qeeweew_AscendC-S6-Logcumsumexp\custom_opp_euleros_aarch64.run","168593","5907BEE33295B514EA5961E27969983DE0E66A534D0ABCE33BECBD4616EB5EB6"
"03_往届冠军仓库快照\R097_github_Qeeweew_AscendC-S6-Logcumsumexp\op_host\.ipynb_checkpoints\logcumsumexp_tiling-checkpoint.h","349","52D3BE25651785DAFCB7785E9F940220A54D0ED34DD42EF033D73BB164C73699"
"03_往届冠军仓库快照\R097_github_Qeeweew_AscendC-S6-Logcumsumexp\op_host\.ipynb_checkpoints\logcumsumexp-checkpoint.cpp","2768","39E5B79E32101B73ADD1B20D65955184182DE439E1248FD4B52D491A17082716"
"03_往届冠军仓库快照\R097_github_Qeeweew_AscendC-S6-Logcumsumexp\op_host\CMakeLists.txt","6641","3F99E9B8934BF9C16722CC36EB95402AE05D12AE473A7F97F77F1ACA75121402"
"03_往届冠军仓库快照\R097_github_Qeeweew_AscendC-S6-Logcumsumexp\op_host\logcumsumexp_tiling.h","349","52D3BE25651785DAFCB7785E9F940220A54D0ED34DD42EF033D73BB164C73699"
"03_往届冠军仓库快照\R097_github_Qeeweew_AscendC-S6-Logcumsumexp\op_host\logcumsumexp.cpp","2768","39E5B79E32101B73ADD1B20D65955184182DE439E1248FD4B52D491A17082716"
"03_往届冠军仓库快照\R097_github_Qeeweew_AscendC-S6-Logcumsumexp\op_kernel\.ipynb_checkpoints\CMakeLists-checkpoint.txt","160","28DB4CC809D625D8A352D6078635873484A8D90CF5645711D0FD4FDC6AA6DA81"
"03_往届冠军仓库快照\R097_github_Qeeweew_AscendC-S6-Logcumsumexp\op_kernel\.ipynb_checkpoints\logcumsumexp-checkpoint.cpp","16935","46DB875782B5E93319A34FE1655FEEA44F524EC542DF94BF85767BE296456621"
"03_往届冠军仓库快照\R097_github_Qeeweew_AscendC-S6-Logcumsumexp\op_kernel\CMakeLists.txt","160","28DB4CC809D625D8A352D6078635873484A8D90CF5645711D0FD4FDC6AA6DA81"
"03_往届冠军仓库快照\R097_github_Qeeweew_AscendC-S6-Logcumsumexp\op_kernel\logcumsumexp.cpp","16935","46DB875782B5E93319A34FE1655FEEA44F524EC542DF94BF85767BE296456621"
"03_往届冠军仓库快照\R097_github_Qeeweew_AscendC-S6-Logcumsumexp\README.md","27","37FFD23F62C86E38B90C51937FB477E78D63BB612A051F0A041101B02FD29AC4"
"03_往届冠军仓库快照\R098_github_Rotaeno_Pows\.git\config","294","AC69AB10BDA8EB7B1BE74E966BF3CCF29F5DF2992D1E20B68F051AEB76BF2DDC"
"03_往届冠军仓库快照\R098_github_Rotaeno_Pows\.git\description","73","85AB6C163D43A17EA9CF7788308BCA1466F1B0A8D1CC92E26E9BF63DA4062AEE"
"03_往届冠军仓库快照\R098_github_Rotaeno_Pows\.git\HEAD","21","28D25BF82AF4C0E2B72F50959B2BEB859E3E60B9630A5E8C603DAD4DDB2B6E80"
"03_往届冠军仓库快照\R098_github_Rotaeno_Pows\.git\hooks\applypatch-msg.sample","478","0223497A0B8B033AA58A3A521B8629869386CF7AB0E2F101963D328AA62193F7"
"03_往届冠军仓库快照\R098_github_Rotaeno_Pows\.git\hooks\commit-msg.sample","896","1F74D5E9292979B573EBD59741D46CB93FF391ACDD083D340B94370753D92437"
"03_往届冠军仓库快照\R098_github_Rotaeno_Pows\.git\hooks\fsmonitor-watchman.sample","4726","E0549964E93897B519BD8E333C037E51FFF0F88BA13E086A331592BF801FA1D0"
"03_往届冠军仓库快照\R098_github_Rotaeno_Pows\.git\hooks\post-update.sample","189","81765AF2DAEF323061DCBC5E61FC16481CB74B3BAC9AD8A174B186523586F6C5"
"03_往届冠军仓库快照\R098_github_Rotaeno_Pows\.git\hooks\pre-applypatch.sample","424","E15C5B469EA3E0A695BEA6F2C82BCF8E62821074939DDD85B77E0007FF165475"
"03_往届冠军仓库快照\R098_github_Rotaeno_Pows\.git\hooks\pre-commit.sample","1649","57185B7B9F05239D7AB52DB045F5B89EB31348D7B2177EAB214F5EB872E1971B"
"03_往届冠军仓库快照\R098_github_Rotaeno_Pows\.git\hooks\pre-merge-commit.sample","416","D3825A70337940EBBD0A5C072984E13245920CDF8898BD225C8D27A6DFC9CB53"
"03_往届冠军仓库快照\R098_github_Rotaeno_Pows\.git\hooks\pre-push.sample","1374","ECCE9C7E04D3F5DD9D8ADA81753DD1D549A9634B26770042B58DDA00217D086A"
"03_往届冠军仓库快照\R098_github_Rotaeno_Pows\.git\hooks\pre-rebase.sample","4898","4FEBCE867790052338076F4E66CC47EFB14879D18097D1D61C8261859EAAA7B3"
"03_往届冠军仓库快照\R098_github_Rotaeno_Pows\.git\hooks\pre-receive.sample","544","A4C3D2B9C7BB3FD8D1441C31BD4EE71A595D66B44FCF49DDB310252320169989"
"03_往届冠军仓库快照\R098_github_Rotaeno_Pows\.git\hooks\prepare-commit-msg.sample","1492","E9DDCAA4189FDDD25ED97FC8C789ECA7B6CA16390B2392AE3276F0C8E1AA4619"
"03_往届冠军仓库快照\R098_github_Rotaeno_Pows\.git\hooks\push-to-checkout.sample","2783","A53D0741798B287C6DD7AFA64AEE473F305E65D3F49463BB9D7408EC3B12BF5F"
"03_往届冠军仓库快照\R098_github_Rotaeno_Pows\.git\hooks\sendemail-validate.sample","2308","44EBFC923DC5466BC009602F0ECF067B9C65459ABFE8868DDC49B78E6CED7A92"
"03_往届冠军仓库快照\R098_github_Rotaeno_Pows\.git\hooks\update.sample","3650","8D5F2FA83E103CF08B57EAA67521DF9194F45CBDBCB37DA52AD586097A14D106"
"03_往届冠军仓库快照\R098_github_Rotaeno_Pows\.git\index","217","CD9310E619A372C83FDA1833AA6E0ECA128C7BB021FB68C3F709C2B09CE76B92"
"03_往届冠军仓库快照\R098_github_Rotaeno_Pows\.git\info\exclude","240","6671FE83B7A07C8932EE89164D1F2793B2318058EB8B98DC5C06EE0A5A3B0EC1"
"03_往届冠军仓库快照\R098_github_Rotaeno_Pows\.git\logs\HEAD","179","F226636CE594CAF6D78C9223871A05238E067CA2BE5DE3FDB9447E65612CF4F2"
"03_往届冠军仓库快照\R098_github_Rotaeno_Pows\.git\logs\refs\heads\main","179","F226636CE594CAF6D78C9223871A05238E067CA2BE5DE3FDB9447E65612CF4F2"
"03_往届冠军仓库快照\R098_github_Rotaeno_Pows\.git\logs\refs\remotes\origin\HEAD","179","F226636CE594CAF6D78C9223871A05238E067CA2BE5DE3FDB9447E65612CF4F2"
"03_往届冠军仓库快照\R098_github_Rotaeno_Pows\.git\objects\pack\pack-71e4db991104023272991b0b2ab26933aaa1bfbd.idx","1240","C0F2303D9EECCADE0EEA6A6EA5E445BE415164837F135F011C572747757D704D"
"03_往届冠军仓库快照\R098_github_Rotaeno_Pows\.git\objects\pack\pack-71e4db991104023272991b0b2ab26933aaa1bfbd.pack","174267","E7ECF3159DB8CC2B77403B7829B374E15D53E4204A87E3FC88BF854F0B8F2B98"
"03_往届冠军仓库快照\R098_github_Rotaeno_Pows\.git\objects\pack\pack-71e4db991104023272991b0b2ab26933aaa1bfbd.rev","76","A622114AB653F70594C2BA0AEE2D5A2D285D7BC1430888E21047BBCCB8BCAAE2"
"03_往届冠军仓库快照\R098_github_Rotaeno_Pows\.git\packed-refs","112","78C2DACBE79D6C8AE1546F7A693CA66ED6B0BAC6876B4D69A08C262288403037"
"03_往届冠军仓库快照\R098_github_Rotaeno_Pows\.git\refs\heads\main","41","6E3A1FCE9315C90E6A00E4085C359296E59EB288895810603F1F469D18A9F608"
"03_往届冠军仓库快照\R098_github_Rotaeno_Pows\.git\refs\remotes\origin\HEAD","30","2BB6A24AA0FC6C484100F5D51A29BBAD841CD2C755F5D93FAA204E5DBB4EB2B4"
"03_往届冠军仓库快照\R098_github_Rotaeno_Pows\PowsCustom.zip","173466","EEDF7D39C4A14DAB526C3043A4861015D23D583F3870A58383881259883CFC86"
"03_往届冠军仓库快照\R098_github_Rotaeno_Pows\README.md","36","062AB3E50833989389AB3C186EE39B7CDB093F98ABA3FC8E5F4DD1CA73E21745"
"03_往届冠军仓库快照\R099_github_rura-t_AscendOps\.git\config","298","F598321EAD7A62F7820F0734AAB2845E3CF3E0587B92C1DB6ECB7464AFE314B4"
"03_往届冠军仓库快照\R099_github_rura-t_AscendOps\.git\description","73","85AB6C163D43A17EA9CF7788308BCA1466F1B0A8D1CC92E26E9BF63DA4062AEE"
"03_往届冠军仓库快照\R099_github_rura-t_AscendOps\.git\HEAD","21","28D25BF82AF4C0E2B72F50959B2BEB859E3E60B9630A5E8C603DAD4DDB2B6E80"
"03_往届冠军仓库快照\R099_github_rura-t_AscendOps\.git\hooks\applypatch-msg.sample","478","0223497A0B8B033AA58A3A521B8629869386CF7AB0E2F101963D328AA62193F7"
"03_往届冠军仓库快照\R099_github_rura-t_AscendOps\.git\hooks\commit-msg.sample","896","1F74D5E9292979B573EBD59741D46CB93FF391ACDD083D340B94370753D92437"
"03_往届冠军仓库快照\R099_github_rura-t_AscendOps\.git\hooks\fsmonitor-watchman.sample","4726","E0549964E93897B519BD8E333C037E51FFF0F88BA13E086A331592BF801FA1D0"
"03_往届冠军仓库快照\R099_github_rura-t_AscendOps\.git\hooks\post-update.sample","189","81765AF2DAEF323061DCBC5E61FC16481CB74B3BAC9AD8A174B186523586F6C5"
"03_往届冠军仓库快照\R099_github_rura-t_AscendOps\.git\hooks\pre-applypatch.sample","424","E15C5B469EA3E0A695BEA6F2C82BCF8E62821074939DDD85B77E0007FF165475"
"03_往届冠军仓库快照\R099_github_rura-t_AscendOps\.git\hooks\pre-commit.sample","1649","57185B7B9F05239D7AB52DB045F5B89EB31348D7B2177EAB214F5EB872E1971B"
"03_往届冠军仓库快照\R099_github_rura-t_AscendOps\.git\hooks\pre-merge-commit.sample","416","D3825A70337940EBBD0A5C072984E13245920CDF8898BD225C8D27A6DFC9CB53"
"03_往届冠军仓库快照\R099_github_rura-t_AscendOps\.git\hooks\pre-push.sample","1374","ECCE9C7E04D3F5DD9D8ADA81753DD1D549A9634B26770042B58DDA00217D086A"
"03_往届冠军仓库快照\R099_github_rura-t_AscendOps\.git\hooks\pre-rebase.sample","4898","4FEBCE867790052338076F4E66CC47EFB14879D18097D1D61C8261859EAAA7B3"
"03_往届冠军仓库快照\R099_github_rura-t_AscendOps\.git\hooks\pre-receive.sample","544","A4C3D2B9C7BB3FD8D1441C31BD4EE71A595D66B44FCF49DDB310252320169989"
"03_往届冠军仓库快照\R099_github_rura-t_AscendOps\.git\hooks\prepare-commit-msg.sample","1492","E9DDCAA4189FDDD25ED97FC8C789ECA7B6CA16390B2392AE3276F0C8E1AA4619"
"03_往届冠军仓库快照\R099_github_rura-t_AscendOps\.git\hooks\push-to-checkout.sample","2783","A53D0741798B287C6DD7AFA64AEE473F305E65D3F49463BB9D7408EC3B12BF5F"
"03_往届冠军仓库快照\R099_github_rura-t_AscendOps\.git\hooks\sendemail-validate.sample","2308","44EBFC923DC5466BC009602F0ECF067B9C65459ABFE8868DDC49B78E6CED7A92"
"03_往届冠军仓库快照\R099_github_rura-t_AscendOps\.git\hooks\update.sample","3650","8D5F2FA83E103CF08B57EAA67521DF9194F45CBDBCB37DA52AD586097A14D106"
"03_往届冠军仓库快照\R099_github_rura-t_AscendOps\.git\index","801","CDA85723EA040D30ACEEED07440B6F2687C0E0F7C1D090C73487F2D088D44520"
"03_往届冠军仓库快照\R099_github_rura-t_AscendOps\.git\info\exclude","240","6671FE83B7A07C8932EE89164D1F2793B2318058EB8B98DC5C06EE0A5A3B0EC1"
"03_往届冠军仓库快照\R099_github_rura-t_AscendOps\.git\logs\HEAD","183","15BEF907D46D529ABF951B97828C48C3ADAC5490462CBB89F5AEF912DF740CE3"
"03_往届冠军仓库快照\R099_github_rura-t_AscendOps\.git\logs\refs\heads\main","183","15BEF907D46D529ABF951B97828C48C3ADAC5490462CBB89F5AEF912DF740CE3"
"03_往届冠军仓库快照\R099_github_rura-t_AscendOps\.git\logs\refs\remotes\origin\HEAD","183","15BEF907D46D529ABF951B97828C48C3ADAC5490462CBB89F5AEF912DF740CE3"
"03_往届冠军仓库快照\R099_github_rura-t_AscendOps\.git\objects\pack\pack-809a5c8c40112b5b473e3c368667ebe2a57236ce.idx","1548","2355FA0633E30D10A13C3B6C0E0C04A56FEBBD4E374071848895DF83419D83B0"
"03_往届冠军仓库快照\R099_github_rura-t_AscendOps\.git\objects\pack\pack-809a5c8c40112b5b473e3c368667ebe2a57236ce.pack","172329","300B4565262A06D3AF6226E5F2B66B773332C614F332024F6D6F9885850D46BC"
"03_往届冠军仓库快照\R099_github_rura-t_AscendOps\.git\objects\pack\pack-809a5c8c40112b5b473e3c368667ebe2a57236ce.rev","120","AFBC4A81DCC9194D08635F09432FCD6335B7CD98E5A84F221D5842DADCC2A888"
"03_往届冠军仓库快照\R099_github_rura-t_AscendOps\.git\packed-refs","112","FB988853E5414D83B274DAEA66E6774342090738E15B2B5C459C324DFEDEAF15"
"03_往届冠军仓库快照\R099_github_rura-t_AscendOps\.git\refs\heads\main","41","46752A733D10853EF105DA24956803E44F4124731CFF44170BE8C25E2E73B9B2"
"03_往届冠军仓库快照\R099_github_rura-t_AscendOps\.git\refs\remotes\origin\HEAD","30","2BB6A24AA0FC6C484100F5D51A29BBAD841CD2C755F5D93FAA204E5DBB4EB2B4"
"03_往届冠军仓库快照\R099_github_rura-t_AscendOps\README.md","11","D0399A351FAC7C6FED99946EC596689E22CE5C66FDC9AB7FE643E94B8D79BE09"
"03_往届冠军仓库快照\R099_github_rura-t_AscendOps\Trunc\custom_opp_ubuntu_aarch64.run","176868","0D4AF45306174077C28248D727647562A9965233BF555808EF6797B0A13D3532"
"03_往届冠军仓库快照\R099_github_rura-t_AscendOps\Trunc\op_host\CMakeLists.txt","3399","BDC23150BEDFD045F74B1B6F30EB630F2CEC5842A9ED7801707161EA2D8B295A"
"03_往届冠军仓库快照\R099_github_rura-t_AscendOps\Trunc\op_host\trunc_tiling.h","373","1BAB8457DD7BE3CB3B71212A049ED70705302A47F9AE9DBCAED7D1DEFD14412C"
"03_往届冠军仓库快照\R099_github_rura-t_AscendOps\Trunc\op_host\trunc.cpp","3498","2A3F9908E2D71777F536B3824F7932ED9F954AEFECCD7003FF762C352E9F5576"
"03_往届冠军仓库快照\R099_github_rura-t_AscendOps\Trunc\op_kernel\CMakeLists.txt","2758","734B2C7EFA66073F407CDDBD9C06D9DA10A9B29126099D57F6D4BACEB9A27253"
"03_往届冠军仓库快照\R099_github_rura-t_AscendOps\Trunc\op_kernel\trunc.cpp","5687","87E1D5097D063AF1D61033826F70B94EC92DD4DF1028464968F9BB0D34771D55"
"03_往届冠军仓库快照\R100_github_ShwStone_Ascend-S5\.git\config","300","EDC40096D8097401BBC17F2D6C7C56849F4D9937792C53EE2DA29A8B9D9829C6"
"03_往届冠军仓库快照\R100_github_ShwStone_Ascend-S5\.git\description","73","85AB6C163D43A17EA9CF7788308BCA1466F1B0A8D1CC92E26E9BF63DA4062AEE"
"03_往届冠军仓库快照\R100_github_ShwStone_Ascend-S5\.git\HEAD","21","28D25BF82AF4C0E2B72F50959B2BEB859E3E60B9630A5E8C603DAD4DDB2B6E80"
"03_往届冠军仓库快照\R100_github_ShwStone_Ascend-S5\.git\hooks\applypatch-msg.sample","478","0223497A0B8B033AA58A3A521B8629869386CF7AB0E2F101963D328AA62193F7"
"03_往届冠军仓库快照\R100_github_ShwStone_Ascend-S5\.git\hooks\commit-msg.sample","896","1F74D5E9292979B573EBD59741D46CB93FF391ACDD083D340B94370753D92437"
"03_往届冠军仓库快照\R100_github_ShwStone_Ascend-S5\.git\hooks\fsmonitor-watchman.sample","4726","E0549964E93897B519BD8E333C037E51FFF0F88BA13E086A331592BF801FA1D0"
"03_往届冠军仓库快照\R100_github_ShwStone_Ascend-S5\.git\hooks\post-update.sample","189","81765AF2DAEF323061DCBC5E61FC16481CB74B3BAC9AD8A174B186523586F6C5"
"03_往届冠军仓库快照\R100_github_ShwStone_Ascend-S5\.git\hooks\pre-applypatch.sample","424","E15C5B469EA3E0A695BEA6F2C82BCF8E62821074939DDD85B77E0007FF165475"
"03_往届冠军仓库快照\R100_github_ShwStone_Ascend-S5\.git\hooks\pre-commit.sample","1649","57185B7B9F05239D7AB52DB045F5B89EB31348D7B2177EAB214F5EB872E1971B"
"03_往届冠军仓库快照\R100_github_ShwStone_Ascend-S5\.git\hooks\pre-merge-commit.sample","416","D3825A70337940EBBD0A5C072984E13245920CDF8898BD225C8D27A6DFC9CB53"
"03_往届冠军仓库快照\R100_github_ShwStone_Ascend-S5\.git\hooks\pre-push.sample","1374","ECCE9C7E04D3F5DD9D8ADA81753DD1D549A9634B26770042B58DDA00217D086A"
"03_往届冠军仓库快照\R100_github_ShwStone_Ascend-S5\.git\hooks\pre-rebase.sample","4898","4FEBCE867790052338076F4E66CC47EFB14879D18097D1D61C8261859EAAA7B3"
"03_往届冠军仓库快照\R100_github_ShwStone_Ascend-S5\.git\hooks\pre-receive.sample","544","A4C3D2B9C7BB3FD8D1441C31BD4EE71A595D66B44FCF49DDB310252320169989"
"03_往届冠军仓库快照\R100_github_ShwStone_Ascend-S5\.git\hooks\prepare-commit-msg.sample","1492","E9DDCAA4189FDDD25ED97FC8C789ECA7B6CA16390B2392AE3276F0C8E1AA4619"
"03_往届冠军仓库快照\R100_github_ShwStone_Ascend-S5\.git\hooks\push-to-checkout.sample","2783","A53D0741798B287C6DD7AFA64AEE473F305E65D3F49463BB9D7408EC3B12BF5F"
"03_往届冠军仓库快照\R100_github_ShwStone_Ascend-S5\.git\hooks\sendemail-validate.sample","2308","44EBFC923DC5466BC009602F0ECF067B9C65459ABFE8868DDC49B78E6CED7A92"
"03_往届冠军仓库快照\R100_github_ShwStone_Ascend-S5\.git\hooks\update.sample","3650","8D5F2FA83E103CF08B57EAA67521DF9194F45CBDBCB37DA52AD586097A14D106"
"03_往届冠军仓库快照\R100_github_ShwStone_Ascend-S5\.git\index","14950","76CAE89FC0D47051F31EC3BA0E0813E43799CC0DD029DDCCF072462B0DB3E32C"
"03_往届冠军仓库快照\R100_github_ShwStone_Ascend-S5\.git\info\exclude","240","6671FE83B7A07C8932EE89164D1F2793B2318058EB8B98DC5C06EE0A5A3B0EC1"
"03_往届冠军仓库快照\R100_github_ShwStone_Ascend-S5\.git\logs\HEAD","185","3AEA53704E8F0386EB0839374F01101B7AF65EBDB7729D2298CB799EB08521C3"
"03_往届冠军仓库快照\R100_github_ShwStone_Ascend-S5\.git\logs\refs\heads\main","185","3AEA53704E8F0386EB0839374F01101B7AF65EBDB7729D2298CB799EB08521C3"
"03_往届冠军仓库快照\R100_github_ShwStone_Ascend-S5\.git\logs\refs\remotes\origin\HEAD","185","3AEA53704E8F0386EB0839374F01101B7AF65EBDB7729D2298CB799EB08521C3"
"03_往届冠军仓库快照\R100_github_ShwStone_Ascend-S5\.git\objects\pack\pack-7c3f11f7a63beee5ba5708b6585f8e236d4cc355.idx","5860","3658B8C6A3F135BEA98EAE8F29C68FF8C25C04593B0F75DDC369E209A99F47D9"
"03_往届冠军仓库快照\R100_github_ShwStone_Ascend-S5\.git\objects\pack\pack-7c3f11f7a63beee5ba5708b6585f8e236d4cc355.pack","196712","F2C5BEBDCD169B7F7FCE1FD726E22BF9FC0B452E4F88E9C636383D71FFD9445F"
"03_往届冠军仓库快照\R100_github_ShwStone_Ascend-S5\.git\objects\pack\pack-7c3f11f7a63beee5ba5708b6585f8e236d4cc355.rev","736","4BC729E0DB4D6F22ECF1E0453B2F31BC4BF8E8F33D578308BAD8ED459EEA9DC8"
"03_往届冠军仓库快照\R100_github_ShwStone_Ascend-S5\.git\packed-refs","112","6B0D8F32E30B9686514F6CAF07BC62015C2540657FB1C52A88F2E05CA8484BB4"
"03_往届冠军仓库快照\R100_github_ShwStone_Ascend-S5\.git\refs\heads\main","41","38EC3C8F45636731CB3DE2A86D371CF145A65A4222F54BF5240CEB93225191AD"
"03_往届冠军仓库快照\R100_github_ShwStone_Ascend-S5\.git\refs\remotes\origin\HEAD","30","2BB6A24AA0FC6C484100F5D51A29BBAD841CD2C755F5D93FAA204E5DBB4EB2B4"
"03_往届冠军仓库快照\R100_github_ShwStone_Ascend-S5\.gitignore","26","2AB88D2012C6AF92D080397CA768A60C50777C0DF5622F7A1E1C7B9CB58967CC"
"03_往届冠军仓库快照\R100_github_ShwStone_Ascend-S5\BitwiseLeftShift.json","1438","EF5F005935E05EBEB9E8581FF966A020612B5B9AB6295582C87A1215D41CB6B8"
"03_往届冠军仓库快照\R100_github_ShwStone_Ascend-S5\BitwiseLeftShift\build.sh","2326","0A0B0DFA0813B4960898E272DFBC8FBA05E9D7A7502BA0EDDBDD7888E8CDD9C6"
"03_往届冠军仓库快照\R100_github_ShwStone_Ascend-S5\BitwiseLeftShift\cmake\config.cmake","2110","55673A4E044FCD4A48F091178419BFC66A623510589D1C47BA2A339BACF2CFB4"
"03_往届冠军仓库快照\R100_github_ShwStone_Ascend-S5\BitwiseLeftShift\cmake\device_task.cmake","1364","3452CC47D661D636E23C84E26A3E2D07FD29F64C9D7729CEBE1221A5F5C247EC"
"03_往届冠军仓库快照\R100_github_ShwStone_Ascend-S5\BitwiseLeftShift\cmake\func.cmake","17515","FAF9CA84C4AA2B1FC5123B1E4878C62F210F2B8900DCEF4D6A931D7DA2CF488A"
"03_往届冠军仓库快照\R100_github_ShwStone_Ascend-S5\BitwiseLeftShift\cmake\intf.cmake","1061","0C2533D6A98259B396930252585C65F1CD582D667171F20AFA4759FCDEB2C5A5"
"03_往届冠军仓库快照\R100_github_ShwStone_Ascend-S5\BitwiseLeftShift\cmake\makeself.cmake","1411","E417E77228AE18A82CF2D551D63CBA5B8E001069DE18ECE287597D6E043B9573"
"03_往届冠军仓库快照\R100_github_ShwStone_Ascend-S5\BitwiseLeftShift\cmake\util\__init__.py","158","3F8B7683A736D7274A9A5B95FA7AF6DBDE368599C327336EAADE4059BE3C850F"
"03_往届冠军仓库快照\R100_github_ShwStone_Ascend-S5\BitwiseLeftShift\cmake\util\__pycache__\ascendc_bin_param_build.cpython-39.pyc","15234","48EF0EA445DF1F66B13C7581B2920FCDC070CEC9B8F001110FA25ACE1D240523"
"03_往届冠军仓库快照\R100_github_ShwStone_Ascend-S5\BitwiseLeftShift\cmake\util\__pycache__\ascendc_impl_build.cpython-39.pyc","24410","3317F7206A2CD104E9EB24678010902AB2E99809EBC6D0E05F2BC7B300BDB53A"
"03_往届冠军仓库快照\R100_github_ShwStone_Ascend-S5\BitwiseLeftShift\cmake\util\__pycache__\ascendc_op_info.cpython-39.pyc","1725","5FC1564868236F4DD4F93B3BB98F90B2DA6696B2AFEEC2860BAADFAD07F747B7"
"03_往届冠军仓库快照\R100_github_ShwStone_Ascend-S5\BitwiseLeftShift\cmake\util\__pycache__\const_var.cpython-39.pyc","1646","17F5686630F99503575774D36A242F52C30506E423069AEE12A86C2F36800126"
"03_往届冠军仓库快照\R100_github_ShwStone_Ascend-S5\BitwiseLeftShift\cmake\util\__pycache__\opdesc_parser.cpython-39.pyc","11231","ED0493A564C9FBDB0F01D3A6B801B7A95A8EC704398515B9ED4ECE308D61DBB7"
"03_往届冠军仓库快照\R100_github_ShwStone_Ascend-S5\BitwiseLeftShift\cmake\util\ascendc_bin_param_build.py","21488","5414E49F5154E7397C07D94EDFF6C0ECA72EB075AC157D0B4DDBCD1425751511"
"03_往届冠军仓库快照\R100_github_ShwStone_Ascend-S5\BitwiseLeftShift\cmake\util\ascendc_compile_kernel.py","9322","ED84D36CB4A1BF791113E4AA05CC6F1F6439AAFE08A390622089A7D52C482403"
"03_往届冠军仓库快照\R100_github_ShwStone_Ascend-S5\BitwiseLeftShift\cmake\util\ascendc_gen_options.py","3350","FBD8BC4332B2340FDB71F4BBAE452E93C3A54B43CEA86818643D9D9D61794D35"
"03_往届冠军仓库快照\R100_github_ShwStone_Ascend-S5\BitwiseLeftShift\cmake\util\ascendc_get_op_name.py","620","FCA6F6025A4ACBF41CA583D29D86B2E8BCAEAE7BA1930C94B9291BFA55800F53"
"03_往届冠军仓库快照\R100_github_ShwStone_Ascend-S5\BitwiseLeftShift\cmake\util\ascendc_impl_build.py","28353","4F3086C115B60D627C0081894A10E38D96EBD0149154A08BCBE064CDDBC162B3"
"03_往届冠军仓库快照\R100_github_ShwStone_Ascend-S5\BitwiseLeftShift\cmake\util\ascendc_op_info.py","1224","F2622F78079FAFC0B268FAE4227697143C042ACA009C3E8D0BBA6C38CD25368C"
"03_往届冠军仓库快照\R100_github_ShwStone_Ascend-S5\BitwiseLeftShift\cmake\util\ascendc_ops_config.py","10286","D5115115B7432FB649DF4087095325B043F42C46A035BDCAB0258D44F8835025"
"03_往届冠军仓库快照\R100_github_ShwStone_Ascend-S5\BitwiseLeftShift\cmake\util\ascendc_pack_kernel.py","9706","3CABC5970DF1BD7E3AC67D9199D27178AA3F9554CDD8C4269369DE900ACC77A7"
"03_往届冠军仓库快照\R100_github_ShwStone_Ascend-S5\BitwiseLeftShift\cmake\util\ascendc_pack_opregistry.py","12928","25E69163383C4F721A51CFD5509F7765F3AE5FA4FCF8BA6AF1B6203FD4D7AF2F"
"03_往届冠军仓库快照\R100_github_ShwStone_Ascend-S5\BitwiseLeftShift\cmake\util\ascendc_replay_build.py","2712","165C9FE01344DC57176004A21AB38A23DB4B1186FE60B1A5AF63E9D4EE0BE263"
"03_往届冠军仓库快照\R100_github_ShwStone_Ascend-S5\BitwiseLeftShift\cmake\util\batch_replay_impl.temp","3889","C1B37BD05B2BD1CBF093AF635F4B2F18540BF98ED7FF4B04C3287B1F1A0FCCE0"
"03_往届冠军仓库快照\R100_github_ShwStone_Ascend-S5\BitwiseLeftShift\cmake\util\code_channel_infer.py","1597","EA76DA48CC19A3CFB3E06EA25FF1DBD03039E4FBE7C2D3690F6FEBC6F0C90E1B"
"03_往届冠军仓库快照\R100_github_ShwStone_Ascend-S5\BitwiseLeftShift\cmake\util\const_var.py","1505","5769FF6128070F83BE6246019212F5930ABEDEA17A2A0D7AEC63C5B6659760B9"
"03_往届冠军仓库快照\R100_github_ShwStone_Ascend-S5\BitwiseLeftShift\cmake\util\gen_impl_and_mrege_json.sh","646","8E62E9A6C1F4D5691417B9B25A4B77BCA4E8ADF26B1D677E1EEE7B013121DE8D"
"03_往届冠军仓库快照\R100_github_ShwStone_Ascend-S5\BitwiseLeftShift\cmake\util\gen_ops_filter.sh","1506","CE87DD1E7FB96BD999C3DDC93CD36F29FBD6A3F3AB75E088C5FDDA1AFC3D3A28"
"03_往届冠军仓库快照\R100_github_ShwStone_Ascend-S5\BitwiseLeftShift\cmake\util\gen_version_info.sh","353","1871CFEF3DD083C81966A95F98C812A19DF8FE0A4C83DFC3CA5BA03DB6E65A9A"
"03_往届冠军仓库快照\R100_github_ShwStone_Ascend-S5\BitwiseLeftShift\cmake\util\insert_op_info.py","1098","A15BAB921F83F74CE42E828EC1D1DD3F4057823F48B44CB138F85ACD906472CB"
"03_往届冠军仓库快照\R100_github_ShwStone_Ascend-S5\BitwiseLeftShift\cmake\util\insert_simplified_keys.py","6668","A1A460FE71424FBD78EF188ECC09C3B76BC9DAA99AE2D48D342DC0128FFA134F"
"03_往届冠军仓库快照\R100_github_ShwStone_Ascend-S5\BitwiseLeftShift\cmake\util\kernel_entry.py","3947","9DF250FFEBB39AC528DB19D76CD1AFD852942AC81C41E48C02A6E3368B3DC7E5"
"03_往届冠军仓库快照\R100_github_ShwStone_Ascend-S5\BitwiseLeftShift\cmake\util\kernel_impl.temp","240","660B98F6111CDD71260984CA38CC289710012291A414E21C4CF1BABB2F1A4AD1"
"03_往届冠军仓库快照\R100_github_ShwStone_Ascend-S5\BitwiseLeftShift\cmake\util\makeself\COPYING","18431","189B1AF95D661151E054CEA10C91B3D754E4DE4D3FECFB074C1FB29476F7167B"
"03_往届冠军仓库快照\R100_github_ShwStone_Ascend-S5\BitwiseLeftShift\cmake\util\makeself\make-release.sh","349","FBD10A2882B5BF82A407E855F0F088E469F4D142AFDD7B3DFDCC808798E374B9"
"03_往届冠军仓库快照\R100_github_ShwStone_Ascend-S5\BitwiseLeftShift\cmake\util\makeself\makeself-header.sh","18618","93AE39674EC8EA07C00245F38CA18365B78787E10DF443049360C051B49B0A97"
"03_往届冠军仓库快照\R100_github_ShwStone_Ascend-S5\BitwiseLeftShift\cmake\util\makeself\makeself.1","3189","1518183932195173D43E85ABC10CFB10366B0A1E3FC61A2D6136B68A78AB15FE"
"03_往届冠军仓库快照\R100_github_ShwStone_Ascend-S5\BitwiseLeftShift\cmake\util\makeself\makeself.lsm","836","270D45704E0F94F39B67369371A063C4E793F4AF5996B273D30ABC281994C1D9"
"03_往届冠军仓库快照\R100_github_ShwStone_Ascend-S5\BitwiseLeftShift\cmake\util\makeself\makeself.sh","25787","40482E4E390F2F3E1C1E06250C31C36814F054DF5254A5CBDD2FE89FD70D9C2B"
"03_往届冠军仓库快照\R100_github_ShwStone_Ascend-S5\BitwiseLeftShift\cmake\util\makeself\README.md","22146","C12F14B92112511DE28B943EDDB8765D3D75D1AEDB23AA49442559C1BE273E4A"
"03_往届冠军仓库快照\R100_github_ShwStone_Ascend-S5\BitwiseLeftShift\cmake\util\makeself\run-tests.sh","192","A9E7846C51870CA216D9620416C29F82466172876909E382CD7600215E766292"
"03_往届冠军仓库快照\R100_github_ShwStone_Ascend-S5\BitwiseLeftShift\cmake\util\makeself\VERSION","7","6117CCF1F1DE058A9243D93A2A0FB0C13BFD3CD3D4DA8E8AAF3C85EABDBEF5B5"
"03_往届冠军仓库快照\R100_github_ShwStone_Ascend-S5\BitwiseLeftShift\cmake\util\merge_aicpu_info_json.sh","1143","AEFF13DF06A408A231344AFDB046A914B0319D95C02547F93E5357B64CDA23EB"
"03_往届冠军仓库快照\R100_github_ShwStone_Ascend-S5\BitwiseLeftShift\cmake\util\opdesc_parser.py","14595","E3CD4BFBCA992EF4E6DB4780D7189D0752540EFB385488E0B515A9C9CB9D0E49"
"03_往届冠军仓库快照\R100_github_ShwStone_Ascend-S5\BitwiseLeftShift\cmake\util\parse_ini_to_json.py","13195","FA25B699BB3EB603849CCCAB152C791F72FF83D246F366DD8F064E9165EAA247"
"03_往届冠军仓库快照\R100_github_ShwStone_Ascend-S5\BitwiseLeftShift\cmake\util\preset_parse.py","861","23C46E652B4411E735E7A6C10EE262E0508C41799E60660E60B5028F317535CB"
"03_往届冠军仓库快照\R100_github_ShwStone_Ascend-S5\BitwiseLeftShift\cmake\util\replay_codegen.py","4527","56F4EEA8AA8CEB6E44795AB8DC5785D3D1D608697385D190564399AC6DC56A18"
"03_往届冠军仓库快照\R100_github_ShwStone_Ascend-S5\BitwiseLeftShift\cmake\util\replay_impl.temp","4207","E66480E82316EEC24DDA34890235F281D0631CF13FBEC631788E586CA7B7B458"
"03_往届冠军仓库快照\R100_github_ShwStone_Ascend-S5\BitwiseLeftShift\cmake\util\tiling_data_def_build.py","4172","93089EA6995DE374AEDBDED2781A75C8F0D2501E691890F269A0E0454F9F55C8"
"03_往届冠军仓库快照\R100_github_ShwStone_Ascend-S5\BitwiseLeftShift\CMakeLists.txt","3307","8547C357858A1960295565B1A794B41E2CB475D4DEE5113C26CB7348D6AEFB55"
"03_往届冠军仓库快照\R100_github_ShwStone_Ascend-S5\BitwiseLeftShift\CMakePresets.json","2236","E0EC49825ED58508C033BA0F0136B806F14861B4168E73F00B5A3FC85BDFC229"
"03_往届冠军仓库快照\R100_github_ShwStone_Ascend-S5\BitwiseLeftShift\framework\CMakeLists.txt","396","2B9117B8865AB55A4C4018C86AD230F5C4AFDED78FBBEE939CB0385501C022B6"
"03_往届冠军仓库快照\R100_github_ShwStone_Ascend-S5\BitwiseLeftShift\framework\tf_plugin\CMakeLists.txt","593","632568F858CE5D11D8405EC4C32E23A6403F184247953721C447DB5BF98057C9"
"03_往届冠军仓库快照\R100_github_ShwStone_Ascend-S5\BitwiseLeftShift\framework\tf_plugin\tensorflow_bitwise_left_shift_plugin.cc","899","5DA37CDE17E1CC121436DF5047FEBA2579092F3A7CBFED9891387F3831B03F52"
"03_往届冠军仓库快照\R100_github_ShwStone_Ascend-S5\BitwiseLeftShift\op_host\bitwise_left_shift_tiling.h","576","370A8B69FC27EEF174CA065105BCC0F01C4B7B69C95839BA40C498F381F9ADD8"
"03_往届冠军仓库快照\R100_github_ShwStone_Ascend-S5\BitwiseLeftShift\op_host\bitwise_left_shift.cpp","6259","45DB92FC579D84D2619C0362F12E34268FFF86CBD5B95C010C638E2917CAD419"
"03_往届冠军仓库快照\R100_github_ShwStone_Ascend-S5\BitwiseLeftShift\op_host\CMakeLists.txt","6641","3F99E9B8934BF9C16722CC36EB95402AE05D12AE473A7F97F77F1ACA75121402"
"03_往届冠军仓库快照\R100_github_ShwStone_Ascend-S5\BitwiseLeftShift\op_kernel\bitwise_left_shift.cpp","23819","3032E25DBEFF1F6C121599DA23764014BEB6AAF37FFBB53C80EC204CFCA91F0A"
"03_往届冠军仓库快照\R100_github_ShwStone_Ascend-S5\BitwiseLeftShift\op_kernel\CMakeLists.txt","160","28DB4CC809D625D8A352D6078635873484A8D90CF5645711D0FD4FDC6AA6DA81"
"03_往届冠军仓库快照\R100_github_ShwStone_Ascend-S5\BitwiseLeftShift\scripts\help.info","81","27067F1EC0A23A694AE80EC4A05BC68415A284FBAF509B1A9CC0234035C61E5B"
"03_往届冠军仓库快照\R100_github_ShwStone_Ascend-S5\BitwiseLeftShift\scripts\install.sh","9881","02862BAF881E9EBFA0EB5F43BE11932391E2B1EDC1D6C1C508812B5410C04181"
"03_往届冠军仓库快照\R100_github_ShwStone_Ascend-S5\BitwiseLeftShift\scripts\upgrade.sh","4151","DDF117CFD96BF93194F66A8C4C7A298A263254107D1EFAE8F2081F0626E4C1F7"
"03_往届冠军仓库快照\R100_github_ShwStone_Ascend-S5\Copysign.json","1253","E85CB1C88046E6FA1C0676E8004B0E91D1A4CB3C97B9C5360CF67DB38553ECB1"
"03_往届冠军仓库快照\R100_github_ShwStone_Ascend-S5\Copysign\build.sh","1928","3A9D25ACDFC75831C84DB68AE9A637C1261B28E48912202734F875A81BC15801"
"03_往届冠军仓库快照\R100_github_ShwStone_Ascend-S5\Copysign\cmake\config.cmake","2123","B813BF9605C54563AFC7A189514D3B4A1170AA5348CA83CCC7417E65345295B1"
"03_往届冠军仓库快照\R100_github_ShwStone_Ascend-S5\Copysign\cmake\device_task.cmake","1364","3452CC47D661D636E23C84E26A3E2D07FD29F64C9D7729CEBE1221A5F5C247EC"
"03_往届冠军仓库快照\R100_github_ShwStone_Ascend-S5\Copysign\cmake\func.cmake","17515","FAF9CA84C4AA2B1FC5123B1E4878C62F210F2B8900DCEF4D6A931D7DA2CF488A"
"03_往届冠军仓库快照\R100_github_ShwStone_Ascend-S5\Copysign\cmake\intf.cmake","1061","0C2533D6A98259B396930252585C65F1CD582D667171F20AFA4759FCDEB2C5A5"
"03_往届冠军仓库快照\R100_github_ShwStone_Ascend-S5\Copysign\cmake\makeself.cmake","1411","E417E77228AE18A82CF2D551D63CBA5B8E001069DE18ECE287597D6E043B9573"
"03_往届冠军仓库快照\R100_github_ShwStone_Ascend-S5\Copysign\cmake\util\__init__.py","158","3F8B7683A736D7274A9A5B95FA7AF6DBDE368599C327336EAADE4059BE3C850F"
"03_往届冠军仓库快照\R100_github_ShwStone_Ascend-S5\Copysign\cmake\util\__pycache__\ascendc_bin_param_build.cpython-39.pyc","15226","E8411E5BC17721BF0ADD34093E13ECFAE6171E94C4CD2F64B5ABE0E5244C4EE2"
"03_往届冠军仓库快照\R100_github_ShwStone_Ascend-S5\Copysign\cmake\util\__pycache__\ascendc_impl_build.cpython-39.pyc","24402","C7DC343D9066BDF560D68A1FEAFB7DE7F2DC9A122D9615E69B58FD53607D42F2"
"03_往届冠军仓库快照\R100_github_ShwStone_Ascend-S5\Copysign\cmake\util\__pycache__\ascendc_op_info.cpython-39.pyc","1717","E5463F28B3B2856FE4BF53E6ACD034D9E802FB7496B5A57EE99867BFDA7BD9CE"
"03_往届冠军仓库快照\R100_github_ShwStone_Ascend-S5\Copysign\cmake\util\__pycache__\const_var.cpython-39.pyc","1638","CB07A7E738FA9FAC1407288658C983558C504A726A3A8DB0E7D29BAD88489748"
"03_往届冠军仓库快照\R100_github_ShwStone_Ascend-S5\Copysign\cmake\util\__pycache__\opdesc_parser.cpython-39.pyc","11223","9668E2C176BCC593F3ACDA4E7624170B64795070B9B726EF12952B479579BFC4"
"03_往届冠军仓库快照\R100_github_ShwStone_Ascend-S5\Copysign\cmake\util\ascendc_bin_param_build.py","21488","5414E49F5154E7397C07D94EDFF6C0ECA72EB075AC157D0B4DDBCD1425751511"
"03_往届冠军仓库快照\R100_github_ShwStone_Ascend-S5\Copysign\cmake\util\ascendc_compile_kernel.py","9322","ED84D36CB4A1BF791113E4AA05CC6F1F6439AAFE08A390622089A7D52C482403"
"03_往届冠军仓库快照\R100_github_ShwStone_Ascend-S5\Copysign\cmake\util\ascendc_gen_options.py","3350","FBD8BC4332B2340FDB71F4BBAE452E93C3A54B43CEA86818643D9D9D61794D35"
"03_往届冠军仓库快照\R100_github_ShwStone_Ascend-S5\Copysign\cmake\util\ascendc_get_op_name.py","620","FCA6F6025A4ACBF41CA583D29D86B2E8BCAEAE7BA1930C94B9291BFA55800F53"
"03_往届冠军仓库快照\R100_github_ShwStone_Ascend-S5\Copysign\cmake\util\ascendc_impl_build.py","28353","4F3086C115B60D627C0081894A10E38D96EBD0149154A08BCBE064CDDBC162B3"
"03_往届冠军仓库快照\R100_github_ShwStone_Ascend-S5\Copysign\cmake\util\ascendc_op_info.py","1224","F2622F78079FAFC0B268FAE4227697143C042ACA009C3E8D0BBA6C38CD25368C"
"03_往届冠军仓库快照\R100_github_ShwStone_Ascend-S5\Copysign\cmake\util\ascendc_ops_config.py","10286","D5115115B7432FB649DF4087095325B043F42C46A035BDCAB0258D44F8835025"
"03_往届冠军仓库快照\R100_github_ShwStone_Ascend-S5\Copysign\cmake\util\ascendc_pack_kernel.py","9706","3CABC5970DF1BD7E3AC67D9199D27178AA3F9554CDD8C4269369DE900ACC77A7"
"03_往届冠军仓库快照\R100_github_ShwStone_Ascend-S5\Copysign\cmake\util\ascendc_pack_opregistry.py","12928","25E69163383C4F721A51CFD5509F7765F3AE5FA4FCF8BA6AF1B6203FD4D7AF2F"
"03_往届冠军仓库快照\R100_github_ShwStone_Ascend-S5\Copysign\cmake\util\ascendc_replay_build.py","2712","165C9FE01344DC57176004A21AB38A23DB4B1186FE60B1A5AF63E9D4EE0BE263"
"03_往届冠军仓库快照\R100_github_ShwStone_Ascend-S5\Copysign\cmake\util\batch_replay_impl.temp","3889","C1B37BD05B2BD1CBF093AF635F4B2F18540BF98ED7FF4B04C3287B1F1A0FCCE0"
"03_往届冠军仓库快照\R100_github_ShwStone_Ascend-S5\Copysign\cmake\util\code_channel_infer.py","1597","EA76DA48CC19A3CFB3E06EA25FF1DBD03039E4FBE7C2D3690F6FEBC6F0C90E1B"
"03_往届冠军仓库快照\R100_github_ShwStone_Ascend-S5\Copysign\cmake\util\const_var.py","1505","5769FF6128070F83BE6246019212F5930ABEDEA17A2A0D7AEC63C5B6659760B9"
"03_往届冠军仓库快照\R100_github_ShwStone_Ascend-S5\Copysign\cmake\util\gen_impl_and_mrege_json.sh","646","8E62E9A6C1F4D5691417B9B25A4B77BCA4E8ADF26B1D677E1EEE7B013121DE8D"
"03_往届冠军仓库快照\R100_github_ShwStone_Ascend-S5\Copysign\cmake\util\gen_ops_filter.sh","1506","CE87DD1E7FB96BD999C3DDC93CD36F29FBD6A3F3AB75E088C5FDDA1AFC3D3A28"
"03_往届冠军仓库快照\R100_github_ShwStone_Ascend-S5\Copysign\cmake\util\gen_version_info.sh","353","1871CFEF3DD083C81966A95F98C812A19DF8FE0A4C83DFC3CA5BA03DB6E65A9A"
"03_往届冠军仓库快照\R100_github_ShwStone_Ascend-S5\Copysign\cmake\util\insert_op_info.py","1098","A15BAB921F83F74CE42E828EC1D1DD3F4057823F48B44CB138F85ACD906472CB"
"03_往届冠军仓库快照\R100_github_ShwStone_Ascend-S5\Copysign\cmake\util\insert_simplified_keys.py","6668","A1A460FE71424FBD78EF188ECC09C3B76BC9DAA99AE2D48D342DC0128FFA134F"
"03_往届冠军仓库快照\R100_github_ShwStone_Ascend-S5\Copysign\cmake\util\kernel_entry.py","3947","9DF250FFEBB39AC528DB19D76CD1AFD852942AC81C41E48C02A6E3368B3DC7E5"
"03_往届冠军仓库快照\R100_github_ShwStone_Ascend-S5\Copysign\cmake\util\kernel_impl.temp","240","660B98F6111CDD71260984CA38CC289710012291A414E21C4CF1BABB2F1A4AD1"
"03_往届冠军仓库快照\R100_github_ShwStone_Ascend-S5\Copysign\cmake\util\makeself\COPYING","18431","189B1AF95D661151E054CEA10C91B3D754E4DE4D3FECFB074C1FB29476F7167B"
"03_往届冠军仓库快照\R100_github_ShwStone_Ascend-S5\Copysign\cmake\util\makeself\make-release.sh","349","FBD10A2882B5BF82A407E855F0F088E469F4D142AFDD7B3DFDCC808798E374B9"
"03_往届冠军仓库快照\R100_github_ShwStone_Ascend-S5\Copysign\cmake\util\makeself\makeself-header.sh","18618","93AE39674EC8EA07C00245F38CA18365B78787E10DF443049360C051B49B0A97"
"03_往届冠军仓库快照\R100_github_ShwStone_Ascend-S5\Copysign\cmake\util\makeself\makeself.1","3189","1518183932195173D43E85ABC10CFB10366B0A1E3FC61A2D6136B68A78AB15FE"
"03_往届冠军仓库快照\R100_github_ShwStone_Ascend-S5\Copysign\cmake\util\makeself\makeself.lsm","836","270D45704E0F94F39B67369371A063C4E793F4AF5996B273D30ABC281994C1D9"
"03_往届冠军仓库快照\R100_github_ShwStone_Ascend-S5\Copysign\cmake\util\makeself\makeself.sh","25787","40482E4E390F2F3E1C1E06250C31C36814F054DF5254A5CBDD2FE89FD70D9C2B"
"03_往届冠军仓库快照\R100_github_ShwStone_Ascend-S5\Copysign\cmake\util\makeself\README.md","22146","C12F14B92112511DE28B943EDDB8765D3D75D1AEDB23AA49442559C1BE273E4A"
"03_往届冠军仓库快照\R100_github_ShwStone_Ascend-S5\Copysign\cmake\util\makeself\run-tests.sh","192","A9E7846C51870CA216D9620416C29F82466172876909E382CD7600215E766292"
"03_往届冠军仓库快照\R100_github_ShwStone_Ascend-S5\Copysign\cmake\util\makeself\VERSION","7","6117CCF1F1DE058A9243D93A2A0FB0C13BFD3CD3D4DA8E8AAF3C85EABDBEF5B5"
"03_往届冠军仓库快照\R100_github_ShwStone_Ascend-S5\Copysign\cmake\util\merge_aicpu_info_json.sh","1143","AEFF13DF06A408A231344AFDB046A914B0319D95C02547F93E5357B64CDA23EB"
"03_往届冠军仓库快照\R100_github_ShwStone_Ascend-S5\Copysign\cmake\util\opdesc_parser.py","14595","E3CD4BFBCA992EF4E6DB4780D7189D0752540EFB385488E0B515A9C9CB9D0E49"
"03_往届冠军仓库快照\R100_github_ShwStone_Ascend-S5\Copysign\cmake\util\parse_ini_to_json.py","13195","FA25B699BB3EB603849CCCAB152C791F72FF83D246F366DD8F064E9165EAA247"
"03_往届冠军仓库快照\R100_github_ShwStone_Ascend-S5\Copysign\cmake\util\preset_parse.py","861","23C46E652B4411E735E7A6C10EE262E0508C41799E60660E60B5028F317535CB"
"03_往届冠军仓库快照\R100_github_ShwStone_Ascend-S5\Copysign\cmake\util\replay_codegen.py","4527","56F4EEA8AA8CEB6E44795AB8DC5785D3D1D608697385D190564399AC6DC56A18"
"03_往届冠军仓库快照\R100_github_ShwStone_Ascend-S5\Copysign\cmake\util\replay_impl.temp","4207","E66480E82316EEC24DDA34890235F281D0631CF13FBEC631788E586CA7B7B458"
"03_往届冠军仓库快照\R100_github_ShwStone_Ascend-S5\Copysign\cmake\util\tiling_data_def_build.py","4172","93089EA6995DE374AEDBDED2781A75C8F0D2501E691890F269A0E0454F9F55C8"
"03_往届冠军仓库快照\R100_github_ShwStone_Ascend-S5\Copysign\CMakeLists.txt","3307","8547C357858A1960295565B1A794B41E2CB475D4DEE5113C26CB7348D6AEFB55"
"03_往届冠军仓库快照\R100_github_ShwStone_Ascend-S5\Copysign\CMakePresets.json","2228","3FD928EF89B9591B4ED818CD3497A94CA7105482057A7933BA9D4F3DEEF31136"
"03_往届冠军仓库快照\R100_github_ShwStone_Ascend-S5\Copysign\framework\CMakeLists.txt","396","2B9117B8865AB55A4C4018C86AD230F5C4AFDED78FBBEE939CB0385501C022B6"
"03_往届冠军仓库快照\R100_github_ShwStone_Ascend-S5\Copysign\framework\tf_plugin\CMakeLists.txt","593","632568F858CE5D11D8405EC4C32E23A6403F184247953721C447DB5BF98057C9"
"03_往届冠军仓库快照\R100_github_ShwStone_Ascend-S5\Copysign\framework\tf_plugin\tensorflow_copysign_plugin.cc","883","BD10051A183CB59BB536FD7C2ACF44AAC5D44DEC4AECFB232F36A94503840252"
"03_往届冠军仓库快照\R100_github_ShwStone_Ascend-S5\Copysign\op_host\CMakeLists.txt","6641","3F99E9B8934BF9C16722CC36EB95402AE05D12AE473A7F97F77F1ACA75121402"
"03_往届冠军仓库快照\R100_github_ShwStone_Ascend-S5\Copysign\op_host\copysign_tiling.h","680","59AA3B7370050BFF9E6968A56832FB777395E8E20AF6256EDA3111FB183149FD"
"03_往届冠军仓库快照\R100_github_ShwStone_Ascend-S5\Copysign\op_host\copysign.cpp","6260","7299DF88C9D4D1864285F0404ED7E130A23099B1C40EB2674C7614762E268DAD"
"03_往届冠军仓库快照\R100_github_ShwStone_Ascend-S5\Copysign\op_kernel\CMakeLists.txt","160","28DB4CC809D625D8A352D6078635873484A8D90CF5645711D0FD4FDC6AA6DA81"
"03_往届冠军仓库快照\R100_github_ShwStone_Ascend-S5\Copysign\op_kernel\copysign.cpp","24700","AFD5854CAF0B6C785E5D1072BA91EDCE3980BDDEC8BA786E76C64C5119EB1CDD"
"03_往届冠军仓库快照\R100_github_ShwStone_Ascend-S5\Copysign\scripts\help.info","81","27067F1EC0A23A694AE80EC4A05BC68415A284FBAF509B1A9CC0234035C61E5B"
"03_往届冠军仓库快照\R100_github_ShwStone_Ascend-S5\Copysign\scripts\install.sh","9881","02862BAF881E9EBFA0EB5F43BE11932391E2B1EDC1D6C1C508812B5410C04181"
"03_往届冠军仓库快照\R100_github_ShwStone_Ascend-S5\Copysign\scripts\upgrade.sh","4151","DDF117CFD96BF93194F66A8C4C7A298A263254107D1EFAE8F2081F0626E4C1F7"
"03_往届冠军仓库快照\R100_github_ShwStone_Ascend-S5\create.sh","135","32827D5E44D34772380F4B99DA8CC052F96A13B55F8D489F564729D0E2B4CD3B"
"03_往届冠军仓库快照\R100_github_ShwStone_Ascend-S5\images\bfloat16.png","6742","667DAA4D93D47E9400371EE9086D0E518FC8859E9AA8CAD6556EC43A5F4EDCBA"
"03_往届冠军仓库快照\R100_github_ShwStone_Ascend-S5\images\copysign-formular.png","20054","680AAD7C95C0E04354126BA7BA8F6E514E76C82DC92FA25387CE5D6A7402292A"
"03_往届冠军仓库快照\R100_github_ShwStone_Ascend-S5\images\Copysign.png","21671","CB73E4A80CFCF9C852F947D0768D296549230E442A01E16BA064285B3E9AD494"
"03_往届冠军仓库快照\R100_github_ShwStone_Ascend-S5\images\half.png","7104","C823A3B0F31E92D3AFA001562C0242B944F831BDB8ACD34AC5B45BCE617A5550"
"03_往届冠军仓库快照\R100_github_ShwStone_Ascend-S5\LICENSE","11558","1EB85FC97224598DAD1852B5D6483BBCF0AA8608790DCC657A5A2A761AE9C8C6"
"03_往届冠军仓库快照\R100_github_ShwStone_Ascend-S5\README.md","12540","A94D03C12B9601B2ABEB017531298032A874140735D52DB142BF5D077B66DD68"
"03_往届冠军仓库快照\R101_github_sunkafei_ascend-operator-challenge-final\.git\config","322","4EA254E4535EB77ECCDE38CEF710CD77F88EB3C7EAF1F6BEE83238426C21224A"
"03_往届冠军仓库快照\R101_github_sunkafei_ascend-operator-challenge-final\.git\description","73","85AB6C163D43A17EA9CF7788308BCA1466F1B0A8D1CC92E26E9BF63DA4062AEE"
"03_往届冠军仓库快照\R101_github_sunkafei_ascend-operator-challenge-final\.git\HEAD","21","28D25BF82AF4C0E2B72F50959B2BEB859E3E60B9630A5E8C603DAD4DDB2B6E80"
"03_往届冠军仓库快照\R101_github_sunkafei_ascend-operator-challenge-final\.git\hooks\applypatch-msg.sample","478","0223497A0B8B033AA58A3A521B8629869386CF7AB0E2F101963D328AA62193F7"
"03_往届冠军仓库快照\R101_github_sunkafei_ascend-operator-challenge-final\.git\hooks\commit-msg.sample","896","1F74D5E9292979B573EBD59741D46CB93FF391ACDD083D340B94370753D92437"
"03_往届冠军仓库快照\R101_github_sunkafei_ascend-operator-challenge-final\.git\hooks\fsmonitor-watchman.sample","4726","E0549964E93897B519BD8E333C037E51FFF0F88BA13E086A331592BF801FA1D0"
"03_往届冠军仓库快照\R101_github_sunkafei_ascend-operator-challenge-final\.git\hooks\post-update.sample","189","81765AF2DAEF323061DCBC5E61FC16481CB74B3BAC9AD8A174B186523586F6C5"
"03_往届冠军仓库快照\R101_github_sunkafei_ascend-operator-challenge-final\.git\hooks\pre-applypatch.sample","424","E15C5B469EA3E0A695BEA6F2C82BCF8E62821074939DDD85B77E0007FF165475"
"03_往届冠军仓库快照\R101_github_sunkafei_ascend-operator-challenge-final\.git\hooks\pre-commit.sample","1649","57185B7B9F05239D7AB52DB045F5B89EB31348D7B2177EAB214F5EB872E1971B"
"03_往届冠军仓库快照\R101_github_sunkafei_ascend-operator-challenge-final\.git\hooks\pre-merge-commit.sample","416","D3825A70337940EBBD0A5C072984E13245920CDF8898BD225C8D27A6DFC9CB53"
"03_往届冠军仓库快照\R101_github_sunkafei_ascend-operator-challenge-final\.git\hooks\pre-push.sample","1374","ECCE9C7E04D3F5DD9D8ADA81753DD1D549A9634B26770042B58DDA00217D086A"
"03_往届冠军仓库快照\R101_github_sunkafei_ascend-operator-challenge-final\.git\hooks\pre-rebase.sample","4898","4FEBCE867790052338076F4E66CC47EFB14879D18097D1D61C8261859EAAA7B3"
"03_往届冠军仓库快照\R101_github_sunkafei_ascend-operator-challenge-final\.git\hooks\pre-receive.sample","544","A4C3D2B9C7BB3FD8D1441C31BD4EE71A595D66B44FCF49DDB310252320169989"
"03_往届冠军仓库快照\R101_github_sunkafei_ascend-operator-challenge-final\.git\hooks\prepare-commit-msg.sample","1492","E9DDCAA4189FDDD25ED97FC8C789ECA7B6CA16390B2392AE3276F0C8E1AA4619"
"03_往届冠军仓库快照\R101_github_sunkafei_ascend-operator-challenge-final\.git\hooks\push-to-checkout.sample","2783","A53D0741798B287C6DD7AFA64AEE473F305E65D3F49463BB9D7408EC3B12BF5F"
"03_往届冠军仓库快照\R101_github_sunkafei_ascend-operator-challenge-final\.git\hooks\sendemail-validate.sample","2308","44EBFC923DC5466BC009602F0ECF067B9C65459ABFE8868DDC49B78E6CED7A92"
"03_往届冠军仓库快照\R101_github_sunkafei_ascend-operator-challenge-final\.git\hooks\update.sample","3650","8D5F2FA83E103CF08B57EAA67521DF9194F45CBDBCB37DA52AD586097A14D106"
"03_往届冠军仓库快照\R101_github_sunkafei_ascend-operator-challenge-final\.git\index","6425","AC08D70C1909C1E78C8B1D8C1A7D3017570E05AF42E9291DABD1EF6398591E0B"
"03_往届冠军仓库快照\R101_github_sunkafei_ascend-operator-challenge-final\.git\info\exclude","240","6671FE83B7A07C8932EE89164D1F2793B2318058EB8B98DC5C06EE0A5A3B0EC1"
"03_往届冠军仓库快照\R101_github_sunkafei_ascend-operator-challenge-final\.git\logs\HEAD","207","D1F4659594CD259AD8A5BB7ED006C8407500406BA3042F68A2CDC7D15A0FB9D3"
"03_往届冠军仓库快照\R101_github_sunkafei_ascend-operator-challenge-final\.git\logs\refs\heads\main","207","D1F4659594CD259AD8A5BB7ED006C8407500406BA3042F68A2CDC7D15A0FB9D3"
"03_往届冠军仓库快照\R101_github_sunkafei_ascend-operator-challenge-final\.git\logs\refs\remotes\origin\HEAD","207","D1F4659594CD259AD8A5BB7ED006C8407500406BA3042F68A2CDC7D15A0FB9D3"
"03_往届冠军仓库快照\R101_github_sunkafei_ascend-operator-challenge-final\.git\objects\pack\pack-609838ea386f4c9f9dfbc45b3b0617af62180629.idx","8576","9B1B88F91720A2540D345F4BD26E84D08DCC0CCF750B8D24FE97526191193409"
"03_往届冠军仓库快照\R101_github_sunkafei_ascend-operator-challenge-final\.git\objects\pack\pack-609838ea386f4c9f9dfbc45b3b0617af62180629.pack","116497","B05C5CE1727E395009BD9350A76CB7AB818040DB4549C9CB4099D4E7DFD66FD7"
"03_往届冠军仓库快照\R101_github_sunkafei_ascend-operator-challenge-final\.git\objects\pack\pack-609838ea386f4c9f9dfbc45b3b0617af62180629.rev","1124","6EED9EE5E49A1E310D6DDE7BFCDE39AFE29590F898000F202C0C4D6EE62EA020"
"03_往届冠军仓库快照\R101_github_sunkafei_ascend-operator-challenge-final\.git\packed-refs","378","42FA06F41E053DDAAB89EE820A2495914D3334F333B478310E02BE1AF0E4A97E"
"03_往届冠军仓库快照\R101_github_sunkafei_ascend-operator-challenge-final\.git\refs\heads\main","41","5161050269B7B58DD82EC9FE0DF4DD39ACC6AEBBAD51E46519725822B0FB5C26"
"03_往届冠军仓库快照\R101_github_sunkafei_ascend-operator-challenge-final\.git\refs\remotes\origin\HEAD","30","2BB6A24AA0FC6C484100F5D51A29BBAD841CD2C755F5D93FAA204E5DBB4EB2B4"
"03_往届冠军仓库快照\R101_github_sunkafei_ascend-operator-challenge-final\.gitignore","216","0A67FCD1545660E9564CEECFA7735B160834BECCFA5B5CE50B706B28BA230DD3"
"03_往届冠军仓库快照\R101_github_sunkafei_ascend-operator-challenge-final\.vscode\settings.json","1174","CFF5E60392E300BB0E27F6A42596A6B99576A30CC7BFF2153916B6E4F220E065"
"03_往届冠军仓库快照\R101_github_sunkafei_ascend-operator-challenge-final\Case\common\pytorch_npu_helper.hpp","23645","0CEF79DA17674A0E68B56091BB4D26FA77806CE5B04E9CAE52079692821DA395"
"03_往届冠军仓库快照\R101_github_sunkafei_ascend-operator-challenge-final\Case\extension\custom_op.cpp","1257","6D5257B3BFEE34837E24468F71D4B962DCA23030C6D9284C04B6F8C3BBA32207"
"03_往届冠军仓库快照\R101_github_sunkafei_ascend-operator-challenge-final\Case\fusion_result.json","4","74234E98AFE7498FB5DAF1F36AC2D78ACC339464F950703B8C019892F982B90B"
"03_往届冠军仓库快照\R101_github_sunkafei_ascend-operator-challenge-final\Case\get_time.py","782","A223697B4DDDEFB587A9A29E4FD85DFE88794082B7A2AED83E6F5F23234ED606"
"03_往届冠军仓库快照\R101_github_sunkafei_ascend-operator-challenge-final\Case\run.sh","968","343034FC901D25155B633B28D32E4E197649C24CECAFD80DECDA219896510E30"
"03_往届冠军仓库快照\R101_github_sunkafei_ascend-operator-challenge-final\Case\setup.py","790","6826B7E7D048502FFBA87282BA1DA669458DDDEF61C8B114BF988AC72F0C0DF6"
"03_往届冠军仓库快照\R101_github_sunkafei_ascend-operator-challenge-final\Case\test_op.py","2666","6CB8C6C5EEBD47354E0E4385576008CA2A2BAFAD236089496D3EF86E194BFF3C"
"03_往届冠军仓库快照\R101_github_sunkafei_ascend-operator-challenge-final\Gcd.json","994","E6337777B85DBEA777909CC1FA50AA76B93A3BFA01D5A6E33A44096CF7079179"
"03_往届冠军仓库快照\R101_github_sunkafei_ascend-operator-challenge-final\Gcd\build.sh","2707","B7AC6755E9B89CBFEDA9CC450F4D96930DF2A7CD573283F032D40358FF0E075B"
"03_往届冠军仓库快照\R101_github_sunkafei_ascend-operator-challenge-final\Gcd\cmake\config.cmake","1362","D47496C06D8A1E69BAE74E6CFAC6F130ED436BC1252A9C4C56D9893C9FA09FCE"
"03_往届冠军仓库快照\R101_github_sunkafei_ascend-operator-challenge-final\Gcd\cmake\func.cmake","9720","D62D7295F92B883696871DA3291BF89CB01304BC9CE55A3418E2E45ACA849FD7"
"03_往届冠军仓库快照\R101_github_sunkafei_ascend-operator-challenge-final\Gcd\cmake\intf.cmake","1061","0C2533D6A98259B396930252585C65F1CD582D667171F20AFA4759FCDEB2C5A5"
"03_往届冠军仓库快照\R101_github_sunkafei_ascend-operator-challenge-final\Gcd\cmake\makeself.cmake","1411","E417E77228AE18A82CF2D551D63CBA5B8E001069DE18ECE287597D6E043B9573"
"03_往届冠军仓库快照\R101_github_sunkafei_ascend-operator-challenge-final\Gcd\cmake\util\__init__.py","158","3F8B7683A736D7274A9A5B95FA7AF6DBDE368599C327336EAADE4059BE3C850F"
"03_往届冠军仓库快照\R101_github_sunkafei_ascend-operator-challenge-final\Gcd\cmake\util\ascendc_bin_param_build.py","21488","5414E49F5154E7397C07D94EDFF6C0ECA72EB075AC157D0B4DDBCD1425751511"
"03_往届冠军仓库快照\R101_github_sunkafei_ascend-operator-challenge-final\Gcd\cmake\util\ascendc_gen_options.py","3350","FBD8BC4332B2340FDB71F4BBAE452E93C3A54B43CEA86818643D9D9D61794D35"
"03_往届冠军仓库快照\R101_github_sunkafei_ascend-operator-challenge-final\Gcd\cmake\util\ascendc_impl_build.py","28353","4F3086C115B60D627C0081894A10E38D96EBD0149154A08BCBE064CDDBC162B3"
"03_往届冠军仓库快照\R101_github_sunkafei_ascend-operator-challenge-final\Gcd\cmake\util\ascendc_ops_config.py","10286","D5115115B7432FB649DF4087095325B043F42C46A035BDCAB0258D44F8835025"
"03_往届冠军仓库快照\R101_github_sunkafei_ascend-operator-challenge-final\Gcd\cmake\util\ascendc_replay_build.py","2712","165C9FE01344DC57176004A21AB38A23DB4B1186FE60B1A5AF63E9D4EE0BE263"
"03_往届冠军仓库快照\R101_github_sunkafei_ascend-operator-challenge-final\Gcd\cmake\util\batch_replay_impl.temp","3889","C1B37BD05B2BD1CBF093AF635F4B2F18540BF98ED7FF4B04C3287B1F1A0FCCE0"
"03_往届冠军仓库快照\R101_github_sunkafei_ascend-operator-challenge-final\Gcd\cmake\util\code_channel_infer.py","1597","EA76DA48CC19A3CFB3E06EA25FF1DBD03039E4FBE7C2D3690F6FEBC6F0C90E1B"
"03_往届冠军仓库快照\R101_github_sunkafei_ascend-operator-challenge-final\Gcd\cmake\util\const_var.py","1505","5769FF6128070F83BE6246019212F5930ABEDEA17A2A0D7AEC63C5B6659760B9"
"03_往届冠军仓库快照\R101_github_sunkafei_ascend-operator-challenge-final\Gcd\cmake\util\gen_impl_and_mrege_json.sh","646","8E62E9A6C1F4D5691417B9B25A4B77BCA4E8ADF26B1D677E1EEE7B013121DE8D"
"03_往届冠军仓库快照\R101_github_sunkafei_ascend-operator-challenge-final\Gcd\cmake\util\gen_ops_filter.sh","1506","CE87DD1E7FB96BD999C3DDC93CD36F29FBD6A3F3AB75E088C5FDDA1AFC3D3A28"
"03_往届冠军仓库快照\R101_github_sunkafei_ascend-operator-challenge-final\Gcd\cmake\util\gen_version_info.sh","353","1871CFEF3DD083C81966A95F98C812A19DF8FE0A4C83DFC3CA5BA03DB6E65A9A"
"03_往届冠军仓库快照\R101_github_sunkafei_ascend-operator-challenge-final\Gcd\cmake\util\insert_op_info.py","1098","A15BAB921F83F74CE42E828EC1D1DD3F4057823F48B44CB138F85ACD906472CB"
"03_往届冠军仓库快照\R101_github_sunkafei_ascend-operator-challenge-final\Gcd\cmake\util\insert_simplified_keys.py","6668","A1A460FE71424FBD78EF188ECC09C3B76BC9DAA99AE2D48D342DC0128FFA134F"
"03_往届冠军仓库快照\R101_github_sunkafei_ascend-operator-challenge-final\Gcd\cmake\util\kernel_entry.py","3947","9DF250FFEBB39AC528DB19D76CD1AFD852942AC81C41E48C02A6E3368B3DC7E5"
"03_往届冠军仓库快照\R101_github_sunkafei_ascend-operator-challenge-final\Gcd\cmake\util\kernel_impl.temp","240","660B98F6111CDD71260984CA38CC289710012291A414E21C4CF1BABB2F1A4AD1"
"03_往届冠军仓库快照\R101_github_sunkafei_ascend-operator-challenge-final\Gcd\cmake\util\makeself\COPYING","18431","189B1AF95D661151E054CEA10C91B3D754E4DE4D3FECFB074C1FB29476F7167B"
"03_往届冠军仓库快照\R101_github_sunkafei_ascend-operator-challenge-final\Gcd\cmake\util\makeself\make-release.sh","349","FBD10A2882B5BF82A407E855F0F088E469F4D142AFDD7B3DFDCC808798E374B9"
"03_往届冠军仓库快照\R101_github_sunkafei_ascend-operator-challenge-final\Gcd\cmake\util\makeself\makeself-header.sh","18618","93AE39674EC8EA07C00245F38CA18365B78787E10DF443049360C051B49B0A97"
"03_往届冠军仓库快照\R101_github_sunkafei_ascend-operator-challenge-final\Gcd\cmake\util\makeself\makeself.1","3189","1518183932195173D43E85ABC10CFB10366B0A1E3FC61A2D6136B68A78AB15FE"
"03_往届冠军仓库快照\R101_github_sunkafei_ascend-operator-challenge-final\Gcd\cmake\util\makeself\makeself.lsm","836","270D45704E0F94F39B67369371A063C4E793F4AF5996B273D30ABC281994C1D9"
"03_往届冠军仓库快照\R101_github_sunkafei_ascend-operator-challenge-final\Gcd\cmake\util\makeself\makeself.sh","25787","40482E4E390F2F3E1C1E06250C31C36814F054DF5254A5CBDD2FE89FD70D9C2B"
"03_往届冠军仓库快照\R101_github_sunkafei_ascend-operator-challenge-final\Gcd\cmake\util\makeself\README.md","22146","C12F14B92112511DE28B943EDDB8765D3D75D1AEDB23AA49442559C1BE273E4A"
"03_往届冠军仓库快照\R101_github_sunkafei_ascend-operator-challenge-final\Gcd\cmake\util\makeself\run-tests.sh","192","A9E7846C51870CA216D9620416C29F82466172876909E382CD7600215E766292"
"03_往届冠军仓库快照\R101_github_sunkafei_ascend-operator-challenge-final\Gcd\cmake\util\makeself\VERSION","7","6117CCF1F1DE058A9243D93A2A0FB0C13BFD3CD3D4DA8E8AAF3C85EABDBEF5B5"
"03_往届冠军仓库快照\R101_github_sunkafei_ascend-operator-challenge-final\Gcd\cmake\util\merge_aicpu_info_json.sh","1143","AEFF13DF06A408A231344AFDB046A914B0319D95C02547F93E5357B64CDA23EB"
"03_往届冠军仓库快照\R101_github_sunkafei_ascend-operator-challenge-final\Gcd\cmake\util\opdesc_parser.py","14527","5FE25154FF62E9FE1DD3D6F517B0E2A03C1F7FCA148C57C402444BDD67B300D4"
"03_往届冠军仓库快照\R101_github_sunkafei_ascend-operator-challenge-final\Gcd\cmake\util\parse_ini_to_json.py","13195","FA25B699BB3EB603849CCCAB152C791F72FF83D246F366DD8F064E9165EAA247"
"03_往届冠军仓库快照\R101_github_sunkafei_ascend-operator-challenge-final\Gcd\cmake\util\preset_parse.py","861","23C46E652B4411E735E7A6C10EE262E0508C41799E60660E60B5028F317535CB"
"03_往届冠军仓库快照\R101_github_sunkafei_ascend-operator-challenge-final\Gcd\cmake\util\replay_codegen.py","4527","56F4EEA8AA8CEB6E44795AB8DC5785D3D1D608697385D190564399AC6DC56A18"
"03_往届冠军仓库快照\R101_github_sunkafei_ascend-operator-challenge-final\Gcd\cmake\util\replay_impl.temp","4207","E66480E82316EEC24DDA34890235F281D0631CF13FBEC631788E586CA7B7B458"
"03_往届冠军仓库快照\R101_github_sunkafei_ascend-operator-challenge-final\Gcd\cmake\util\tiling_data_def_build.py","4172","93089EA6995DE374AEDBDED2781A75C8F0D2501E691890F269A0E0454F9F55C8"
"03_往届冠军仓库快照\R101_github_sunkafei_ascend-operator-challenge-final\Gcd\CMakeLists.txt","3194","15A37B346CD1584B6DC8D139B436BE3D33BC3EF5D9FEBC8520F255DD0049FAF2"
"03_往届冠军仓库快照\R101_github_sunkafei_ascend-operator-challenge-final\Gcd\CMakePresets.json","2089","121003AB881D5F8D2EE912B1DACA1AB67DBCAB431D82515D1806CBA8F4ED9539"
"03_往届冠军仓库快照\R101_github_sunkafei_ascend-operator-challenge-final\Gcd\framework\CMakeLists.txt","396","2B9117B8865AB55A4C4018C86AD230F5C4AFDED78FBBEE939CB0385501C022B6"
"03_往届冠军仓库快照\R101_github_sunkafei_ascend-operator-challenge-final\Gcd\framework\tf_plugin\CMakeLists.txt","593","632568F858CE5D11D8405EC4C32E23A6403F184247953721C447DB5BF98057C9"
"03_往届冠军仓库快照\R101_github_sunkafei_ascend-operator-challenge-final\Gcd\framework\tf_plugin\tensorflow_gcd_plugin.cc","873","195BC52ADE3BE26AD03F12F1D7A9A51E4F832E207EF73297B7A7132988A00CDC"
"03_往届冠军仓库快照\R101_github_sunkafei_ascend-operator-challenge-final\Gcd\op_host\CMakeLists.txt","3399","BDC23150BEDFD045F74B1B6F30EB630F2CEC5842A9ED7801707161EA2D8B295A"
"03_往届冠军仓库快照\R101_github_sunkafei_ascend-operator-challenge-final\Gcd\op_host\gcd_tiling.h","449","B7F31DABBBCF558626DCEBD2BCF10DA03E9C6C8A7BCA100493A1C98C94777642"
"03_往届冠军仓库快照\R101_github_sunkafei_ascend-operator-challenge-final\Gcd\op_host\gcd.cpp","4123","54CF65816EA2E75E25AD27A95FAB9702DB922CD20590973E6AEB867D7A8051BD"
"03_往届冠军仓库快照\R101_github_sunkafei_ascend-operator-challenge-final\Gcd\op_kernel\CMakeLists.txt","2758","734B2C7EFA66073F407CDDBD9C06D9DA10A9B29126099D57F6D4BACEB9A27253"
"03_往届冠军仓库快照\R101_github_sunkafei_ascend-operator-challenge-final\Gcd\op_kernel\gcd.cpp","6026","0710EBC2E221B26A067822E0F060BF33DC8AA52C14DAAB427DF0BC47D4707EC2"
"03_往届冠军仓库快照\R101_github_sunkafei_ascend-operator-challenge-final\Gcd\scripts\help.info","81","27067F1EC0A23A694AE80EC4A05BC68415A284FBAF509B1A9CC0234035C61E5B"
"03_往届冠军仓库快照\R101_github_sunkafei_ascend-operator-challenge-final\Gcd\scripts\install.sh","9881","02862BAF881E9EBFA0EB5F43BE11932391E2B1EDC1D6C1C508812B5410C04181"
"03_往届冠军仓库快照\R101_github_sunkafei_ascend-operator-challenge-final\Gcd\scripts\upgrade.sh","4151","DDF117CFD96BF93194F66A8C4C7A298A263254107D1EFAE8F2081F0626E4C1F7"
"03_往届冠军仓库快照\R101_github_sunkafei_ascend-operator-challenge-final\init_pybind.sh","690","32774C05B20FE8C8A690D4E67730EDF5575AD43C7A7421F9F97B488F2F6D5BE4"
"03_往届冠军仓库快照\R101_github_sunkafei_ascend-operator-challenge-final\LICENSE","1087","17F138964701FCA32F8E4F90F1981CBF438D0BB6CF3FE1665607744EBD10F1ED"
"03_往届冠军仓库快照\R101_github_sunkafei_ascend-operator-challenge-final\zip_op.sh","436","C19EAE197DF4098CDE08919566AB7B4C25ECCD25651F48027A95D8BC9FC05A9E"
"03_往届冠军仓库快照\R102_github_T1z1anXXX_champion2024-ascend-oprator\.git\config","319","659AAB40B8031359BDC9999328D909A70D745AF0B6902ED16EAE9A9808B8B36F"
"03_往届冠军仓库快照\R102_github_T1z1anXXX_champion2024-ascend-oprator\.git\description","73","85AB6C163D43A17EA9CF7788308BCA1466F1B0A8D1CC92E26E9BF63DA4062AEE"
"03_往届冠军仓库快照\R102_github_T1z1anXXX_champion2024-ascend-oprator\.git\HEAD","21","28D25BF82AF4C0E2B72F50959B2BEB859E3E60B9630A5E8C603DAD4DDB2B6E80"
"03_往届冠军仓库快照\R102_github_T1z1anXXX_champion2024-ascend-oprator\.git\hooks\applypatch-msg.sample","478","0223497A0B8B033AA58A3A521B8629869386CF7AB0E2F101963D328AA62193F7"
"03_往届冠军仓库快照\R102_github_T1z1anXXX_champion2024-ascend-oprator\.git\hooks\commit-msg.sample","896","1F74D5E9292979B573EBD59741D46CB93FF391ACDD083D340B94370753D92437"
"03_往届冠军仓库快照\R102_github_T1z1anXXX_champion2024-ascend-oprator\.git\hooks\fsmonitor-watchman.sample","4726","E0549964E93897B519BD8E333C037E51FFF0F88BA13E086A331592BF801FA1D0"
"03_往届冠军仓库快照\R102_github_T1z1anXXX_champion2024-ascend-oprator\.git\hooks\post-update.sample","189","81765AF2DAEF323061DCBC5E61FC16481CB74B3BAC9AD8A174B186523586F6C5"
"03_往届冠军仓库快照\R102_github_T1z1anXXX_champion2024-ascend-oprator\.git\hooks\pre-applypatch.sample","424","E15C5B469EA3E0A695BEA6F2C82BCF8E62821074939DDD85B77E0007FF165475"
"03_往届冠军仓库快照\R102_github_T1z1anXXX_champion2024-ascend-oprator\.git\hooks\pre-commit.sample","1649","57185B7B9F05239D7AB52DB045F5B89EB31348D7B2177EAB214F5EB872E1971B"
"03_往届冠军仓库快照\R102_github_T1z1anXXX_champion2024-ascend-oprator\.git\hooks\pre-merge-commit.sample","416","D3825A70337940EBBD0A5C072984E13245920CDF8898BD225C8D27A6DFC9CB53"
"03_往届冠军仓库快照\R102_github_T1z1anXXX_champion2024-ascend-oprator\.git\hooks\pre-push.sample","1374","ECCE9C7E04D3F5DD9D8ADA81753DD1D549A9634B26770042B58DDA00217D086A"
"03_往届冠军仓库快照\R102_github_T1z1anXXX_champion2024-ascend-oprator\.git\hooks\pre-rebase.sample","4898","4FEBCE867790052338076F4E66CC47EFB14879D18097D1D61C8261859EAAA7B3"
"03_往届冠军仓库快照\R102_github_T1z1anXXX_champion2024-ascend-oprator\.git\hooks\pre-receive.sample","544","A4C3D2B9C7BB3FD8D1441C31BD4EE71A595D66B44FCF49DDB310252320169989"
"03_往届冠军仓库快照\R102_github_T1z1anXXX_champion2024-ascend-oprator\.git\hooks\prepare-commit-msg.sample","1492","E9DDCAA4189FDDD25ED97FC8C789ECA7B6CA16390B2392AE3276F0C8E1AA4619"
"03_往届冠军仓库快照\R102_github_T1z1anXXX_champion2024-ascend-oprator\.git\hooks\push-to-checkout.sample","2783","A53D0741798B287C6DD7AFA64AEE473F305E65D3F49463BB9D7408EC3B12BF5F"
"03_往届冠军仓库快照\R102_github_T1z1anXXX_champion2024-ascend-oprator\.git\hooks\sendemail-validate.sample","2308","44EBFC923DC5466BC009602F0ECF067B9C65459ABFE8868DDC49B78E6CED7A92"
"03_往届冠军仓库快照\R102_github_T1z1anXXX_champion2024-ascend-oprator\.git\hooks\update.sample","3650","8D5F2FA83E103CF08B57EAA67521DF9194F45CBDBCB37DA52AD586097A14D106"
"03_往届冠军仓库快照\R102_github_T1z1anXXX_champion2024-ascend-oprator\.git\index","1493","EA9E202473DE5B17C251AB01F7C6AC090E105F99FE0776A7B3C4CA88CC6A342A"
"03_往届冠军仓库快照\R102_github_T1z1anXXX_champion2024-ascend-oprator\.git\info\exclude","240","6671FE83B7A07C8932EE89164D1F2793B2318058EB8B98DC5C06EE0A5A3B0EC1"
"03_往届冠军仓库快照\R102_github_T1z1anXXX_champion2024-ascend-oprator\.git\logs\HEAD","204","ED12DB56429BA60567A10A9480CCC903FF8DEBE974DC59DD3C69881FEF741F0F"
"03_往届冠军仓库快照\R102_github_T1z1anXXX_champion2024-ascend-oprator\.git\logs\refs\heads\main","204","ED12DB56429BA60567A10A9480CCC903FF8DEBE974DC59DD3C69881FEF741F0F"
"03_往届冠军仓库快照\R102_github_T1z1anXXX_champion2024-ascend-oprator\.git\logs\refs\remotes\origin\HEAD","204","ED12DB56429BA60567A10A9480CCC903FF8DEBE974DC59DD3C69881FEF741F0F"
"03_往届冠军仓库快照\R102_github_T1z1anXXX_champion2024-ascend-oprator\.git\objects\pack\pack-ca275a7bb3ee537954de3d7eaed0cb77a6a61006.idx","1912","25EF4777EADCEAAB09D93F52947BB978419E58AD07783EE4CB8D99C6A6CF1292"
"03_往届冠军仓库快照\R102_github_T1z1anXXX_champion2024-ascend-oprator\.git\objects\pack\pack-ca275a7bb3ee537954de3d7eaed0cb77a6a61006.pack","344969","F0A6E8260BA6B9E754D81A0A97F34768B4FBFD9BF7D40DCD5CB3EBA899EC2A76"
"03_往届冠军仓库快照\R102_github_T1z1anXXX_champion2024-ascend-oprator\.git\objects\pack\pack-ca275a7bb3ee537954de3d7eaed0cb77a6a61006.rev","172","D7F07D46BFA31AC7ACEEA2E8806F8AF7ED0FBB068343CC900D93D8179AE60EBF"
"03_往届冠军仓库快照\R102_github_T1z1anXXX_champion2024-ascend-oprator\.git\packed-refs","112","A656329844153C5EA559546FCE7A88BEA3CB08D3D22BBCE1EA7C2C3E71D097FE"
"03_往届冠军仓库快照\R102_github_T1z1anXXX_champion2024-ascend-oprator\.git\refs\heads\main","41","349B9420B48E8EFD1DB1717F51723412268015205B32680F0F894B4257CB9A3B"
"03_往届冠军仓库快照\R102_github_T1z1anXXX_champion2024-ascend-oprator\.git\refs\remotes\origin\HEAD","30","2BB6A24AA0FC6C484100F5D51A29BBAD841CD2C755F5D93FAA204E5DBB4EB2B4"
"03_往届冠军仓库快照\R102_github_T1z1anXXX_champion2024-ascend-oprator\LinSpace\custom_opp_ubuntu_aarch64.run","179709","E05A0D0A05D2BAF9AA7CE98E073F7E5D8DA27A9AF5DAB2DB3D2FEB5B8CE2438C"
"03_往届冠军仓库快照\R102_github_T1z1anXXX_champion2024-ascend-oprator\LinSpace\op_host\CMakeLists.txt","3029","4929FC399116C903CEC5FF2C9ED73D8217F71A0FEE0FFDBB97FC026DCD311DF1"
"03_往届冠军仓库快照\R102_github_T1z1anXXX_champion2024-ascend-oprator\LinSpace\op_host\lin_space_tiling.h","662","776F5878F9FCC5873F327AF26C5607472A6573F612CD5A25F9A425273D774148"
"03_往届冠军仓库快照\R102_github_T1z1anXXX_champion2024-ascend-oprator\LinSpace\op_host\lin_space.cpp","5524","F3F67F916BAFA113D88AAC86E5BB042B9F5ABAE31905B72339145CB10AAF62B9"
"03_往届冠军仓库快照\R102_github_T1z1anXXX_champion2024-ascend-oprator\LinSpace\op_kernel\CMakeLists.txt","2758","734B2C7EFA66073F407CDDBD9C06D9DA10A9B29126099D57F6D4BACEB9A27253"
"03_往届冠军仓库快照\R102_github_T1z1anXXX_champion2024-ascend-oprator\LinSpace\op_kernel\lin_space.cpp","8601","3C6C39C75BA41132CD81E787CE414A9097858BFCAF64F06DB2C113B81087EF08"
"03_往届冠军仓库快照\R102_github_T1z1anXXX_champion2024-ascend-oprator\README.md","8406","EE0DD108D9E455D274AE9A09C1DA5839D3A6F00B2DCBBBB6A0A72B1A48AA0392"
"03_往届冠军仓库快照\R102_github_T1z1anXXX_champion2024-ascend-oprator\Trunc\custom_opp_ubuntu_aarch64.run","176766","841C567D14D4BD9CAD4FB4BDA1D264992E7734FAF2D950FCF95494ADF81E418E"
"03_往届冠军仓库快照\R102_github_T1z1anXXX_champion2024-ascend-oprator\Trunc\op_host\CMakeLists.txt","3029","4929FC399116C903CEC5FF2C9ED73D8217F71A0FEE0FFDBB97FC026DCD311DF1"
"03_往届冠军仓库快照\R102_github_T1z1anXXX_champion2024-ascend-oprator\Trunc\op_host\trunc_tiling.h","562","C50FDDE5F39BD7BE1C3F58DA8B6C39EF50A578F1D7D58DA8849FA706F9F43124"
"03_往届冠军仓库快照\R102_github_T1z1anXXX_champion2024-ascend-oprator\Trunc\op_host\trunc.cpp","3804","8363C9118333D8A01BB1073E7EDF38C93026F2D5AC2B4261BE148C734406971F"
"03_往届冠军仓库快照\R102_github_T1z1anXXX_champion2024-ascend-oprator\Trunc\op_kernel\CMakeLists.txt","2758","734B2C7EFA66073F407CDDBD9C06D9DA10A9B29126099D57F6D4BACEB9A27253"
"03_往届冠军仓库快照\R102_github_T1z1anXXX_champion2024-ascend-oprator\Trunc\op_kernel\trunc.cpp","5307","28EFB7BBD1C0B80385F10A3FE9A244CFC2B2BBF200FAB5743FDBB3B9803879F3"
"03_往届冠军仓库快照\R103_github_tangyhang_ascend--challenge-2024\.git\config","314","CE9FD1DDD356D354D55B38109E5DABE41E6E337429FC105FE2933D06950CD7DE"
"03_往届冠军仓库快照\R103_github_tangyhang_ascend--challenge-2024\.git\description","73","85AB6C163D43A17EA9CF7788308BCA1466F1B0A8D1CC92E26E9BF63DA4062AEE"
"03_往届冠军仓库快照\R103_github_tangyhang_ascend--challenge-2024\.git\HEAD","21","28D25BF82AF4C0E2B72F50959B2BEB859E3E60B9630A5E8C603DAD4DDB2B6E80"
"03_往届冠军仓库快照\R103_github_tangyhang_ascend--challenge-2024\.git\hooks\applypatch-msg.sample","478","0223497A0B8B033AA58A3A521B8629869386CF7AB0E2F101963D328AA62193F7"
"03_往届冠军仓库快照\R103_github_tangyhang_ascend--challenge-2024\.git\hooks\commit-msg.sample","896","1F74D5E9292979B573EBD59741D46CB93FF391ACDD083D340B94370753D92437"
"03_往届冠军仓库快照\R103_github_tangyhang_ascend--challenge-2024\.git\hooks\fsmonitor-watchman.sample","4726","E0549964E93897B519BD8E333C037E51FFF0F88BA13E086A331592BF801FA1D0"
"03_往届冠军仓库快照\R103_github_tangyhang_ascend--challenge-2024\.git\hooks\post-update.sample","189","81765AF2DAEF323061DCBC5E61FC16481CB74B3BAC9AD8A174B186523586F6C5"
"03_往届冠军仓库快照\R103_github_tangyhang_ascend--challenge-2024\.git\hooks\pre-applypatch.sample","424","E15C5B469EA3E0A695BEA6F2C82BCF8E62821074939DDD85B77E0007FF165475"
"03_往届冠军仓库快照\R103_github_tangyhang_ascend--challenge-2024\.git\hooks\pre-commit.sample","1649","57185B7B9F05239D7AB52DB045F5B89EB31348D7B2177EAB214F5EB872E1971B"
"03_往届冠军仓库快照\R103_github_tangyhang_ascend--challenge-2024\.git\hooks\pre-merge-commit.sample","416","D3825A70337940EBBD0A5C072984E13245920CDF8898BD225C8D27A6DFC9CB53"
"03_往届冠军仓库快照\R103_github_tangyhang_ascend--challenge-2024\.git\hooks\pre-push.sample","1374","ECCE9C7E04D3F5DD9D8ADA81753DD1D549A9634B26770042B58DDA00217D086A"
"03_往届冠军仓库快照\R103_github_tangyhang_ascend--challenge-2024\.git\hooks\pre-rebase.sample","4898","4FEBCE867790052338076F4E66CC47EFB14879D18097D1D61C8261859EAAA7B3"
"03_往届冠军仓库快照\R103_github_tangyhang_ascend--challenge-2024\.git\hooks\pre-receive.sample","544","A4C3D2B9C7BB3FD8D1441C31BD4EE71A595D66B44FCF49DDB310252320169989"
"03_往届冠军仓库快照\R103_github_tangyhang_ascend--challenge-2024\.git\hooks\prepare-commit-msg.sample","1492","E9DDCAA4189FDDD25ED97FC8C789ECA7B6CA16390B2392AE3276F0C8E1AA4619"
"03_往届冠军仓库快照\R103_github_tangyhang_ascend--challenge-2024\.git\hooks\push-to-checkout.sample","2783","A53D0741798B287C6DD7AFA64AEE473F305E65D3F49463BB9D7408EC3B12BF5F"
"03_往届冠军仓库快照\R103_github_tangyhang_ascend--challenge-2024\.git\hooks\sendemail-validate.sample","2308","44EBFC923DC5466BC009602F0ECF067B9C65459ABFE8868DDC49B78E6CED7A92"
"03_往届冠军仓库快照\R103_github_tangyhang_ascend--challenge-2024\.git\hooks\update.sample","3650","8D5F2FA83E103CF08B57EAA67521DF9194F45CBDBCB37DA52AD586097A14D106"
"03_往届冠军仓库快照\R103_github_tangyhang_ascend--challenge-2024\.git\index","615","907AFDCACBCA460A9E7EFC79B5FE49AE213FD1143BA59D958EE0578B0D504764"
"03_往届冠军仓库快照\R103_github_tangyhang_ascend--challenge-2024\.git\info\exclude","240","6671FE83B7A07C8932EE89164D1F2793B2318058EB8B98DC5C06EE0A5A3B0EC1"
"03_往届冠军仓库快照\R103_github_tangyhang_ascend--challenge-2024\.git\logs\HEAD","199","5F2E7F3C32C8DF4EE77ABE581B98476EA6716BEBD0DB465594358958ED6E2B4F"
"03_往届冠军仓库快照\R103_github_tangyhang_ascend--challenge-2024\.git\logs\refs\heads\main","199","5F2E7F3C32C8DF4EE77ABE581B98476EA6716BEBD0DB465594358958ED6E2B4F"
"03_往届冠军仓库快照\R103_github_tangyhang_ascend--challenge-2024\.git\logs\refs\remotes\origin\HEAD","199","5F2E7F3C32C8DF4EE77ABE581B98476EA6716BEBD0DB465594358958ED6E2B4F"
"03_往届冠军仓库快照\R103_github_tangyhang_ascend--challenge-2024\.git\objects\pack\pack-e8f964884ab434a30d6fece1f495cf1542fffff1.idx","1632","047ECD3456AFB426FF4B42098647B5DA3D54CDF642D4E3133DD25FB7EF45D5D0"
"03_往届冠军仓库快照\R103_github_tangyhang_ascend--challenge-2024\.git\objects\pack\pack-e8f964884ab434a30d6fece1f495cf1542fffff1.pack","139974","A14693415BBD770A6ED2E73B09649822B5257254CF99A4A3AE8ECC2748733397"
"03_往届冠军仓库快照\R103_github_tangyhang_ascend--challenge-2024\.git\objects\pack\pack-e8f964884ab434a30d6fece1f495cf1542fffff1.rev","132","E606764A18D3EF81A61AAD021E24AE63FD211BAAA38DE253335365A94DF6075F"
"03_往届冠军仓库快照\R103_github_tangyhang_ascend--challenge-2024\.git\packed-refs","112","AA615EE7F3C3E46CF379A81DDE53E9A8CA88DA542B1BD329F3DBF648D85A07D1"
"03_往届冠军仓库快照\R103_github_tangyhang_ascend--challenge-2024\.git\refs\heads\main","41","82A7BF25D6EA674CE6A3EEA0CBD3DD5E56563A67607A4F18688BC71DDAA5D27D"
"03_往届冠军仓库快照\R103_github_tangyhang_ascend--challenge-2024\.git\refs\remotes\origin\HEAD","30","2BB6A24AA0FC6C484100F5D51A29BBAD841CD2C755F5D93FAA204E5DBB4EB2B4"
"03_往届冠军仓库快照\R103_github_tangyhang_ascend--challenge-2024\Gcd\op_host\CMakeLists.txt","3399","BDC23150BEDFD045F74B1B6F30EB630F2CEC5842A9ED7801707161EA2D8B295A"
"03_往届冠军仓库快照\R103_github_tangyhang_ascend--challenge-2024\Gcd\op_host\gcd_tiling.h","622","6CF040B802C18A8998D06F7E450C602AB6DDCD582E7D875F29BD468FD7E5F707"
"03_往届冠军仓库快照\R103_github_tangyhang_ascend--challenge-2024\Gcd\op_host\gcd.cpp","3317","390982E4A39D7425C6641C5FC56345792A544978E18F8A6DD2603A71A8B7C8E1"
"03_往届冠军仓库快照\R103_github_tangyhang_ascend--challenge-2024\Gcd\op_kernel\CMakeLists.txt","2758","734B2C7EFA66073F407CDDBD9C06D9DA10A9B29126099D57F6D4BACEB9A27253"
"03_往届冠军仓库快照\R103_github_tangyhang_ascend--challenge-2024\Gcd\op_kernel\gcd.cpp","7389","7DEE14376639722D3A12B9B6449822D105E7EFC08CEB9C16FCCF2368E8236A12"
"03_往届冠军仓库快照\R104_github_ustc1587_ReduceLogSumExp\.git\config","306","BF39775F745B57DE1BD535DED8F6866DDFA29CA73264AF4B404DFD954A441D3D"
"03_往届冠军仓库快照\R104_github_ustc1587_ReduceLogSumExp\.git\description","73","85AB6C163D43A17EA9CF7788308BCA1466F1B0A8D1CC92E26E9BF63DA4062AEE"
"03_往届冠军仓库快照\R104_github_ustc1587_ReduceLogSumExp\.git\HEAD","21","28D25BF82AF4C0E2B72F50959B2BEB859E3E60B9630A5E8C603DAD4DDB2B6E80"
"03_往届冠军仓库快照\R104_github_ustc1587_ReduceLogSumExp\.git\hooks\applypatch-msg.sample","478","0223497A0B8B033AA58A3A521B8629869386CF7AB0E2F101963D328AA62193F7"
"03_往届冠军仓库快照\R104_github_ustc1587_ReduceLogSumExp\.git\hooks\commit-msg.sample","896","1F74D5E9292979B573EBD59741D46CB93FF391ACDD083D340B94370753D92437"
"03_往届冠军仓库快照\R104_github_ustc1587_ReduceLogSumExp\.git\hooks\fsmonitor-watchman.sample","4726","E0549964E93897B519BD8E333C037E51FFF0F88BA13E086A331592BF801FA1D0"
"03_往届冠军仓库快照\R104_github_ustc1587_ReduceLogSumExp\.git\hooks\post-update.sample","189","81765AF2DAEF323061DCBC5E61FC16481CB74B3BAC9AD8A174B186523586F6C5"
"03_往届冠军仓库快照\R104_github_ustc1587_ReduceLogSumExp\.git\hooks\pre-applypatch.sample","424","E15C5B469EA3E0A695BEA6F2C82BCF8E62821074939DDD85B77E0007FF165475"
"03_往届冠军仓库快照\R104_github_ustc1587_ReduceLogSumExp\.git\hooks\pre-commit.sample","1649","57185B7B9F05239D7AB52DB045F5B89EB31348D7B2177EAB214F5EB872E1971B"
"03_往届冠军仓库快照\R104_github_ustc1587_ReduceLogSumExp\.git\hooks\pre-merge-commit.sample","416","D3825A70337940EBBD0A5C072984E13245920CDF8898BD225C8D27A6DFC9CB53"
"03_往届冠军仓库快照\R104_github_ustc1587_ReduceLogSumExp\.git\hooks\pre-push.sample","1374","ECCE9C7E04D3F5DD9D8ADA81753DD1D549A9634B26770042B58DDA00217D086A"
"03_往届冠军仓库快照\R104_github_ustc1587_ReduceLogSumExp\.git\hooks\pre-rebase.sample","4898","4FEBCE867790052338076F4E66CC47EFB14879D18097D1D61C8261859EAAA7B3"
"03_往届冠军仓库快照\R104_github_ustc1587_ReduceLogSumExp\.git\hooks\pre-receive.sample","544","A4C3D2B9C7BB3FD8D1441C31BD4EE71A595D66B44FCF49DDB310252320169989"
"03_往届冠军仓库快照\R104_github_ustc1587_ReduceLogSumExp\.git\hooks\prepare-commit-msg.sample","1492","E9DDCAA4189FDDD25ED97FC8C789ECA7B6CA16390B2392AE3276F0C8E1AA4619"
"03_往届冠军仓库快照\R104_github_ustc1587_ReduceLogSumExp\.git\hooks\push-to-checkout.sample","2783","A53D0741798B287C6DD7AFA64AEE473F305E65D3F49463BB9D7408EC3B12BF5F"
"03_往届冠军仓库快照\R104_github_ustc1587_ReduceLogSumExp\.git\hooks\sendemail-validate.sample","2308","44EBFC923DC5466BC009602F0ECF067B9C65459ABFE8868DDC49B78E6CED7A92"
"03_往届冠军仓库快照\R104_github_ustc1587_ReduceLogSumExp\.git\hooks\update.sample","3650","8D5F2FA83E103CF08B57EAA67521DF9194F45CBDBCB37DA52AD586097A14D106"
"03_往届冠军仓库快照\R104_github_ustc1587_ReduceLogSumExp\.git\index","771","1960EB4512E52DC31F19406C62905E3EFED9C497E12A39F2C4BF36F2505645B1"
"03_往届冠军仓库快照\R104_github_ustc1587_ReduceLogSumExp\.git\info\exclude","240","6671FE83B7A07C8932EE89164D1F2793B2318058EB8B98DC5C06EE0A5A3B0EC1"
"03_往届冠军仓库快照\R104_github_ustc1587_ReduceLogSumExp\.git\logs\HEAD","191","8FDEA518E2D0E7F13B68696A427F7611659F84D7989BC26352918C21B8D869CB"
"03_往届冠军仓库快照\R104_github_ustc1587_ReduceLogSumExp\.git\logs\refs\heads\main","191","8FDEA518E2D0E7F13B68696A427F7611659F84D7989BC26352918C21B8D869CB"
"03_往届冠军仓库快照\R104_github_ustc1587_ReduceLogSumExp\.git\logs\refs\remotes\origin\HEAD","191","8FDEA518E2D0E7F13B68696A427F7611659F84D7989BC26352918C21B8D869CB"
"03_往届冠军仓库快照\R104_github_ustc1587_ReduceLogSumExp\.git\objects\pack\pack-8df41a212a4fada8feb8c1fe50a0c2499c0745ca.idx","1380","5E518D7B6B7366FFD80F6D2B6DDA51F8D4AC9E22744CED63D233031845497BE0"
"03_往届冠军仓库快照\R104_github_ustc1587_ReduceLogSumExp\.git\objects\pack\pack-8df41a212a4fada8feb8c1fe50a0c2499c0745ca.pack","191084","65D73B44EC7BD774D4007F24B9E13518BD7B45B3E0DC8710B404F7A3391B04E2"
"03_往届冠军仓库快照\R104_github_ustc1587_ReduceLogSumExp\.git\objects\pack\pack-8df41a212a4fada8feb8c1fe50a0c2499c0745ca.rev","96","7DAE62C0EFAD9A40B6CE7C9EB0B40E15BD75E2A5CADFB689324E40E370691D5D"
"03_往届冠军仓库快照\R104_github_ustc1587_ReduceLogSumExp\.git\packed-refs","112","909A91D0E38FAE9DE69EB49CD7325157947FE561FAFCAA7C714160293E1D7986"
"03_往届冠军仓库快照\R104_github_ustc1587_ReduceLogSumExp\.git\refs\heads\main","41","1DB7FAF57E823AD578B9AE9DD5A8FF043427EE0FA5BF1879A0FEC9D7FA20F6C7"
"03_往届冠军仓库快照\R104_github_ustc1587_ReduceLogSumExp\.git\refs\remotes\origin\HEAD","30","2BB6A24AA0FC6C484100F5D51A29BBAD841CD2C755F5D93FAA204E5DBB4EB2B4"
"03_往届冠军仓库快照\R104_github_ustc1587_ReduceLogSumExp\custom_opp_ubuntu_aarch64.run","197623","7BAC7CEC4B1BF14653E12A0614166CF54E43723A865F6C397CED202D920FF695"
"03_往届冠军仓库快照\R104_github_ustc1587_ReduceLogSumExp\op_host\CMakeLists.txt","6641","3F99E9B8934BF9C16722CC36EB95402AE05D12AE473A7F97F77F1ACA75121402"
"03_往届冠军仓库快照\R104_github_ustc1587_ReduceLogSumExp\op_host\reduce_log_sum_exp_tiling.h","421","4B1219F3C57EEBB0D41A9EDFF063955161DF779AB27BB3579A58A6EBC50F687B"
"03_往届冠军仓库快照\R104_github_ustc1587_ReduceLogSumExp\op_host\reduce_log_sum_exp.cpp","3819","C796912750E639B04DF1548C212A087A5C2BDFCCA69DA64A6225B6018D99999F"
"03_往届冠军仓库快照\R104_github_ustc1587_ReduceLogSumExp\op_kernel\CMakeLists.txt","160","28DB4CC809D625D8A352D6078635873484A8D90CF5645711D0FD4FDC6AA6DA81"
"03_往届冠军仓库快照\R104_github_ustc1587_ReduceLogSumExp\op_kernel\reduce_log_sum_exp.cpp","31265","0734733BABC1B30B9D884987ABC6D8B30EBAAEC34736F2FE5BD7AC43EBD4A4CE"
"03_往届冠军仓库快照\R104_github_ustc1587_ReduceLogSumExp\README.md","130","658CA48DF8B612DF4ACB52E047672EC29185D1014058A4A9E53C45AB15947078"
"03_往届冠军仓库快照\R106_github_winfan1314_AscendC-ops-24Final-Tangefly\.git\config","321","A9556CCEF2AE0B2DB1AC5CFA87BB7AF8E732284C5E44195DBA5545C6D122B0E6"
"03_往届冠军仓库快照\R106_github_winfan1314_AscendC-ops-24Final-Tangefly\.git\description","73","85AB6C163D43A17EA9CF7788308BCA1466F1B0A8D1CC92E26E9BF63DA4062AEE"
"03_往届冠军仓库快照\R106_github_winfan1314_AscendC-ops-24Final-Tangefly\.git\HEAD","21","28D25BF82AF4C0E2B72F50959B2BEB859E3E60B9630A5E8C603DAD4DDB2B6E80"
"03_往届冠军仓库快照\R106_github_winfan1314_AscendC-ops-24Final-Tangefly\.git\hooks\applypatch-msg.sample","478","0223497A0B8B033AA58A3A521B8629869386CF7AB0E2F101963D328AA62193F7"
"03_往届冠军仓库快照\R106_github_winfan1314_AscendC-ops-24Final-Tangefly\.git\hooks\commit-msg.sample","896","1F74D5E9292979B573EBD59741D46CB93FF391ACDD083D340B94370753D92437"
"03_往届冠军仓库快照\R106_github_winfan1314_AscendC-ops-24Final-Tangefly\.git\hooks\fsmonitor-watchman.sample","4726","E0549964E93897B519BD8E333C037E51FFF0F88BA13E086A331592BF801FA1D0"
"03_往届冠军仓库快照\R106_github_winfan1314_AscendC-ops-24Final-Tangefly\.git\hooks\post-update.sample","189","81765AF2DAEF323061DCBC5E61FC16481CB74B3BAC9AD8A174B186523586F6C5"
"03_往届冠军仓库快照\R106_github_winfan1314_AscendC-ops-24Final-Tangefly\.git\hooks\pre-applypatch.sample","424","E15C5B469EA3E0A695BEA6F2C82BCF8E62821074939DDD85B77E0007FF165475"
"03_往届冠军仓库快照\R106_github_winfan1314_AscendC-ops-24Final-Tangefly\.git\hooks\pre-commit.sample","1649","57185B7B9F05239D7AB52DB045F5B89EB31348D7B2177EAB214F5EB872E1971B"
"03_往届冠军仓库快照\R106_github_winfan1314_AscendC-ops-24Final-Tangefly\.git\hooks\pre-merge-commit.sample","416","D3825A70337940EBBD0A5C072984E13245920CDF8898BD225C8D27A6DFC9CB53"
"03_往届冠军仓库快照\R106_github_winfan1314_AscendC-ops-24Final-Tangefly\.git\hooks\pre-push.sample","1374","ECCE9C7E04D3F5DD9D8ADA81753DD1D549A9634B26770042B58DDA00217D086A"
"03_往届冠军仓库快照\R106_github_winfan1314_AscendC-ops-24Final-Tangefly\.git\hooks\pre-rebase.sample","4898","4FEBCE867790052338076F4E66CC47EFB14879D18097D1D61C8261859EAAA7B3"
"03_往届冠军仓库快照\R106_github_winfan1314_AscendC-ops-24Final-Tangefly\.git\hooks\pre-receive.sample","544","A4C3D2B9C7BB3FD8D1441C31BD4EE71A595D66B44FCF49DDB310252320169989"
"03_往届冠军仓库快照\R106_github_winfan1314_AscendC-ops-24Final-Tangefly\.git\hooks\prepare-commit-msg.sample","1492","E9DDCAA4189FDDD25ED97FC8C789ECA7B6CA16390B2392AE3276F0C8E1AA4619"
"03_往届冠军仓库快照\R106_github_winfan1314_AscendC-ops-24Final-Tangefly\.git\hooks\push-to-checkout.sample","2783","A53D0741798B287C6DD7AFA64AEE473F305E65D3F49463BB9D7408EC3B12BF5F"
"03_往届冠军仓库快照\R106_github_winfan1314_AscendC-ops-24Final-Tangefly\.git\hooks\sendemail-validate.sample","2308","44EBFC923DC5466BC009602F0ECF067B9C65459ABFE8868DDC49B78E6CED7A92"
"03_往届冠军仓库快照\R106_github_winfan1314_AscendC-ops-24Final-Tangefly\.git\hooks\update.sample","3650","8D5F2FA83E103CF08B57EAA67521DF9194F45CBDBCB37DA52AD586097A14D106"
"03_往届冠军仓库快照\R106_github_winfan1314_AscendC-ops-24Final-Tangefly\.git\index","13526","55F5330D93B10029868AA46F4FCAA88130CD6A90706242789C643535941FF22F"
"03_往届冠军仓库快照\R106_github_winfan1314_AscendC-ops-24Final-Tangefly\.git\info\exclude","240","6671FE83B7A07C8932EE89164D1F2793B2318058EB8B98DC5C06EE0A5A3B0EC1"
"03_往届冠军仓库快照\R106_github_winfan1314_AscendC-ops-24Final-Tangefly\.git\logs\HEAD","206","452BFD7BFFBE3515A2575456BD782DC4CD16A75FBB18FE9CB829680CC3D3FE0B"
"03_往届冠军仓库快照\R106_github_winfan1314_AscendC-ops-24Final-Tangefly\.git\logs\refs\heads\main","206","452BFD7BFFBE3515A2575456BD782DC4CD16A75FBB18FE9CB829680CC3D3FE0B"
"03_往届冠军仓库快照\R106_github_winfan1314_AscendC-ops-24Final-Tangefly\.git\logs\refs\remotes\origin\HEAD","206","452BFD7BFFBE3515A2575456BD782DC4CD16A75FBB18FE9CB829680CC3D3FE0B"
"03_往届冠军仓库快照\R106_github_winfan1314_AscendC-ops-24Final-Tangefly\.git\objects\pack\pack-5b6e19945c23f2c0fd23bc1ba6103ef9561113e3.idx","3760","013FEDF73F0B866BE8962D5023319CCA0AE20B9E7117B3D17E9909BB5635785B"
"03_往届冠军仓库快照\R106_github_winfan1314_AscendC-ops-24Final-Tangefly\.git\objects\pack\pack-5b6e19945c23f2c0fd23bc1ba6103ef9561113e3.pack","109469","C917487A2C9B1C68B21DCA99536EAED522945C82521CF2A5EF2AB9CD60C53ECD"
"03_往届冠军仓库快照\R106_github_winfan1314_AscendC-ops-24Final-Tangefly\.git\objects\pack\pack-5b6e19945c23f2c0fd23bc1ba6103ef9561113e3.rev","436","E7E5AD51395D2F37B29E2566613739F5532FB4253DB8F8A9B24D270438969901"
"03_往届冠军仓库快照\R106_github_winfan1314_AscendC-ops-24Final-Tangefly\.git\packed-refs","112","D669ACCF056C2432526D53E17F95B277D99042CCCA42F365401AF98595F55884"
"03_往届冠军仓库快照\R106_github_winfan1314_AscendC-ops-24Final-Tangefly\.git\refs\heads\main","41","D90A3E819A981F6F4D2995F3EAEEC81CEAE40C0569EA64CE14132637574D24F9"
"03_往届冠军仓库快照\R106_github_winfan1314_AscendC-ops-24Final-Tangefly\.git\refs\remotes\origin\HEAD","30","2BB6A24AA0FC6C484100F5D51A29BBAD841CD2C755F5D93FAA204E5DBB4EB2B4"
"03_往届冠军仓库快照\R106_github_winfan1314_AscendC-ops-24Final-Tangefly\.gitignore","180","0ED4143E32760D6FB5946F3A6595316ADF18981943CAB78A3026BB035FFDBCD4"
"03_往届冠军仓库快照\R106_github_winfan1314_AscendC-ops-24Final-Tangefly\base_case\LinSpace\common\pytorch_npu_helper.hpp","23645","0CEF79DA17674A0E68B56091BB4D26FA77806CE5B04E9CAE52079692821DA395"
"03_往届冠军仓库快照\R106_github_winfan1314_AscendC-ops-24Final-Tangefly\base_case\LinSpace\extension\custom_op.cpp","1430","406439E6E56E8D4DACE79BA6573719A4D2C8D15DE23852AA2BD5AF0219085820"
"03_往届冠军仓库快照\R106_github_winfan1314_AscendC-ops-24Final-Tangefly\base_case\LinSpace\get_time.py","782","A223697B4DDDEFB587A9A29E4FD85DFE88794082B7A2AED83E6F5F23234ED606"
"03_往届冠军仓库快照\R106_github_winfan1314_AscendC-ops-24Final-Tangefly\base_case\LinSpace\run.sh","795","E2F05A23CEE7692B373929205B57374087C69AFC1E29CA127154A25BECA8C94A"
"03_往届冠军仓库快照\R106_github_winfan1314_AscendC-ops-24Final-Tangefly\base_case\LinSpace\setup.py","790","6826B7E7D048502FFBA87282BA1DA669458DDDEF61C8B114BF988AC72F0C0DF6"
"03_往届冠军仓库快照\R106_github_winfan1314_AscendC-ops-24Final-Tangefly\base_case\LinSpace\test_op.py","5278","151FCECBA40BDFD83AC1AB4F0136A3C3A14B415A0F1265A6D61D62D8248BCF29"
"03_往届冠军仓库快照\R106_github_winfan1314_AscendC-ops-24Final-Tangefly\base_case\NonZero\common\pytorch_npu_helper.hpp","23645","0CEF79DA17674A0E68B56091BB4D26FA77806CE5B04E9CAE52079692821DA395"
"03_往届冠军仓库快照\R106_github_winfan1314_AscendC-ops-24Final-Tangefly\base_case\NonZero\extension\custom_op.cpp","1549","7ED994C5A2DDF71CA0D39D138330FAB8FC3F415E7F121A112031EC876879B268"
"03_往届冠军仓库快照\R106_github_winfan1314_AscendC-ops-24Final-Tangefly\base_case\NonZero\get_time.py","782","A223697B4DDDEFB587A9A29E4FD85DFE88794082B7A2AED83E6F5F23234ED606"
"03_往届冠军仓库快照\R106_github_winfan1314_AscendC-ops-24Final-Tangefly\base_case\NonZero\run.sh","884","26F9BE57E5CD4C98D2F14F43E28C298A37DA7F2F60C3D3D1EC0FA261868A72C4"
"03_往届冠军仓库快照\R106_github_winfan1314_AscendC-ops-24Final-Tangefly\base_case\NonZero\setup.py","790","6826B7E7D048502FFBA87282BA1DA669458DDDEF61C8B114BF988AC72F0C0DF6"
"03_往届冠军仓库快照\R106_github_winfan1314_AscendC-ops-24Final-Tangefly\base_case\NonZero\test_op.py","2454","54678C0D6F989D5C978B83FDB096BC851CB7F26DCA6D0123278614A5B70BF551"
"03_往届冠军仓库快照\R106_github_winfan1314_AscendC-ops-24Final-Tangefly\base_case\Trunc\common\pytorch_npu_helper.hpp","23645","0CEF79DA17674A0E68B56091BB4D26FA77806CE5B04E9CAE52079692821DA395"
"03_往届冠军仓库快照\R106_github_winfan1314_AscendC-ops-24Final-Tangefly\base_case\Trunc\extension\custom_op.cpp","1173","381CCD3239F6F7ABF2E69E05BAAC82E351862C9E26414A244FB797D1E0658DEF"
"03_往届冠军仓库快照\R106_github_winfan1314_AscendC-ops-24Final-Tangefly\base_case\Trunc\get_time.py","782","A223697B4DDDEFB587A9A29E4FD85DFE88794082B7A2AED83E6F5F23234ED606"
"03_往届冠军仓库快照\R106_github_winfan1314_AscendC-ops-24Final-Tangefly\base_case\Trunc\run.sh","853","4E2CB04EAE2A0FA612155AF84C35ABA085E0DCFA447882CF586634DBC6D094A9"
"03_往届冠军仓库快照\R106_github_winfan1314_AscendC-ops-24Final-Tangefly\base_case\Trunc\setup.py","790","6826B7E7D048502FFBA87282BA1DA669458DDDEF61C8B114BF988AC72F0C0DF6"
"03_往届冠军仓库快照\R106_github_winfan1314_AscendC-ops-24Final-Tangefly\base_case\Trunc\test_op.py","2732","743E008D8DA94EA97F039C3519B7E22B674BDCF2A3357D2D42FEA9E8168CC3AB"
"03_往届冠军仓库快照\R106_github_winfan1314_AscendC-ops-24Final-Tangefly\docs\调用样例说明.txt","594","0E6DCA1E0662AE5FC81B4F07F0097BE331DAA1126A0E993A0193958C29597DFE"
"03_往届冠军仓库快照\R106_github_winfan1314_AscendC-ops-24Final-Tangefly\docs\冠军赛基础性能赛题.xlsx","12293","7A6B55DD17710A5E262B9A62D3EC1AD171A2D0EDBAB14468087ACCB9E4D89372"
"03_往届冠军仓库快照\R106_github_winfan1314_AscendC-ops-24Final-Tangefly\LinSpace\build.sh","2707","B7AC6755E9B89CBFEDA9CC450F4D96930DF2A7CD573283F032D40358FF0E075B"
"03_往届冠军仓库快照\R106_github_winfan1314_AscendC-ops-24Final-Tangefly\LinSpace\cmake\config.cmake","1362","D47496C06D8A1E69BAE74E6CFAC6F130ED436BC1252A9C4C56D9893C9FA09FCE"
"03_往届冠军仓库快照\R106_github_winfan1314_AscendC-ops-24Final-Tangefly\LinSpace\cmake\func.cmake","9720","D62D7295F92B883696871DA3291BF89CB01304BC9CE55A3418E2E45ACA849FD7"
"03_往届冠军仓库快照\R106_github_winfan1314_AscendC-ops-24Final-Tangefly\LinSpace\cmake\intf.cmake","1061","0C2533D6A98259B396930252585C65F1CD582D667171F20AFA4759FCDEB2C5A5"
"03_往届冠军仓库快照\R106_github_winfan1314_AscendC-ops-24Final-Tangefly\LinSpace\cmake\makeself.cmake","1411","E417E77228AE18A82CF2D551D63CBA5B8E001069DE18ECE287597D6E043B9573"
"03_往届冠军仓库快照\R106_github_winfan1314_AscendC-ops-24Final-Tangefly\LinSpace\cmake\util\__init__.py","158","3F8B7683A736D7274A9A5B95FA7AF6DBDE368599C327336EAADE4059BE3C850F"
"03_往届冠军仓库快照\R106_github_winfan1314_AscendC-ops-24Final-Tangefly\LinSpace\cmake\util\ascendc_bin_param_build.py","21488","5414E49F5154E7397C07D94EDFF6C0ECA72EB075AC157D0B4DDBCD1425751511"
"03_往届冠军仓库快照\R106_github_winfan1314_AscendC-ops-24Final-Tangefly\LinSpace\cmake\util\ascendc_gen_options.py","3350","FBD8BC4332B2340FDB71F4BBAE452E93C3A54B43CEA86818643D9D9D61794D35"
"03_往届冠军仓库快照\R106_github_winfan1314_AscendC-ops-24Final-Tangefly\LinSpace\cmake\util\ascendc_impl_build.py","28353","4F3086C115B60D627C0081894A10E38D96EBD0149154A08BCBE064CDDBC162B3"
"03_往届冠军仓库快照\R106_github_winfan1314_AscendC-ops-24Final-Tangefly\LinSpace\cmake\util\ascendc_ops_config.py","10286","D5115115B7432FB649DF4087095325B043F42C46A035BDCAB0258D44F8835025"
"03_往届冠军仓库快照\R106_github_winfan1314_AscendC-ops-24Final-Tangefly\LinSpace\cmake\util\ascendc_replay_build.py","2712","165C9FE01344DC57176004A21AB38A23DB4B1186FE60B1A5AF63E9D4EE0BE263"
"03_往届冠军仓库快照\R106_github_winfan1314_AscendC-ops-24Final-Tangefly\LinSpace\cmake\util\batch_replay_impl.temp","3889","C1B37BD05B2BD1CBF093AF635F4B2F18540BF98ED7FF4B04C3287B1F1A0FCCE0"
"03_往届冠军仓库快照\R106_github_winfan1314_AscendC-ops-24Final-Tangefly\LinSpace\cmake\util\code_channel_infer.py","1597","EA76DA48CC19A3CFB3E06EA25FF1DBD03039E4FBE7C2D3690F6FEBC6F0C90E1B"
"03_往届冠军仓库快照\R106_github_winfan1314_AscendC-ops-24Final-Tangefly\LinSpace\cmake\util\const_var.py","1505","5769FF6128070F83BE6246019212F5930ABEDEA17A2A0D7AEC63C5B6659760B9"
"03_往届冠军仓库快照\R106_github_winfan1314_AscendC-ops-24Final-Tangefly\LinSpace\cmake\util\gen_impl_and_mrege_json.sh","646","8E62E9A6C1F4D5691417B9B25A4B77BCA4E8ADF26B1D677E1EEE7B013121DE8D"
"03_往届冠军仓库快照\R106_github_winfan1314_AscendC-ops-24Final-Tangefly\LinSpace\cmake\util\gen_ops_filter.sh","1506","CE87DD1E7FB96BD999C3DDC93CD36F29FBD6A3F3AB75E088C5FDDA1AFC3D3A28"
"03_往届冠军仓库快照\R106_github_winfan1314_AscendC-ops-24Final-Tangefly\LinSpace\cmake\util\gen_version_info.sh","353","1871CFEF3DD083C81966A95F98C812A19DF8FE0A4C83DFC3CA5BA03DB6E65A9A"
"03_往届冠军仓库快照\R106_github_winfan1314_AscendC-ops-24Final-Tangefly\LinSpace\cmake\util\insert_op_info.py","1098","A15BAB921F83F74CE42E828EC1D1DD3F4057823F48B44CB138F85ACD906472CB"
"03_往届冠军仓库快照\R106_github_winfan1314_AscendC-ops-24Final-Tangefly\LinSpace\cmake\util\insert_simplified_keys.py","6668","A1A460FE71424FBD78EF188ECC09C3B76BC9DAA99AE2D48D342DC0128FFA134F"
"03_往届冠军仓库快照\R106_github_winfan1314_AscendC-ops-24Final-Tangefly\LinSpace\cmake\util\kernel_entry.py","3947","9DF250FFEBB39AC528DB19D76CD1AFD852942AC81C41E48C02A6E3368B3DC7E5"
"03_往届冠军仓库快照\R106_github_winfan1314_AscendC-ops-24Final-Tangefly\LinSpace\cmake\util\kernel_impl.temp","240","660B98F6111CDD71260984CA38CC289710012291A414E21C4CF1BABB2F1A4AD1"
"03_往届冠军仓库快照\R106_github_winfan1314_AscendC-ops-24Final-Tangefly\LinSpace\cmake\util\makeself\COPYING","18431","189B1AF95D661151E054CEA10C91B3D754E4DE4D3FECFB074C1FB29476F7167B"
"03_往届冠军仓库快照\R106_github_winfan1314_AscendC-ops-24Final-Tangefly\LinSpace\cmake\util\makeself\make-release.sh","349","FBD10A2882B5BF82A407E855F0F088E469F4D142AFDD7B3DFDCC808798E374B9"
"03_往届冠军仓库快照\R106_github_winfan1314_AscendC-ops-24Final-Tangefly\LinSpace\cmake\util\makeself\makeself-header.sh","18618","93AE39674EC8EA07C00245F38CA18365B78787E10DF443049360C051B49B0A97"
"03_往届冠军仓库快照\R106_github_winfan1314_AscendC-ops-24Final-Tangefly\LinSpace\cmake\util\makeself\makeself.1","3189","1518183932195173D43E85ABC10CFB10366B0A1E3FC61A2D6136B68A78AB15FE"
"03_往届冠军仓库快照\R106_github_winfan1314_AscendC-ops-24Final-Tangefly\LinSpace\cmake\util\makeself\makeself.lsm","836","270D45704E0F94F39B67369371A063C4E793F4AF5996B273D30ABC281994C1D9"
"03_往届冠军仓库快照\R106_github_winfan1314_AscendC-ops-24Final-Tangefly\LinSpace\cmake\util\makeself\makeself.sh","25787","40482E4E390F2F3E1C1E06250C31C36814F054DF5254A5CBDD2FE89FD70D9C2B"
"03_往届冠军仓库快照\R106_github_winfan1314_AscendC-ops-24Final-Tangefly\LinSpace\cmake\util\makeself\README.md","22146","C12F14B92112511DE28B943EDDB8765D3D75D1AEDB23AA49442559C1BE273E4A"
"03_往届冠军仓库快照\R106_github_winfan1314_AscendC-ops-24Final-Tangefly\LinSpace\cmake\util\makeself\run-tests.sh","192","A9E7846C51870CA216D9620416C29F82466172876909E382CD7600215E766292"
"03_往届冠军仓库快照\R106_github_winfan1314_AscendC-ops-24Final-Tangefly\LinSpace\cmake\util\makeself\VERSION","7","6117CCF1F1DE058A9243D93A2A0FB0C13BFD3CD3D4DA8E8AAF3C85EABDBEF5B5"
"03_往届冠军仓库快照\R106_github_winfan1314_AscendC-ops-24Final-Tangefly\LinSpace\cmake\util\merge_aicpu_info_json.sh","1143","AEFF13DF06A408A231344AFDB046A914B0319D95C02547F93E5357B64CDA23EB"
"03_往届冠军仓库快照\R106_github_winfan1314_AscendC-ops-24Final-Tangefly\LinSpace\cmake\util\opdesc_parser.py","14527","5FE25154FF62E9FE1DD3D6F517B0E2A03C1F7FCA148C57C402444BDD67B300D4"
"03_往届冠军仓库快照\R106_github_winfan1314_AscendC-ops-24Final-Tangefly\LinSpace\cmake\util\parse_ini_to_json.py","13195","FA25B699BB3EB603849CCCAB152C791F72FF83D246F366DD8F064E9165EAA247"
"03_往届冠军仓库快照\R106_github_winfan1314_AscendC-ops-24Final-Tangefly\LinSpace\cmake\util\preset_parse.py","861","23C46E652B4411E735E7A6C10EE262E0508C41799E60660E60B5028F317535CB"
"03_往届冠军仓库快照\R106_github_winfan1314_AscendC-ops-24Final-Tangefly\LinSpace\cmake\util\replay_codegen.py","4527","56F4EEA8AA8CEB6E44795AB8DC5785D3D1D608697385D190564399AC6DC56A18"
"03_往届冠军仓库快照\R106_github_winfan1314_AscendC-ops-24Final-Tangefly\LinSpace\cmake\util\replay_impl.temp","4207","E66480E82316EEC24DDA34890235F281D0631CF13FBEC631788E586CA7B7B458"
"03_往届冠军仓库快照\R106_github_winfan1314_AscendC-ops-24Final-Tangefly\LinSpace\cmake\util\tiling_data_def_build.py","4172","93089EA6995DE374AEDBDED2781A75C8F0D2501E691890F269A0E0454F9F55C8"
"03_往届冠军仓库快照\R106_github_winfan1314_AscendC-ops-24Final-Tangefly\LinSpace\CMakeLists.txt","3194","15A37B346CD1584B6DC8D139B436BE3D33BC3EF5D9FEBC8520F255DD0049FAF2"
"03_往届冠军仓库快照\R106_github_winfan1314_AscendC-ops-24Final-Tangefly\LinSpace\CMakePresets.json","2092","22DA386876CDEBB130F78C228EA845B4504A30EF88065286FFB533F05FCB8531"
"03_往届冠军仓库快照\R106_github_winfan1314_AscendC-ops-24Final-Tangefly\LinSpace\framework\CMakeLists.txt","396","2B9117B8865AB55A4C4018C86AD230F5C4AFDED78FBBEE939CB0385501C022B6"
"03_往届冠军仓库快照\R106_github_winfan1314_AscendC-ops-24Final-Tangefly\LinSpace\framework\tf_plugin\CMakeLists.txt","593","632568F858CE5D11D8405EC4C32E23A6403F184247953721C447DB5BF98057C9"
"03_往届冠军仓库快照\R106_github_winfan1314_AscendC-ops-24Final-Tangefly\LinSpace\framework\tf_plugin\tensorflow_lin_space_plugin.cc","883","274D4978FC2E59862B7837C395F714508F348FE3F33552B98C06C22AD68DBC95"
"03_往届冠军仓库快照\R106_github_winfan1314_AscendC-ops-24Final-Tangefly\LinSpace\op_host\CMakeLists.txt","3425","68E765604A7B4FD610E2443F420A5DFC022A756C2B78CD1CEE904D735188ED97"
"03_往届冠军仓库快照\R106_github_winfan1314_AscendC-ops-24Final-Tangefly\LinSpace\op_host\host_inc.h","13083","F414C5BFEDDB68120D052EE569D67F57A01BFED6F5A53C025CA9749570D19DF3"
"03_往届冠军仓库快照\R106_github_winfan1314_AscendC-ops-24Final-Tangefly\LinSpace\op_host\lin_space_tiling.h","550","5BAA158912AA606DD92C12A21EB81BC74A8561853BDCB2CF4A0A4F2A58D836FD"
"03_往届冠军仓库快照\R106_github_winfan1314_AscendC-ops-24Final-Tangefly\LinSpace\op_host\lin_space.cpp","4544","B22D31B74AEEE0B97338B18D249C5ED643F683B2856ADD2075998081615394FA"
"03_往届冠军仓库快照\R106_github_winfan1314_AscendC-ops-24Final-Tangefly\LinSpace\op_kernel\CMakeLists.txt","2758","734B2C7EFA66073F407CDDBD9C06D9DA10A9B29126099D57F6D4BACEB9A27253"
"03_往届冠军仓库快照\R106_github_winfan1314_AscendC-ops-24Final-Tangefly\LinSpace\op_kernel\kernel_inc.h","2989","0EAFECD84053099DD10F6192F6FE264D27B568A040EA66E69D854BDB83AE4976"
"03_往届冠军仓库快照\R106_github_winfan1314_AscendC-ops-24Final-Tangefly\LinSpace\op_kernel\lin_space.cpp","10628","F24C4E3900ABEBB87B4BD82495CA8D34AA006C0BBC67B79603C78D90034D3F8B"
"03_往届冠军仓库快照\R106_github_winfan1314_AscendC-ops-24Final-Tangefly\LinSpace\scripts\help.info","81","27067F1EC0A23A694AE80EC4A05BC68415A284FBAF509B1A9CC0234035C61E5B"
"03_往届冠军仓库快照\R106_github_winfan1314_AscendC-ops-24Final-Tangefly\LinSpace\scripts\install.sh","9881","02862BAF881E9EBFA0EB5F43BE11932391E2B1EDC1D6C1C508812B5410C04181"
"03_往届冠军仓库快照\R106_github_winfan1314_AscendC-ops-24Final-Tangefly\LinSpace\scripts\upgrade.sh","4151","DDF117CFD96BF93194F66A8C4C7A298A263254107D1EFAE8F2081F0626E4C1F7"
"03_往届冠军仓库快照\R106_github_winfan1314_AscendC-ops-24Final-Tangefly\Trunc\build.sh","2707","B7AC6755E9B89CBFEDA9CC450F4D96930DF2A7CD573283F032D40358FF0E075B"
"03_往届冠军仓库快照\R106_github_winfan1314_AscendC-ops-24Final-Tangefly\Trunc\cmake\config.cmake","1362","D47496C06D8A1E69BAE74E6CFAC6F130ED436BC1252A9C4C56D9893C9FA09FCE"
"03_往届冠军仓库快照\R106_github_winfan1314_AscendC-ops-24Final-Tangefly\Trunc\cmake\func.cmake","9720","D62D7295F92B883696871DA3291BF89CB01304BC9CE55A3418E2E45ACA849FD7"
"03_往届冠军仓库快照\R106_github_winfan1314_AscendC-ops-24Final-Tangefly\Trunc\cmake\intf.cmake","1061","0C2533D6A98259B396930252585C65F1CD582D667171F20AFA4759FCDEB2C5A5"
"03_往届冠军仓库快照\R106_github_winfan1314_AscendC-ops-24Final-Tangefly\Trunc\cmake\makeself.cmake","1411","E417E77228AE18A82CF2D551D63CBA5B8E001069DE18ECE287597D6E043B9573"
"03_往届冠军仓库快照\R106_github_winfan1314_AscendC-ops-24Final-Tangefly\Trunc\cmake\util\__init__.py","158","3F8B7683A736D7274A9A5B95FA7AF6DBDE368599C327336EAADE4059BE3C850F"
"03_往届冠军仓库快照\R106_github_winfan1314_AscendC-ops-24Final-Tangefly\Trunc\cmake\util\ascendc_bin_param_build.py","21488","5414E49F5154E7397C07D94EDFF6C0ECA72EB075AC157D0B4DDBCD1425751511"
"03_往届冠军仓库快照\R106_github_winfan1314_AscendC-ops-24Final-Tangefly\Trunc\cmake\util\ascendc_gen_options.py","3350","FBD8BC4332B2340FDB71F4BBAE452E93C3A54B43CEA86818643D9D9D61794D35"
"03_往届冠军仓库快照\R106_github_winfan1314_AscendC-ops-24Final-Tangefly\Trunc\cmake\util\ascendc_impl_build.py","28353","4F3086C115B60D627C0081894A10E38D96EBD0149154A08BCBE064CDDBC162B3"
"03_往届冠军仓库快照\R106_github_winfan1314_AscendC-ops-24Final-Tangefly\Trunc\cmake\util\ascendc_ops_config.py","10286","D5115115B7432FB649DF4087095325B043F42C46A035BDCAB0258D44F8835025"
"03_往届冠军仓库快照\R106_github_winfan1314_AscendC-ops-24Final-Tangefly\Trunc\cmake\util\ascendc_replay_build.py","2712","165C9FE01344DC57176004A21AB38A23DB4B1186FE60B1A5AF63E9D4EE0BE263"
"03_往届冠军仓库快照\R106_github_winfan1314_AscendC-ops-24Final-Tangefly\Trunc\cmake\util\batch_replay_impl.temp","3889","C1B37BD05B2BD1CBF093AF635F4B2F18540BF98ED7FF4B04C3287B1F1A0FCCE0"
"03_往届冠军仓库快照\R106_github_winfan1314_AscendC-ops-24Final-Tangefly\Trunc\cmake\util\code_channel_infer.py","1597","EA76DA48CC19A3CFB3E06EA25FF1DBD03039E4FBE7C2D3690F6FEBC6F0C90E1B"
"03_往届冠军仓库快照\R106_github_winfan1314_AscendC-ops-24Final-Tangefly\Trunc\cmake\util\const_var.py","1505","5769FF6128070F83BE6246019212F5930ABEDEA17A2A0D7AEC63C5B6659760B9"
"03_往届冠军仓库快照\R106_github_winfan1314_AscendC-ops-24Final-Tangefly\Trunc\cmake\util\gen_impl_and_mrege_json.sh","646","8E62E9A6C1F4D5691417B9B25A4B77BCA4E8ADF26B1D677E1EEE7B013121DE8D"
"03_往届冠军仓库快照\R106_github_winfan1314_AscendC-ops-24Final-Tangefly\Trunc\cmake\util\gen_ops_filter.sh","1506","CE87DD1E7FB96BD999C3DDC93CD36F29FBD6A3F3AB75E088C5FDDA1AFC3D3A28"
"03_往届冠军仓库快照\R106_github_winfan1314_AscendC-ops-24Final-Tangefly\Trunc\cmake\util\gen_version_info.sh","353","1871CFEF3DD083C81966A95F98C812A19DF8FE0A4C83DFC3CA5BA03DB6E65A9A"
"03_往届冠军仓库快照\R106_github_winfan1314_AscendC-ops-24Final-Tangefly\Trunc\cmake\util\insert_op_info.py","1098","A15BAB921F83F74CE42E828EC1D1DD3F4057823F48B44CB138F85ACD906472CB"
"03_往届冠军仓库快照\R106_github_winfan1314_AscendC-ops-24Final-Tangefly\Trunc\cmake\util\insert_simplified_keys.py","6668","A1A460FE71424FBD78EF188ECC09C3B76BC9DAA99AE2D48D342DC0128FFA134F"
"03_往届冠军仓库快照\R106_github_winfan1314_AscendC-ops-24Final-Tangefly\Trunc\cmake\util\kernel_entry.py","3947","9DF250FFEBB39AC528DB19D76CD1AFD852942AC81C41E48C02A6E3368B3DC7E5"
"03_往届冠军仓库快照\R106_github_winfan1314_AscendC-ops-24Final-Tangefly\Trunc\cmake\util\kernel_impl.temp","240","660B98F6111CDD71260984CA38CC289710012291A414E21C4CF1BABB2F1A4AD1"
"03_往届冠军仓库快照\R106_github_winfan1314_AscendC-ops-24Final-Tangefly\Trunc\cmake\util\makeself\COPYING","18431","189B1AF95D661151E054CEA10C91B3D754E4DE4D3FECFB074C1FB29476F7167B"
"03_往届冠军仓库快照\R106_github_winfan1314_AscendC-ops-24Final-Tangefly\Trunc\cmake\util\makeself\make-release.sh","349","FBD10A2882B5BF82A407E855F0F088E469F4D142AFDD7B3DFDCC808798E374B9"
"03_往届冠军仓库快照\R106_github_winfan1314_AscendC-ops-24Final-Tangefly\Trunc\cmake\util\makeself\makeself-header.sh","18618","93AE39674EC8EA07C00245F38CA18365B78787E10DF443049360C051B49B0A97"
"03_往届冠军仓库快照\R106_github_winfan1314_AscendC-ops-24Final-Tangefly\Trunc\cmake\util\makeself\makeself.1","3189","1518183932195173D43E85ABC10CFB10366B0A1E3FC61A2D6136B68A78AB15FE"
"03_往届冠军仓库快照\R106_github_winfan1314_AscendC-ops-24Final-Tangefly\Trunc\cmake\util\makeself\makeself.lsm","836","270D45704E0F94F39B67369371A063C4E793F4AF5996B273D30ABC281994C1D9"
"03_往届冠军仓库快照\R106_github_winfan1314_AscendC-ops-24Final-Tangefly\Trunc\cmake\util\makeself\makeself.sh","25787","40482E4E390F2F3E1C1E06250C31C36814F054DF5254A5CBDD2FE89FD70D9C2B"
"03_往届冠军仓库快照\R106_github_winfan1314_AscendC-ops-24Final-Tangefly\Trunc\cmake\util\makeself\README.md","22146","C12F14B92112511DE28B943EDDB8765D3D75D1AEDB23AA49442559C1BE273E4A"
"03_往届冠军仓库快照\R106_github_winfan1314_AscendC-ops-24Final-Tangefly\Trunc\cmake\util\makeself\run-tests.sh","192","A9E7846C51870CA216D9620416C29F82466172876909E382CD7600215E766292"
"03_往届冠军仓库快照\R106_github_winfan1314_AscendC-ops-24Final-Tangefly\Trunc\cmake\util\makeself\VERSION","7","6117CCF1F1DE058A9243D93A2A0FB0C13BFD3CD3D4DA8E8AAF3C85EABDBEF5B5"
"03_往届冠军仓库快照\R106_github_winfan1314_AscendC-ops-24Final-Tangefly\Trunc\cmake\util\merge_aicpu_info_json.sh","1143","AEFF13DF06A408A231344AFDB046A914B0319D95C02547F93E5357B64CDA23EB"
"03_往届冠军仓库快照\R106_github_winfan1314_AscendC-ops-24Final-Tangefly\Trunc\cmake\util\opdesc_parser.py","14527","5FE25154FF62E9FE1DD3D6F517B0E2A03C1F7FCA148C57C402444BDD67B300D4"
"03_往届冠军仓库快照\R106_github_winfan1314_AscendC-ops-24Final-Tangefly\Trunc\cmake\util\parse_ini_to_json.py","13195","FA25B699BB3EB603849CCCAB152C791F72FF83D246F366DD8F064E9165EAA247"
"03_往届冠军仓库快照\R106_github_winfan1314_AscendC-ops-24Final-Tangefly\Trunc\cmake\util\preset_parse.py","861","23C46E652B4411E735E7A6C10EE262E0508C41799E60660E60B5028F317535CB"
"03_往届冠军仓库快照\R106_github_winfan1314_AscendC-ops-24Final-Tangefly\Trunc\cmake\util\replay_codegen.py","4527","56F4EEA8AA8CEB6E44795AB8DC5785D3D1D608697385D190564399AC6DC56A18"
"03_往届冠军仓库快照\R106_github_winfan1314_AscendC-ops-24Final-Tangefly\Trunc\cmake\util\replay_impl.temp","4207","E66480E82316EEC24DDA34890235F281D0631CF13FBEC631788E586CA7B7B458"
"03_往届冠军仓库快照\R106_github_winfan1314_AscendC-ops-24Final-Tangefly\Trunc\cmake\util\tiling_data_def_build.py","4172","93089EA6995DE374AEDBDED2781A75C8F0D2501E691890F269A0E0454F9F55C8"
"03_往届冠军仓库快照\R106_github_winfan1314_AscendC-ops-24Final-Tangefly\Trunc\CMakeLists.txt","3194","15A37B346CD1584B6DC8D139B436BE3D33BC3EF5D9FEBC8520F255DD0049FAF2"
"03_往届冠军仓库快照\R106_github_winfan1314_AscendC-ops-24Final-Tangefly\Trunc\CMakePresets.json","2092","22DA386876CDEBB130F78C228EA845B4504A30EF88065286FFB533F05FCB8531"
"03_往届冠军仓库快照\R106_github_winfan1314_AscendC-ops-24Final-Tangefly\Trunc\framework\CMakeLists.txt","396","2B9117B8865AB55A4C4018C86AD230F5C4AFDED78FBBEE939CB0385501C022B6"
"03_往届冠军仓库快照\R106_github_winfan1314_AscendC-ops-24Final-Tangefly\Trunc\framework\tf_plugin\CMakeLists.txt","593","632568F858CE5D11D8405EC4C32E23A6403F184247953721C447DB5BF98057C9"
"03_往届冠军仓库快照\R106_github_winfan1314_AscendC-ops-24Final-Tangefly\Trunc\framework\tf_plugin\tensorflow_trunc_plugin.cc","877","44C19712288E29384F4DAEE5A6810D1ABE3167F894C9ECDD232D2A8D99DC0075"
"03_往届冠军仓库快照\R106_github_winfan1314_AscendC-ops-24Final-Tangefly\Trunc\op_host\CMakeLists.txt","3425","68E765604A7B4FD610E2443F420A5DFC022A756C2B78CD1CEE904D735188ED97"
"03_往届冠军仓库快照\R106_github_winfan1314_AscendC-ops-24Final-Tangefly\Trunc\op_host\host_inc.h","13083","F414C5BFEDDB68120D052EE569D67F57A01BFED6F5A53C025CA9749570D19DF3"
"03_往届冠军仓库快照\R106_github_winfan1314_AscendC-ops-24Final-Tangefly\Trunc\op_host\trunc_tiling.h","771","F9CFEC845E96F51ACDBF0CB031FB818C19050899700C1F619715FBADB5139686"
"03_往届冠军仓库快照\R106_github_winfan1314_AscendC-ops-24Final-Tangefly\Trunc\op_host\trunc.cpp","3228","F9B0D7A4B0CA7B238D6D8464B905C9C0E568F7AF086DC6DE5AB3166009099DD5"
"03_往届冠军仓库快照\R106_github_winfan1314_AscendC-ops-24Final-Tangefly\Trunc\op_kernel\CMakeLists.txt","2758","734B2C7EFA66073F407CDDBD9C06D9DA10A9B29126099D57F6D4BACEB9A27253"
"03_往届冠军仓库快照\R106_github_winfan1314_AscendC-ops-24Final-Tangefly\Trunc\op_kernel\kernel_inc.h","2989","0EAFECD84053099DD10F6192F6FE264D27B568A040EA66E69D854BDB83AE4976"
"03_往届冠军仓库快照\R106_github_winfan1314_AscendC-ops-24Final-Tangefly\Trunc\op_kernel\trunc.cpp","4269","C6012ECB9ABB5C82BA1C815E4F21B5810E7CD803223AE1E8DC8FCC513F921114"
"03_往届冠军仓库快照\R106_github_winfan1314_AscendC-ops-24Final-Tangefly\Trunc\scripts\help.info","81","27067F1EC0A23A694AE80EC4A05BC68415A284FBAF509B1A9CC0234035C61E5B"
"03_往届冠军仓库快照\R106_github_winfan1314_AscendC-ops-24Final-Tangefly\Trunc\scripts\install.sh","9881","02862BAF881E9EBFA0EB5F43BE11932391E2B1EDC1D6C1C508812B5410C04181"
"03_往届冠军仓库快照\R106_github_winfan1314_AscendC-ops-24Final-Tangefly\Trunc\scripts\upgrade.sh","4151","DDF117CFD96BF93194F66A8C4C7A298A263254107D1EFAE8F2081F0626E4C1F7"
"03_往届冠军仓库快照\R107_github_winfan1314_AscendC-S4-Base\.git\config","308","965ADC8123B86AD3F2A0AB8486468D4305E6992482D769D3341AFD292C486D50"
"03_往届冠军仓库快照\R107_github_winfan1314_AscendC-S4-Base\.git\description","73","85AB6C163D43A17EA9CF7788308BCA1466F1B0A8D1CC92E26E9BF63DA4062AEE"
"03_往届冠军仓库快照\R107_github_winfan1314_AscendC-S4-Base\.git\HEAD","21","28D25BF82AF4C0E2B72F50959B2BEB859E3E60B9630A5E8C603DAD4DDB2B6E80"
"03_往届冠军仓库快照\R107_github_winfan1314_AscendC-S4-Base\.git\hooks\applypatch-msg.sample","478","0223497A0B8B033AA58A3A521B8629869386CF7AB0E2F101963D328AA62193F7"
"03_往届冠军仓库快照\R107_github_winfan1314_AscendC-S4-Base\.git\hooks\commit-msg.sample","896","1F74D5E9292979B573EBD59741D46CB93FF391ACDD083D340B94370753D92437"
"03_往届冠军仓库快照\R107_github_winfan1314_AscendC-S4-Base\.git\hooks\fsmonitor-watchman.sample","4726","E0549964E93897B519BD8E333C037E51FFF0F88BA13E086A331592BF801FA1D0"
"03_往届冠军仓库快照\R107_github_winfan1314_AscendC-S4-Base\.git\hooks\post-update.sample","189","81765AF2DAEF323061DCBC5E61FC16481CB74B3BAC9AD8A174B186523586F6C5"
"03_往届冠军仓库快照\R107_github_winfan1314_AscendC-S4-Base\.git\hooks\pre-applypatch.sample","424","E15C5B469EA3E0A695BEA6F2C82BCF8E62821074939DDD85B77E0007FF165475"
"03_往届冠军仓库快照\R107_github_winfan1314_AscendC-S4-Base\.git\hooks\pre-commit.sample","1649","57185B7B9F05239D7AB52DB045F5B89EB31348D7B2177EAB214F5EB872E1971B"
"03_往届冠军仓库快照\R107_github_winfan1314_AscendC-S4-Base\.git\hooks\pre-merge-commit.sample","416","D3825A70337940EBBD0A5C072984E13245920CDF8898BD225C8D27A6DFC9CB53"
"03_往届冠军仓库快照\R107_github_winfan1314_AscendC-S4-Base\.git\hooks\pre-push.sample","1374","ECCE9C7E04D3F5DD9D8ADA81753DD1D549A9634B26770042B58DDA00217D086A"
"03_往届冠军仓库快照\R107_github_winfan1314_AscendC-S4-Base\.git\hooks\pre-rebase.sample","4898","4FEBCE867790052338076F4E66CC47EFB14879D18097D1D61C8261859EAAA7B3"
"03_往届冠军仓库快照\R107_github_winfan1314_AscendC-S4-Base\.git\hooks\pre-receive.sample","544","A4C3D2B9C7BB3FD8D1441C31BD4EE71A595D66B44FCF49DDB310252320169989"
"03_往届冠军仓库快照\R107_github_winfan1314_AscendC-S4-Base\.git\hooks\prepare-commit-msg.sample","1492","E9DDCAA4189FDDD25ED97FC8C789ECA7B6CA16390B2392AE3276F0C8E1AA4619"
"03_往届冠军仓库快照\R107_github_winfan1314_AscendC-S4-Base\.git\hooks\push-to-checkout.sample","2783","A53D0741798B287C6DD7AFA64AEE473F305E65D3F49463BB9D7408EC3B12BF5F"
"03_往届冠军仓库快照\R107_github_winfan1314_AscendC-S4-Base\.git\hooks\sendemail-validate.sample","2308","44EBFC923DC5466BC009602F0ECF067B9C65459ABFE8868DDC49B78E6CED7A92"
"03_往届冠军仓库快照\R107_github_winfan1314_AscendC-S4-Base\.git\hooks\update.sample","3650","8D5F2FA83E103CF08B57EAA67521DF9194F45CBDBCB37DA52AD586097A14D106"
"03_往届冠军仓库快照\R107_github_winfan1314_AscendC-S4-Base\.git\index","30058","590C3D4D9CD245319701BE81756F6F4F79410FD14303AA14A010472093DB336B"
"03_往届冠军仓库快照\R107_github_winfan1314_AscendC-S4-Base\.git\info\exclude","240","6671FE83B7A07C8932EE89164D1F2793B2318058EB8B98DC5C06EE0A5A3B0EC1"
"03_往届冠军仓库快照\R107_github_winfan1314_AscendC-S4-Base\.git\logs\HEAD","193","AA706D0C16B1E9AD0BF650D880784B64689EED48E6398870CE5DA4AF82237A20"
"03_往届冠军仓库快照\R107_github_winfan1314_AscendC-S4-Base\.git\logs\refs\heads\main","193","AA706D0C16B1E9AD0BF650D880784B64689EED48E6398870CE5DA4AF82237A20"
"03_往届冠军仓库快照\R107_github_winfan1314_AscendC-S4-Base\.git\logs\refs\remotes\origin\HEAD","193","AA706D0C16B1E9AD0BF650D880784B64689EED48E6398870CE5DA4AF82237A20"
"03_往届冠军仓库快照\R107_github_winfan1314_AscendC-S4-Base\.git\objects\pack\pack-51708f9d2588a021f5bd86652968f456dd020d61.idx","4404","FFFFC4DD4FDE28CAD8708283A63F0A502236ADD5A8D74D22DAC3BCFA0E0587FC"
"03_往届冠军仓库快照\R107_github_winfan1314_AscendC-S4-Base\.git\objects\pack\pack-51708f9d2588a021f5bd86652968f456dd020d61.pack","109278","A70734B714EFF79231B02E12DC003A23EEAD734F26E73B624225759012AB105E"
"03_往届冠军仓库快照\R107_github_winfan1314_AscendC-S4-Base\.git\objects\pack\pack-51708f9d2588a021f5bd86652968f456dd020d61.rev","528","C64B67E975FB81C749B5AF8922D6FB6B03121A74938A1F194C0F5022CF74195D"
"03_往届冠军仓库快照\R107_github_winfan1314_AscendC-S4-Base\.git\packed-refs","112","F9DFB411FCB71AB41178D54C11BF6232E1B1325A5089977D3346DDE8655917F4"
"03_往届冠军仓库快照\R107_github_winfan1314_AscendC-S4-Base\.git\refs\heads\main","41","B132B51B704DA862EB242EF08D1C397622D13AF0699AE23371652A9B58B91DE4"
"03_往届冠军仓库快照\R107_github_winfan1314_AscendC-S4-Base\.git\refs\remotes\origin\HEAD","30","2BB6A24AA0FC6C484100F5D51A29BBAD841CD2C755F5D93FAA204E5DBB4EB2B4"
"03_往届冠军仓库快照\R107_github_winfan1314_AscendC-S4-Base\.gitignore","38","3E78649F0BE40AB74F51598804E9057273B13716838C4F5D48E0C4CAB476B124"
"03_往届冠军仓库快照\R107_github_winfan1314_AscendC-S4-Base\Gather_submit\build.sh","2707","B7AC6755E9B89CBFEDA9CC450F4D96930DF2A7CD573283F032D40358FF0E075B"
"03_往届冠军仓库快照\R107_github_winfan1314_AscendC-S4-Base\Gather_submit\cmake\config.cmake","1362","D47496C06D8A1E69BAE74E6CFAC6F130ED436BC1252A9C4C56D9893C9FA09FCE"
"03_往届冠军仓库快照\R107_github_winfan1314_AscendC-S4-Base\Gather_submit\cmake\func.cmake","9720","D62D7295F92B883696871DA3291BF89CB01304BC9CE55A3418E2E45ACA849FD7"
"03_往届冠军仓库快照\R107_github_winfan1314_AscendC-S4-Base\Gather_submit\cmake\intf.cmake","1061","0C2533D6A98259B396930252585C65F1CD582D667171F20AFA4759FCDEB2C5A5"
"03_往届冠军仓库快照\R107_github_winfan1314_AscendC-S4-Base\Gather_submit\cmake\makeself.cmake","1411","E417E77228AE18A82CF2D551D63CBA5B8E001069DE18ECE287597D6E043B9573"
"03_往届冠军仓库快照\R107_github_winfan1314_AscendC-S4-Base\Gather_submit\cmake\util\__init__.py","158","3F8B7683A736D7274A9A5B95FA7AF6DBDE368599C327336EAADE4059BE3C850F"
"03_往届冠军仓库快照\R107_github_winfan1314_AscendC-S4-Base\Gather_submit\cmake\util\ascendc_bin_param_build.py","21488","5414E49F5154E7397C07D94EDFF6C0ECA72EB075AC157D0B4DDBCD1425751511"
"03_往届冠军仓库快照\R107_github_winfan1314_AscendC-S4-Base\Gather_submit\cmake\util\ascendc_gen_options.py","3350","FBD8BC4332B2340FDB71F4BBAE452E93C3A54B43CEA86818643D9D9D61794D35"
"03_往届冠军仓库快照\R107_github_winfan1314_AscendC-S4-Base\Gather_submit\cmake\util\ascendc_impl_build.py","28353","4F3086C115B60D627C0081894A10E38D96EBD0149154A08BCBE064CDDBC162B3"
"03_往届冠军仓库快照\R107_github_winfan1314_AscendC-S4-Base\Gather_submit\cmake\util\ascendc_ops_config.py","10286","D5115115B7432FB649DF4087095325B043F42C46A035BDCAB0258D44F8835025"
"03_往届冠军仓库快照\R107_github_winfan1314_AscendC-S4-Base\Gather_submit\cmake\util\ascendc_replay_build.py","2712","165C9FE01344DC57176004A21AB38A23DB4B1186FE60B1A5AF63E9D4EE0BE263"
"03_往届冠军仓库快照\R107_github_winfan1314_AscendC-S4-Base\Gather_submit\cmake\util\batch_replay_impl.temp","3889","C1B37BD05B2BD1CBF093AF635F4B2F18540BF98ED7FF4B04C3287B1F1A0FCCE0"
"03_往届冠军仓库快照\R107_github_winfan1314_AscendC-S4-Base\Gather_submit\cmake\util\code_channel_infer.py","1597","EA76DA48CC19A3CFB3E06EA25FF1DBD03039E4FBE7C2D3690F6FEBC6F0C90E1B"
"03_往届冠军仓库快照\R107_github_winfan1314_AscendC-S4-Base\Gather_submit\cmake\util\const_var.py","1505","5769FF6128070F83BE6246019212F5930ABEDEA17A2A0D7AEC63C5B6659760B9"
"03_往届冠军仓库快照\R107_github_winfan1314_AscendC-S4-Base\Gather_submit\cmake\util\gen_impl_and_mrege_json.sh","646","8E62E9A6C1F4D5691417B9B25A4B77BCA4E8ADF26B1D677E1EEE7B013121DE8D"
"03_往届冠军仓库快照\R107_github_winfan1314_AscendC-S4-Base\Gather_submit\cmake\util\gen_ops_filter.sh","1506","CE87DD1E7FB96BD999C3DDC93CD36F29FBD6A3F3AB75E088C5FDDA1AFC3D3A28"
"03_往届冠军仓库快照\R107_github_winfan1314_AscendC-S4-Base\Gather_submit\cmake\util\gen_version_info.sh","353","1871CFEF3DD083C81966A95F98C812A19DF8FE0A4C83DFC3CA5BA03DB6E65A9A"
"03_往届冠军仓库快照\R107_github_winfan1314_AscendC-S4-Base\Gather_submit\cmake\util\insert_op_info.py","1098","A15BAB921F83F74CE42E828EC1D1DD3F4057823F48B44CB138F85ACD906472CB"
"03_往届冠军仓库快照\R107_github_winfan1314_AscendC-S4-Base\Gather_submit\cmake\util\insert_simplified_keys.py","6668","A1A460FE71424FBD78EF188ECC09C3B76BC9DAA99AE2D48D342DC0128FFA134F"
"03_往届冠军仓库快照\R107_github_winfan1314_AscendC-S4-Base\Gather_submit\cmake\util\kernel_entry.py","3947","9DF250FFEBB39AC528DB19D76CD1AFD852942AC81C41E48C02A6E3368B3DC7E5"
"03_往届冠军仓库快照\R107_github_winfan1314_AscendC-S4-Base\Gather_submit\cmake\util\kernel_impl.temp","240","660B98F6111CDD71260984CA38CC289710012291A414E21C4CF1BABB2F1A4AD1"
"03_往届冠军仓库快照\R107_github_winfan1314_AscendC-S4-Base\Gather_submit\cmake\util\makeself\COPYING","18431","189B1AF95D661151E054CEA10C91B3D754E4DE4D3FECFB074C1FB29476F7167B"
"03_往届冠军仓库快照\R107_github_winfan1314_AscendC-S4-Base\Gather_submit\cmake\util\makeself\make-release.sh","349","FBD10A2882B5BF82A407E855F0F088E469F4D142AFDD7B3DFDCC808798E374B9"
"03_往届冠军仓库快照\R107_github_winfan1314_AscendC-S4-Base\Gather_submit\cmake\util\makeself\makeself-header.sh","18618","93AE39674EC8EA07C00245F38CA18365B78787E10DF443049360C051B49B0A97"
"03_往届冠军仓库快照\R107_github_winfan1314_AscendC-S4-Base\Gather_submit\cmake\util\makeself\makeself.1","3189","1518183932195173D43E85ABC10CFB10366B0A1E3FC61A2D6136B68A78AB15FE"
"03_往届冠军仓库快照\R107_github_winfan1314_AscendC-S4-Base\Gather_submit\cmake\util\makeself\makeself.lsm","836","270D45704E0F94F39B67369371A063C4E793F4AF5996B273D30ABC281994C1D9"
"03_往届冠军仓库快照\R107_github_winfan1314_AscendC-S4-Base\Gather_submit\cmake\util\makeself\makeself.sh","25787","40482E4E390F2F3E1C1E06250C31C36814F054DF5254A5CBDD2FE89FD70D9C2B"
"03_往届冠军仓库快照\R107_github_winfan1314_AscendC-S4-Base\Gather_submit\cmake\util\makeself\README.md","22146","C12F14B92112511DE28B943EDDB8765D3D75D1AEDB23AA49442559C1BE273E4A"
"03_往届冠军仓库快照\R107_github_winfan1314_AscendC-S4-Base\Gather_submit\cmake\util\makeself\run-tests.sh","192","A9E7846C51870CA216D9620416C29F82466172876909E382CD7600215E766292"
"03_往届冠军仓库快照\R107_github_winfan1314_AscendC-S4-Base\Gather_submit\cmake\util\makeself\VERSION","7","6117CCF1F1DE058A9243D93A2A0FB0C13BFD3CD3D4DA8E8AAF3C85EABDBEF5B5"
"03_往届冠军仓库快照\R107_github_winfan1314_AscendC-S4-Base\Gather_submit\cmake\util\merge_aicpu_info_json.sh","1143","AEFF13DF06A408A231344AFDB046A914B0319D95C02547F93E5357B64CDA23EB"
"03_往届冠军仓库快照\R107_github_winfan1314_AscendC-S4-Base\Gather_submit\cmake\util\opdesc_parser.py","14527","5FE25154FF62E9FE1DD3D6F517B0E2A03C1F7FCA148C57C402444BDD67B300D4"
"03_往届冠军仓库快照\R107_github_winfan1314_AscendC-S4-Base\Gather_submit\cmake\util\parse_ini_to_json.py","13195","FA25B699BB3EB603849CCCAB152C791F72FF83D246F366DD8F064E9165EAA247"
"03_往届冠军仓库快照\R107_github_winfan1314_AscendC-S4-Base\Gather_submit\cmake\util\preset_parse.py","861","23C46E652B4411E735E7A6C10EE262E0508C41799E60660E60B5028F317535CB"
"03_往届冠军仓库快照\R107_github_winfan1314_AscendC-S4-Base\Gather_submit\cmake\util\replay_codegen.py","4527","56F4EEA8AA8CEB6E44795AB8DC5785D3D1D608697385D190564399AC6DC56A18"
"03_往届冠军仓库快照\R107_github_winfan1314_AscendC-S4-Base\Gather_submit\cmake\util\replay_impl.temp","4207","E66480E82316EEC24DDA34890235F281D0631CF13FBEC631788E586CA7B7B458"
"03_往届冠军仓库快照\R107_github_winfan1314_AscendC-S4-Base\Gather_submit\cmake\util\tiling_data_def_build.py","4172","93089EA6995DE374AEDBDED2781A75C8F0D2501E691890F269A0E0454F9F55C8"
"03_往届冠军仓库快照\R107_github_winfan1314_AscendC-S4-Base\Gather_submit\CMakeLists.txt","3194","15A37B346CD1584B6DC8D139B436BE3D33BC3EF5D9FEBC8520F255DD0049FAF2"
"03_往届冠军仓库快照\R107_github_winfan1314_AscendC-S4-Base\Gather_submit\CMakePresets.json","2092","22DA386876CDEBB130F78C228EA845B4504A30EF88065286FFB533F05FCB8531"
"03_往届冠军仓库快照\R107_github_winfan1314_AscendC-S4-Base\Gather_submit\framework\CMakeLists.txt","396","2B9117B8865AB55A4C4018C86AD230F5C4AFDED78FBBEE939CB0385501C022B6"
"03_往届冠军仓库快照\R107_github_winfan1314_AscendC-S4-Base\Gather_submit\framework\tf_plugin\CMakeLists.txt","593","632568F858CE5D11D8405EC4C32E23A6403F184247953721C447DB5BF98057C9"
"03_往届冠军仓库快照\R107_github_winfan1314_AscendC-S4-Base\Gather_submit\framework\tf_plugin\tensorflow_gather_plugin.cc","879","F1CC1C5D65C3074A29CAF4F99C4326F297C6E99B73B512DF65B317ADB925C675"
"03_往届冠军仓库快照\R107_github_winfan1314_AscendC-S4-Base\Gather_submit\op_host\CMakeLists.txt","3399","BDC23150BEDFD045F74B1B6F30EB630F2CEC5842A9ED7801707161EA2D8B295A"
"03_往届冠军仓库快照\R107_github_winfan1314_AscendC-S4-Base\Gather_submit\op_host\gather_tiling.h","1988","1C61891AE11D79D4680EF0FE1589BE4435B7F74E462BD679BA79A108B4CADAF6"
"03_往届冠军仓库快照\R107_github_winfan1314_AscendC-S4-Base\Gather_submit\op_host\gather.cpp","7275","F8BFB22C49B68D83D304760A61D8100C00F55863E65148266A65EA0C36F30AAC"
"03_往届冠军仓库快照\R107_github_winfan1314_AscendC-S4-Base\Gather_submit\op_host\host_inc.h","441","026F6305DE88082996C51EB7A39E1D041E3ECD5C36ADDEEBEF9C09212FDE097D"
"03_往届冠军仓库快照\R107_github_winfan1314_AscendC-S4-Base\Gather_submit\op_kernel\CMakeLists.txt","2758","734B2C7EFA66073F407CDDBD9C06D9DA10A9B29126099D57F6D4BACEB9A27253"
"03_往届冠军仓库快照\R107_github_winfan1314_AscendC-S4-Base\Gather_submit\op_kernel\gather.cpp","6403","F0C9B99ABA33ACF6265978956571FD0104CD0102E166D7ED718C11B6F0813825"
"03_往届冠军仓库快照\R107_github_winfan1314_AscendC-S4-Base\Gather_submit\op_kernel\kernel_inc.h","2989","0EAFECD84053099DD10F6192F6FE264D27B568A040EA66E69D854BDB83AE4976"
"03_往届冠军仓库快照\R107_github_winfan1314_AscendC-S4-Base\Gather_submit\scripts\help.info","81","27067F1EC0A23A694AE80EC4A05BC68415A284FBAF509B1A9CC0234035C61E5B"
"03_往届冠军仓库快照\R107_github_winfan1314_AscendC-S4-Base\Gather_submit\scripts\upgrade.sh","4151","DDF117CFD96BF93194F66A8C4C7A298A263254107D1EFAE8F2081F0626E4C1F7"
"03_往届冠军仓库快照\R107_github_winfan1314_AscendC-S4-Base\metadata\Gather.json","2801","64B7FA428836BE5C34586C9C11AE58FD53A407422A3B5D4F19EA8BD68FE9D281"
"03_往届冠军仓库快照\R107_github_winfan1314_AscendC-S4-Base\metadata\Pows.json","0","E3B0C44298FC1C149AFBF4C8996FB92427AE41E4649B934CA495991B7852B855"
"03_往届冠军仓库快照\R107_github_winfan1314_AscendC-S4-Base\metadata\Reshape_simple.json","0","E3B0C44298FC1C149AFBF4C8996FB92427AE41E4649B934CA495991B7852B855"
"03_往届冠军仓库快照\R107_github_winfan1314_AscendC-S4-Base\metadata\Reshape.json","0","E3B0C44298FC1C149AFBF4C8996FB92427AE41E4649B934CA495991B7852B855"
"03_往届冠军仓库快照\R107_github_winfan1314_AscendC-S4-Base\metadata\RmsNorm.json","0","E3B0C44298FC1C149AFBF4C8996FB92427AE41E4649B934CA495991B7852B855"
"03_往届冠军仓库快照\R107_github_winfan1314_AscendC-S4-Base\metadata\SelectV2.json","0","E3B0C44298FC1C149AFBF4C8996FB92427AE41E4649B934CA495991B7852B855"
"03_往届冠军仓库快照\R107_github_winfan1314_AscendC-S4-Base\Pows_submit\build.sh","2707","B7AC6755E9B89CBFEDA9CC450F4D96930DF2A7CD573283F032D40358FF0E075B"
"03_往届冠军仓库快照\R107_github_winfan1314_AscendC-S4-Base\Pows_submit\cmake\config.cmake","1362","D47496C06D8A1E69BAE74E6CFAC6F130ED436BC1252A9C4C56D9893C9FA09FCE"
"03_往届冠军仓库快照\R107_github_winfan1314_AscendC-S4-Base\Pows_submit\cmake\func.cmake","9720","D62D7295F92B883696871DA3291BF89CB01304BC9CE55A3418E2E45ACA849FD7"
"03_往届冠军仓库快照\R107_github_winfan1314_AscendC-S4-Base\Pows_submit\cmake\intf.cmake","1061","0C2533D6A98259B396930252585C65F1CD582D667171F20AFA4759FCDEB2C5A5"
"03_往届冠军仓库快照\R107_github_winfan1314_AscendC-S4-Base\Pows_submit\cmake\makeself.cmake","1411","E417E77228AE18A82CF2D551D63CBA5B8E001069DE18ECE287597D6E043B9573"
"03_往届冠军仓库快照\R107_github_winfan1314_AscendC-S4-Base\Pows_submit\cmake\util\__init__.py","158","3F8B7683A736D7274A9A5B95FA7AF6DBDE368599C327336EAADE4059BE3C850F"
"03_往届冠军仓库快照\R107_github_winfan1314_AscendC-S4-Base\Pows_submit\cmake\util\__pycache__\const_var.cpython-39.pyc","1625","A9359805DA8FDA0FF09DA3F0CCF782F7B2C1AFFCEE9DBCF5E43EF7D1937530E7"
"03_往届冠军仓库快照\R107_github_winfan1314_AscendC-S4-Base\Pows_submit\cmake\util\__pycache__\opdesc_parser.cpython-39.pyc","11176","1FC73D5CD4DE9554E642196F0006260FC6EAE67443D9D8E2CCB7CE1D5FC1AD9C"
"03_往届冠军仓库快照\R107_github_winfan1314_AscendC-S4-Base\Pows_submit\cmake\util\ascendc_bin_param_build.py","21488","5414E49F5154E7397C07D94EDFF6C0ECA72EB075AC157D0B4DDBCD1425751511"
"03_往届冠军仓库快照\R107_github_winfan1314_AscendC-S4-Base\Pows_submit\cmake\util\ascendc_gen_options.py","3350","FBD8BC4332B2340FDB71F4BBAE452E93C3A54B43CEA86818643D9D9D61794D35"
"03_往届冠军仓库快照\R107_github_winfan1314_AscendC-S4-Base\Pows_submit\cmake\util\ascendc_impl_build.py","28353","4F3086C115B60D627C0081894A10E38D96EBD0149154A08BCBE064CDDBC162B3"
"03_往届冠军仓库快照\R107_github_winfan1314_AscendC-S4-Base\Pows_submit\cmake\util\ascendc_ops_config.py","10286","D5115115B7432FB649DF4087095325B043F42C46A035BDCAB0258D44F8835025"
"03_往届冠军仓库快照\R107_github_winfan1314_AscendC-S4-Base\Pows_submit\cmake\util\ascendc_replay_build.py","2712","165C9FE01344DC57176004A21AB38A23DB4B1186FE60B1A5AF63E9D4EE0BE263"
"03_往届冠军仓库快照\R107_github_winfan1314_AscendC-S4-Base\Pows_submit\cmake\util\batch_replay_impl.temp","3889","C1B37BD05B2BD1CBF093AF635F4B2F18540BF98ED7FF4B04C3287B1F1A0FCCE0"
"03_往届冠军仓库快照\R107_github_winfan1314_AscendC-S4-Base\Pows_submit\cmake\util\code_channel_infer.py","1597","EA76DA48CC19A3CFB3E06EA25FF1DBD03039E4FBE7C2D3690F6FEBC6F0C90E1B"
"03_往届冠军仓库快照\R107_github_winfan1314_AscendC-S4-Base\Pows_submit\cmake\util\const_var.py","1505","5769FF6128070F83BE6246019212F5930ABEDEA17A2A0D7AEC63C5B6659760B9"
"03_往届冠军仓库快照\R107_github_winfan1314_AscendC-S4-Base\Pows_submit\cmake\util\gen_impl_and_mrege_json.sh","646","8E62E9A6C1F4D5691417B9B25A4B77BCA4E8ADF26B1D677E1EEE7B013121DE8D"
"03_往届冠军仓库快照\R107_github_winfan1314_AscendC-S4-Base\Pows_submit\cmake\util\gen_ops_filter.sh","1506","CE87DD1E7FB96BD999C3DDC93CD36F29FBD6A3F3AB75E088C5FDDA1AFC3D3A28"
"03_往届冠军仓库快照\R107_github_winfan1314_AscendC-S4-Base\Pows_submit\cmake\util\gen_version_info.sh","353","1871CFEF3DD083C81966A95F98C812A19DF8FE0A4C83DFC3CA5BA03DB6E65A9A"
"03_往届冠军仓库快照\R107_github_winfan1314_AscendC-S4-Base\Pows_submit\cmake\util\insert_op_info.py","1098","A15BAB921F83F74CE42E828EC1D1DD3F4057823F48B44CB138F85ACD906472CB"
"03_往届冠军仓库快照\R107_github_winfan1314_AscendC-S4-Base\Pows_submit\cmake\util\insert_simplified_keys.py","6668","A1A460FE71424FBD78EF188ECC09C3B76BC9DAA99AE2D48D342DC0128FFA134F"
"03_往届冠军仓库快照\R107_github_winfan1314_AscendC-S4-Base\Pows_submit\cmake\util\kernel_entry.py","3947","9DF250FFEBB39AC528DB19D76CD1AFD852942AC81C41E48C02A6E3368B3DC7E5"
"03_往届冠军仓库快照\R107_github_winfan1314_AscendC-S4-Base\Pows_submit\cmake\util\kernel_impl.temp","240","660B98F6111CDD71260984CA38CC289710012291A414E21C4CF1BABB2F1A4AD1"
"03_往届冠军仓库快照\R107_github_winfan1314_AscendC-S4-Base\Pows_submit\cmake\util\makeself\COPYING","18431","189B1AF95D661151E054CEA10C91B3D754E4DE4D3FECFB074C1FB29476F7167B"
"03_往届冠军仓库快照\R107_github_winfan1314_AscendC-S4-Base\Pows_submit\cmake\util\makeself\make-release.sh","349","FBD10A2882B5BF82A407E855F0F088E469F4D142AFDD7B3DFDCC808798E374B9"
"03_往届冠军仓库快照\R107_github_winfan1314_AscendC-S4-Base\Pows_submit\cmake\util\makeself\makeself-header.sh","18618","93AE39674EC8EA07C00245F38CA18365B78787E10DF443049360C051B49B0A97"
"03_往届冠军仓库快照\R107_github_winfan1314_AscendC-S4-Base\Pows_submit\cmake\util\makeself\makeself.1","3189","1518183932195173D43E85ABC10CFB10366B0A1E3FC61A2D6136B68A78AB15FE"
"03_往届冠军仓库快照\R107_github_winfan1314_AscendC-S4-Base\Pows_submit\cmake\util\makeself\makeself.lsm","836","270D45704E0F94F39B67369371A063C4E793F4AF5996B273D30ABC281994C1D9"
"03_往届冠军仓库快照\R107_github_winfan1314_AscendC-S4-Base\Pows_submit\cmake\util\makeself\makeself.sh","25787","40482E4E390F2F3E1C1E06250C31C36814F054DF5254A5CBDD2FE89FD70D9C2B"
"03_往届冠军仓库快照\R107_github_winfan1314_AscendC-S4-Base\Pows_submit\cmake\util\makeself\README.md","22146","C12F14B92112511DE28B943EDDB8765D3D75D1AEDB23AA49442559C1BE273E4A"
"03_往届冠军仓库快照\R107_github_winfan1314_AscendC-S4-Base\Pows_submit\cmake\util\makeself\run-tests.sh","192","A9E7846C51870CA216D9620416C29F82466172876909E382CD7600215E766292"
"03_往届冠军仓库快照\R107_github_winfan1314_AscendC-S4-Base\Pows_submit\cmake\util\makeself\VERSION","7","6117CCF1F1DE058A9243D93A2A0FB0C13BFD3CD3D4DA8E8AAF3C85EABDBEF5B5"
"03_往届冠军仓库快照\R107_github_winfan1314_AscendC-S4-Base\Pows_submit\cmake\util\merge_aicpu_info_json.sh","1143","AEFF13DF06A408A231344AFDB046A914B0319D95C02547F93E5357B64CDA23EB"
"03_往届冠军仓库快照\R107_github_winfan1314_AscendC-S4-Base\Pows_submit\cmake\util\opdesc_parser.py","14527","5FE25154FF62E9FE1DD3D6F517B0E2A03C1F7FCA148C57C402444BDD67B300D4"
"03_往届冠军仓库快照\R107_github_winfan1314_AscendC-S4-Base\Pows_submit\cmake\util\parse_ini_to_json.py","13195","FA25B699BB3EB603849CCCAB152C791F72FF83D246F366DD8F064E9165EAA247"
"03_往届冠军仓库快照\R107_github_winfan1314_AscendC-S4-Base\Pows_submit\cmake\util\preset_parse.py","861","23C46E652B4411E735E7A6C10EE262E0508C41799E60660E60B5028F317535CB"
"03_往届冠军仓库快照\R107_github_winfan1314_AscendC-S4-Base\Pows_submit\cmake\util\replay_codegen.py","4527","56F4EEA8AA8CEB6E44795AB8DC5785D3D1D608697385D190564399AC6DC56A18"
"03_往届冠军仓库快照\R107_github_winfan1314_AscendC-S4-Base\Pows_submit\cmake\util\replay_impl.temp","4207","E66480E82316EEC24DDA34890235F281D0631CF13FBEC631788E586CA7B7B458"
"03_往届冠军仓库快照\R107_github_winfan1314_AscendC-S4-Base\Pows_submit\cmake\util\tiling_data_def_build.py","4172","93089EA6995DE374AEDBDED2781A75C8F0D2501E691890F269A0E0454F9F55C8"
"03_往届冠军仓库快照\R107_github_winfan1314_AscendC-S4-Base\Pows_submit\CMakeLists.txt","3194","15A37B346CD1584B6DC8D139B436BE3D33BC3EF5D9FEBC8520F255DD0049FAF2"
"03_往届冠军仓库快照\R107_github_winfan1314_AscendC-S4-Base\Pows_submit\CMakePresets.json","2092","22DA386876CDEBB130F78C228EA845B4504A30EF88065286FFB533F05FCB8531"
"03_往届冠军仓库快照\R107_github_winfan1314_AscendC-S4-Base\Pows_submit\framework\CMakeLists.txt","396","2B9117B8865AB55A4C4018C86AD230F5C4AFDED78FBBEE939CB0385501C022B6"
"03_往届冠军仓库快照\R107_github_winfan1314_AscendC-S4-Base\Pows_submit\framework\tf_plugin\CMakeLists.txt","593","632568F858CE5D11D8405EC4C32E23A6403F184247953721C447DB5BF98057C9"
"03_往届冠军仓库快照\R107_github_winfan1314_AscendC-S4-Base\Pows_submit\framework\tf_plugin\tensorflow_pows_plugin.cc","875","2CCB258F3BF0397069E5960EAF3C6492988B2DBFDC108E0521C4C9688A9BB6BA"
"03_往届冠军仓库快照\R107_github_winfan1314_AscendC-S4-Base\Pows_submit\op_host\CMakeLists.txt","3399","BDC23150BEDFD045F74B1B6F30EB630F2CEC5842A9ED7801707161EA2D8B295A"
"03_往届冠军仓库快照\R107_github_winfan1314_AscendC-S4-Base\Pows_submit\op_host\host_inc.h","441","026F6305DE88082996C51EB7A39E1D041E3ECD5C36ADDEEBEF9C09212FDE097D"
"03_往届冠军仓库快照\R107_github_winfan1314_AscendC-S4-Base\Pows_submit\op_host\pows_tiling.h","1971","ED8A7E94ABC5B6479A379046CBD62B1DDA4DC555F2C24B2AA2A15E8E8223C9EF"
"03_往届冠军仓库快照\R107_github_winfan1314_AscendC-S4-Base\Pows_submit\op_host\pows.cpp","15518","F5B9E725012EF7EC0A5B0042B4DDCFFBD864078CFDC8740A52A1DEA15B73AF52"
"03_往届冠军仓库快照\R107_github_winfan1314_AscendC-S4-Base\Pows_submit\op_kernel\CMakeLists.txt","2818","E3D4D5A4FEC3C93A4E5C2A55E1A39AD5CB7FD0CF62B0497BA0BEE8CFED723F2F"
"03_往届冠军仓库快照\R107_github_winfan1314_AscendC-S4-Base\Pows_submit\op_kernel\kernel_inc.h","2989","0EAFECD84053099DD10F6192F6FE264D27B568A040EA66E69D854BDB83AE4976"
"03_往届冠军仓库快照\R107_github_winfan1314_AscendC-S4-Base\Pows_submit\op_kernel\pows.cpp","23209","6A0B45CEFB26554C835B3971A068AA6950CAFFEF62BE93CB80B16FE68BE3490E"
"03_往届冠军仓库快照\R107_github_winfan1314_AscendC-S4-Base\Pows_submit\scripts\help.info","81","27067F1EC0A23A694AE80EC4A05BC68415A284FBAF509B1A9CC0234035C61E5B"
"03_往届冠军仓库快照\R107_github_winfan1314_AscendC-S4-Base\Pows_submit\scripts\upgrade.sh","4151","DDF117CFD96BF93194F66A8C4C7A298A263254107D1EFAE8F2081F0626E4C1F7"
"03_往届冠军仓库快照\R107_github_winfan1314_AscendC-S4-Base\Reshape_submit\build.sh","2707","B7AC6755E9B89CBFEDA9CC450F4D96930DF2A7CD573283F032D40358FF0E075B"
"03_往届冠军仓库快照\R107_github_winfan1314_AscendC-S4-Base\Reshape_submit\cmake\config.cmake","1362","D47496C06D8A1E69BAE74E6CFAC6F130ED436BC1252A9C4C56D9893C9FA09FCE"
"03_往届冠军仓库快照\R107_github_winfan1314_AscendC-S4-Base\Reshape_submit\cmake\func.cmake","9720","D62D7295F92B883696871DA3291BF89CB01304BC9CE55A3418E2E45ACA849FD7"
"03_往届冠军仓库快照\R107_github_winfan1314_AscendC-S4-Base\Reshape_submit\cmake\intf.cmake","1061","0C2533D6A98259B396930252585C65F1CD582D667171F20AFA4759FCDEB2C5A5"
"03_往届冠军仓库快照\R107_github_winfan1314_AscendC-S4-Base\Reshape_submit\cmake\makeself.cmake","1411","E417E77228AE18A82CF2D551D63CBA5B8E001069DE18ECE287597D6E043B9573"
"03_往届冠军仓库快照\R107_github_winfan1314_AscendC-S4-Base\Reshape_submit\cmake\util\__init__.py","158","3F8B7683A736D7274A9A5B95FA7AF6DBDE368599C327336EAADE4059BE3C850F"
"03_往届冠军仓库快照\R107_github_winfan1314_AscendC-S4-Base\Reshape_submit\cmake\util\ascendc_bin_param_build.py","21488","5414E49F5154E7397C07D94EDFF6C0ECA72EB075AC157D0B4DDBCD1425751511"
"03_往届冠军仓库快照\R107_github_winfan1314_AscendC-S4-Base\Reshape_submit\cmake\util\ascendc_gen_options.py","3350","FBD8BC4332B2340FDB71F4BBAE452E93C3A54B43CEA86818643D9D9D61794D35"
"03_往届冠军仓库快照\R107_github_winfan1314_AscendC-S4-Base\Reshape_submit\cmake\util\ascendc_impl_build.py","28353","4F3086C115B60D627C0081894A10E38D96EBD0149154A08BCBE064CDDBC162B3"
"03_往届冠军仓库快照\R107_github_winfan1314_AscendC-S4-Base\Reshape_submit\cmake\util\ascendc_ops_config.py","10286","D5115115B7432FB649DF4087095325B043F42C46A035BDCAB0258D44F8835025"
"03_往届冠军仓库快照\R107_github_winfan1314_AscendC-S4-Base\Reshape_submit\cmake\util\ascendc_replay_build.py","2712","165C9FE01344DC57176004A21AB38A23DB4B1186FE60B1A5AF63E9D4EE0BE263"
"03_往届冠军仓库快照\R107_github_winfan1314_AscendC-S4-Base\Reshape_submit\cmake\util\batch_replay_impl.temp","3889","C1B37BD05B2BD1CBF093AF635F4B2F18540BF98ED7FF4B04C3287B1F1A0FCCE0"
"03_往届冠军仓库快照\R107_github_winfan1314_AscendC-S4-Base\Reshape_submit\cmake\util\code_channel_infer.py","1597","EA76DA48CC19A3CFB3E06EA25FF1DBD03039E4FBE7C2D3690F6FEBC6F0C90E1B"
"03_往届冠军仓库快照\R107_github_winfan1314_AscendC-S4-Base\Reshape_submit\cmake\util\const_var.py","1505","5769FF6128070F83BE6246019212F5930ABEDEA17A2A0D7AEC63C5B6659760B9"
"03_往届冠军仓库快照\R107_github_winfan1314_AscendC-S4-Base\Reshape_submit\cmake\util\gen_impl_and_mrege_json.sh","646","8E62E9A6C1F4D5691417B9B25A4B77BCA4E8ADF26B1D677E1EEE7B013121DE8D"
"03_往届冠军仓库快照\R107_github_winfan1314_AscendC-S4-Base\Reshape_submit\cmake\util\gen_ops_filter.sh","1506","CE87DD1E7FB96BD999C3DDC93CD36F29FBD6A3F3AB75E088C5FDDA1AFC3D3A28"
"03_往届冠军仓库快照\R107_github_winfan1314_AscendC-S4-Base\Reshape_submit\cmake\util\gen_version_info.sh","353","1871CFEF3DD083C81966A95F98C812A19DF8FE0A4C83DFC3CA5BA03DB6E65A9A"
"03_往届冠军仓库快照\R107_github_winfan1314_AscendC-S4-Base\Reshape_submit\cmake\util\insert_op_info.py","1098","A15BAB921F83F74CE42E828EC1D1DD3F4057823F48B44CB138F85ACD906472CB"
"03_往届冠军仓库快照\R107_github_winfan1314_AscendC-S4-Base\Reshape_submit\cmake\util\insert_simplified_keys.py","6668","A1A460FE71424FBD78EF188ECC09C3B76BC9DAA99AE2D48D342DC0128FFA134F"
"03_往届冠军仓库快照\R107_github_winfan1314_AscendC-S4-Base\Reshape_submit\cmake\util\kernel_entry.py","3947","9DF250FFEBB39AC528DB19D76CD1AFD852942AC81C41E48C02A6E3368B3DC7E5"
"03_往届冠军仓库快照\R107_github_winfan1314_AscendC-S4-Base\Reshape_submit\cmake\util\kernel_impl.temp","240","660B98F6111CDD71260984CA38CC289710012291A414E21C4CF1BABB2F1A4AD1"
"03_往届冠军仓库快照\R107_github_winfan1314_AscendC-S4-Base\Reshape_submit\cmake\util\makeself\COPYING","18431","189B1AF95D661151E054CEA10C91B3D754E4DE4D3FECFB074C1FB29476F7167B"
"03_往届冠军仓库快照\R107_github_winfan1314_AscendC-S4-Base\Reshape_submit\cmake\util\makeself\make-release.sh","349","FBD10A2882B5BF82A407E855F0F088E469F4D142AFDD7B3DFDCC808798E374B9"
"03_往届冠军仓库快照\R107_github_winfan1314_AscendC-S4-Base\Reshape_submit\cmake\util\makeself\makeself-header.sh","18618","93AE39674EC8EA07C00245F38CA18365B78787E10DF443049360C051B49B0A97"
"03_往届冠军仓库快照\R107_github_winfan1314_AscendC-S4-Base\Reshape_submit\cmake\util\makeself\makeself.1","3189","1518183932195173D43E85ABC10CFB10366B0A1E3FC61A2D6136B68A78AB15FE"
"03_往届冠军仓库快照\R107_github_winfan1314_AscendC-S4-Base\Reshape_submit\cmake\util\makeself\makeself.lsm","836","270D45704E0F94F39B67369371A063C4E793F4AF5996B273D30ABC281994C1D9"
"03_往届冠军仓库快照\R107_github_winfan1314_AscendC-S4-Base\Reshape_submit\cmake\util\makeself\makeself.sh","25787","40482E4E390F2F3E1C1E06250C31C36814F054DF5254A5CBDD2FE89FD70D9C2B"
"03_往届冠军仓库快照\R107_github_winfan1314_AscendC-S4-Base\Reshape_submit\cmake\util\makeself\README.md","22146","C12F14B92112511DE28B943EDDB8765D3D75D1AEDB23AA49442559C1BE273E4A"
"03_往届冠军仓库快照\R107_github_winfan1314_AscendC-S4-Base\Reshape_submit\cmake\util\makeself\run-tests.sh","192","A9E7846C51870CA216D9620416C29F82466172876909E382CD7600215E766292"
"03_往届冠军仓库快照\R107_github_winfan1314_AscendC-S4-Base\Reshape_submit\cmake\util\makeself\VERSION","7","6117CCF1F1DE058A9243D93A2A0FB0C13BFD3CD3D4DA8E8AAF3C85EABDBEF5B5"
"03_往届冠军仓库快照\R107_github_winfan1314_AscendC-S4-Base\Reshape_submit\cmake\util\merge_aicpu_info_json.sh","1143","AEFF13DF06A408A231344AFDB046A914B0319D95C02547F93E5357B64CDA23EB"
"03_往届冠军仓库快照\R107_github_winfan1314_AscendC-S4-Base\Reshape_submit\cmake\util\opdesc_parser.py","14527","5FE25154FF62E9FE1DD3D6F517B0E2A03C1F7FCA148C57C402444BDD67B300D4"
"03_往届冠军仓库快照\R107_github_winfan1314_AscendC-S4-Base\Reshape_submit\cmake\util\parse_ini_to_json.py","13195","FA25B699BB3EB603849CCCAB152C791F72FF83D246F366DD8F064E9165EAA247"
"03_往届冠军仓库快照\R107_github_winfan1314_AscendC-S4-Base\Reshape_submit\cmake\util\preset_parse.py","861","23C46E652B4411E735E7A6C10EE262E0508C41799E60660E60B5028F317535CB"
"03_往届冠军仓库快照\R107_github_winfan1314_AscendC-S4-Base\Reshape_submit\cmake\util\replay_codegen.py","4527","56F4EEA8AA8CEB6E44795AB8DC5785D3D1D608697385D190564399AC6DC56A18"
"03_往届冠军仓库快照\R107_github_winfan1314_AscendC-S4-Base\Reshape_submit\cmake\util\replay_impl.temp","4207","E66480E82316EEC24DDA34890235F281D0631CF13FBEC631788E586CA7B7B458"
"03_往届冠军仓库快照\R107_github_winfan1314_AscendC-S4-Base\Reshape_submit\cmake\util\tiling_data_def_build.py","4172","93089EA6995DE374AEDBDED2781A75C8F0D2501E691890F269A0E0454F9F55C8"
"03_往届冠军仓库快照\R107_github_winfan1314_AscendC-S4-Base\Reshape_submit\CMakeLists.txt","3194","15A37B346CD1584B6DC8D139B436BE3D33BC3EF5D9FEBC8520F255DD0049FAF2"
"03_往届冠军仓库快照\R107_github_winfan1314_AscendC-S4-Base\Reshape_submit\CMakePresets.json","2092","22DA386876CDEBB130F78C228EA845B4504A30EF88065286FFB533F05FCB8531"
"03_往届冠军仓库快照\R107_github_winfan1314_AscendC-S4-Base\Reshape_submit\framework\CMakeLists.txt","396","2B9117B8865AB55A4C4018C86AD230F5C4AFDED78FBBEE939CB0385501C022B6"
"03_往届冠军仓库快照\R107_github_winfan1314_AscendC-S4-Base\Reshape_submit\framework\tf_plugin\CMakeLists.txt","593","632568F858CE5D11D8405EC4C32E23A6403F184247953721C447DB5BF98057C9"
"03_往届冠军仓库快照\R107_github_winfan1314_AscendC-S4-Base\Reshape_submit\framework\tf_plugin\tensorflow_reshape_plugin.cc","881","F4E884F3075078A60E3A86F9112B8FC1CE49084E93A854B7B36A616E3478BC9B"
"03_往届冠军仓库快照\R107_github_winfan1314_AscendC-S4-Base\Reshape_submit\op_host\CMakeLists.txt","3399","BDC23150BEDFD045F74B1B6F30EB630F2CEC5842A9ED7801707161EA2D8B295A"
"03_往届冠军仓库快照\R107_github_winfan1314_AscendC-S4-Base\Reshape_submit\op_host\host_inc.h","441","026F6305DE88082996C51EB7A39E1D041E3ECD5C36ADDEEBEF9C09212FDE097D"
"03_往届冠军仓库快照\R107_github_winfan1314_AscendC-S4-Base\Reshape_submit\op_host\reshape_tiling.h","337","97AD6335C702B9F58E785248123F1E7866A6D915FE10339806966BD39B614B04"
"03_往届冠军仓库快照\R107_github_winfan1314_AscendC-S4-Base\Reshape_submit\op_host\reshape.cpp","8229","AFB5EA1F52A85DB5C491D50B4FBC3DC1005F00FA43AA910EAAF46C27AC8B8F23"
"03_往届冠军仓库快照\R107_github_winfan1314_AscendC-S4-Base\Reshape_submit\op_kernel\CMakeLists.txt","2758","734B2C7EFA66073F407CDDBD9C06D9DA10A9B29126099D57F6D4BACEB9A27253"
"03_往届冠军仓库快照\R107_github_winfan1314_AscendC-S4-Base\Reshape_submit\op_kernel\kernel_inc.h","2989","0EAFECD84053099DD10F6192F6FE264D27B568A040EA66E69D854BDB83AE4976"
"03_往届冠军仓库快照\R107_github_winfan1314_AscendC-S4-Base\Reshape_submit\op_kernel\reshape.cpp","3337","0178D2A0D39036E910410C5B8E2697DD6A0C9EAD0C03419DEA4FD9C8AD118A08"
"03_往届冠军仓库快照\R107_github_winfan1314_AscendC-S4-Base\Reshape_submit\scripts\help.info","81","27067F1EC0A23A694AE80EC4A05BC68415A284FBAF509B1A9CC0234035C61E5B"
"03_往届冠军仓库快照\R107_github_winfan1314_AscendC-S4-Base\Reshape_submit\scripts\upgrade.sh","4151","DDF117CFD96BF93194F66A8C4C7A298A263254107D1EFAE8F2081F0626E4C1F7"
"03_往届冠军仓库快照\R107_github_winfan1314_AscendC-S4-Base\RmsNorm\build.sh","2707","B7AC6755E9B89CBFEDA9CC450F4D96930DF2A7CD573283F032D40358FF0E075B"
"03_往届冠军仓库快照\R107_github_winfan1314_AscendC-S4-Base\RmsNorm\cmake\config.cmake","1362","D47496C06D8A1E69BAE74E6CFAC6F130ED436BC1252A9C4C56D9893C9FA09FCE"
"03_往届冠军仓库快照\R107_github_winfan1314_AscendC-S4-Base\RmsNorm\cmake\func.cmake","9720","D62D7295F92B883696871DA3291BF89CB01304BC9CE55A3418E2E45ACA849FD7"
"03_往届冠军仓库快照\R107_github_winfan1314_AscendC-S4-Base\RmsNorm\cmake\intf.cmake","1061","0C2533D6A98259B396930252585C65F1CD582D667171F20AFA4759FCDEB2C5A5"
"03_往届冠军仓库快照\R107_github_winfan1314_AscendC-S4-Base\RmsNorm\cmake\makeself.cmake","1411","E417E77228AE18A82CF2D551D63CBA5B8E001069DE18ECE287597D6E043B9573"
"03_往届冠军仓库快照\R107_github_winfan1314_AscendC-S4-Base\RmsNorm\cmake\util\__init__.py","158","3F8B7683A736D7274A9A5B95FA7AF6DBDE368599C327336EAADE4059BE3C850F"
"03_往届冠军仓库快照\R107_github_winfan1314_AscendC-S4-Base\RmsNorm\cmake\util\__pycache__\const_var.cpython-39.pyc","1628","5CC1CF1A26EFBA9C3341894B63E89E5F80FCF2AA50EFC92CC823F5DF6530B2A2"
"03_往届冠军仓库快照\R107_github_winfan1314_AscendC-S4-Base\RmsNorm\cmake\util\__pycache__\opdesc_parser.cpython-39.pyc","11179","571440D07896325C6383685109DF54DCAF22881E00C56B197EB1D2E1A407B872"
"03_往届冠军仓库快照\R107_github_winfan1314_AscendC-S4-Base\RmsNorm\cmake\util\ascendc_bin_param_build.py","21488","5414E49F5154E7397C07D94EDFF6C0ECA72EB075AC157D0B4DDBCD1425751511"
"03_往届冠军仓库快照\R107_github_winfan1314_AscendC-S4-Base\RmsNorm\cmake\util\ascendc_gen_options.py","3350","FBD8BC4332B2340FDB71F4BBAE452E93C3A54B43CEA86818643D9D9D61794D35"
"03_往届冠军仓库快照\R107_github_winfan1314_AscendC-S4-Base\RmsNorm\cmake\util\ascendc_impl_build.py","28353","4F3086C115B60D627C0081894A10E38D96EBD0149154A08BCBE064CDDBC162B3"
"03_往届冠军仓库快照\R107_github_winfan1314_AscendC-S4-Base\RmsNorm\cmake\util\ascendc_ops_config.py","10286","D5115115B7432FB649DF4087095325B043F42C46A035BDCAB0258D44F8835025"
"03_往届冠军仓库快照\R107_github_winfan1314_AscendC-S4-Base\RmsNorm\cmake\util\ascendc_replay_build.py","2712","165C9FE01344DC57176004A21AB38A23DB4B1186FE60B1A5AF63E9D4EE0BE263"
"03_往届冠军仓库快照\R107_github_winfan1314_AscendC-S4-Base\RmsNorm\cmake\util\batch_replay_impl.temp","3889","C1B37BD05B2BD1CBF093AF635F4B2F18540BF98ED7FF4B04C3287B1F1A0FCCE0"
"03_往届冠军仓库快照\R107_github_winfan1314_AscendC-S4-Base\RmsNorm\cmake\util\code_channel_infer.py","1597","EA76DA48CC19A3CFB3E06EA25FF1DBD03039E4FBE7C2D3690F6FEBC6F0C90E1B"
"03_往届冠军仓库快照\R107_github_winfan1314_AscendC-S4-Base\RmsNorm\cmake\util\const_var.py","1505","5769FF6128070F83BE6246019212F5930ABEDEA17A2A0D7AEC63C5B6659760B9"
"03_往届冠军仓库快照\R107_github_winfan1314_AscendC-S4-Base\RmsNorm\cmake\util\gen_impl_and_mrege_json.sh","646","8E62E9A6C1F4D5691417B9B25A4B77BCA4E8ADF26B1D677E1EEE7B013121DE8D"
"03_往届冠军仓库快照\R107_github_winfan1314_AscendC-S4-Base\RmsNorm\cmake\util\gen_ops_filter.sh","1506","CE87DD1E7FB96BD999C3DDC93CD36F29FBD6A3F3AB75E088C5FDDA1AFC3D3A28"
"03_往届冠军仓库快照\R107_github_winfan1314_AscendC-S4-Base\RmsNorm\cmake\util\gen_version_info.sh","353","1871CFEF3DD083C81966A95F98C812A19DF8FE0A4C83DFC3CA5BA03DB6E65A9A"
"03_往届冠军仓库快照\R107_github_winfan1314_AscendC-S4-Base\RmsNorm\cmake\util\insert_op_info.py","1098","A15BAB921F83F74CE42E828EC1D1DD3F4057823F48B44CB138F85ACD906472CB"
"03_往届冠军仓库快照\R107_github_winfan1314_AscendC-S4-Base\RmsNorm\cmake\util\insert_simplified_keys.py","6668","A1A460FE71424FBD78EF188ECC09C3B76BC9DAA99AE2D48D342DC0128FFA134F"
"03_往届冠军仓库快照\R107_github_winfan1314_AscendC-S4-Base\RmsNorm\cmake\util\kernel_entry.py","3947","9DF250FFEBB39AC528DB19D76CD1AFD852942AC81C41E48C02A6E3368B3DC7E5"
"03_往届冠军仓库快照\R107_github_winfan1314_AscendC-S4-Base\RmsNorm\cmake\util\kernel_impl.temp","240","660B98F6111CDD71260984CA38CC289710012291A414E21C4CF1BABB2F1A4AD1"
"03_往届冠军仓库快照\R107_github_winfan1314_AscendC-S4-Base\RmsNorm\cmake\util\makeself\COPYING","18431","189B1AF95D661151E054CEA10C91B3D754E4DE4D3FECFB074C1FB29476F7167B"
"03_往届冠军仓库快照\R107_github_winfan1314_AscendC-S4-Base\RmsNorm\cmake\util\makeself\make-release.sh","349","FBD10A2882B5BF82A407E855F0F088E469F4D142AFDD7B3DFDCC808798E374B9"
"03_往届冠军仓库快照\R107_github_winfan1314_AscendC-S4-Base\RmsNorm\cmake\util\makeself\makeself-header.sh","18618","93AE39674EC8EA07C00245F38CA18365B78787E10DF443049360C051B49B0A97"
"03_往届冠军仓库快照\R107_github_winfan1314_AscendC-S4-Base\RmsNorm\cmake\util\makeself\makeself.1","3189","1518183932195173D43E85ABC10CFB10366B0A1E3FC61A2D6136B68A78AB15FE"
"03_往届冠军仓库快照\R107_github_winfan1314_AscendC-S4-Base\RmsNorm\cmake\util\makeself\makeself.lsm","836","270D45704E0F94F39B67369371A063C4E793F4AF5996B273D30ABC281994C1D9"
"03_往届冠军仓库快照\R107_github_winfan1314_AscendC-S4-Base\RmsNorm\cmake\util\makeself\makeself.sh","25787","40482E4E390F2F3E1C1E06250C31C36814F054DF5254A5CBDD2FE89FD70D9C2B"
"03_往届冠军仓库快照\R107_github_winfan1314_AscendC-S4-Base\RmsNorm\cmake\util\makeself\README.md","22146","C12F14B92112511DE28B943EDDB8765D3D75D1AEDB23AA49442559C1BE273E4A"
"03_往届冠军仓库快照\R107_github_winfan1314_AscendC-S4-Base\RmsNorm\cmake\util\makeself\run-tests.sh","192","A9E7846C51870CA216D9620416C29F82466172876909E382CD7600215E766292"
"03_往届冠军仓库快照\R107_github_winfan1314_AscendC-S4-Base\RmsNorm\cmake\util\makeself\VERSION","7","6117CCF1F1DE058A9243D93A2A0FB0C13BFD3CD3D4DA8E8AAF3C85EABDBEF5B5"
"03_往届冠军仓库快照\R107_github_winfan1314_AscendC-S4-Base\RmsNorm\cmake\util\merge_aicpu_info_json.sh","1143","AEFF13DF06A408A231344AFDB046A914B0319D95C02547F93E5357B64CDA23EB"
"03_往届冠军仓库快照\R107_github_winfan1314_AscendC-S4-Base\RmsNorm\cmake\util\opdesc_parser.py","14527","5FE25154FF62E9FE1DD3D6F517B0E2A03C1F7FCA148C57C402444BDD67B300D4"
"03_往届冠军仓库快照\R107_github_winfan1314_AscendC-S4-Base\RmsNorm\cmake\util\parse_ini_to_json.py","13195","FA25B699BB3EB603849CCCAB152C791F72FF83D246F366DD8F064E9165EAA247"
"03_往届冠军仓库快照\R107_github_winfan1314_AscendC-S4-Base\RmsNorm\cmake\util\preset_parse.py","861","23C46E652B4411E735E7A6C10EE262E0508C41799E60660E60B5028F317535CB"
"03_往届冠军仓库快照\R107_github_winfan1314_AscendC-S4-Base\RmsNorm\cmake\util\replay_codegen.py","4527","56F4EEA8AA8CEB6E44795AB8DC5785D3D1D608697385D190564399AC6DC56A18"
"03_往届冠军仓库快照\R107_github_winfan1314_AscendC-S4-Base\RmsNorm\cmake\util\replay_impl.temp","4207","E66480E82316EEC24DDA34890235F281D0631CF13FBEC631788E586CA7B7B458"
"03_往届冠军仓库快照\R107_github_winfan1314_AscendC-S4-Base\RmsNorm\cmake\util\tiling_data_def_build.py","4172","93089EA6995DE374AEDBDED2781A75C8F0D2501E691890F269A0E0454F9F55C8"
"03_往届冠军仓库快照\R107_github_winfan1314_AscendC-S4-Base\RmsNorm\CMakeLists.txt","3194","15A37B346CD1584B6DC8D139B436BE3D33BC3EF5D9FEBC8520F255DD0049FAF2"
"03_往届冠军仓库快照\R107_github_winfan1314_AscendC-S4-Base\RmsNorm\CMakePresets.json","2092","22DA386876CDEBB130F78C228EA845B4504A30EF88065286FFB533F05FCB8531"
"03_往届冠军仓库快照\R107_github_winfan1314_AscendC-S4-Base\RmsNorm\framework\CMakeLists.txt","396","2B9117B8865AB55A4C4018C86AD230F5C4AFDED78FBBEE939CB0385501C022B6"
"03_往届冠军仓库快照\R107_github_winfan1314_AscendC-S4-Base\RmsNorm\framework\tf_plugin\CMakeLists.txt","593","632568F858CE5D11D8405EC4C32E23A6403F184247953721C447DB5BF98057C9"
"03_往届冠军仓库快照\R107_github_winfan1314_AscendC-S4-Base\RmsNorm\framework\tf_plugin\tensorflow_rms_norm_plugin.cc","881","E9F31896F2C6E349F9496C0E7F07B9A8BD7FC1253BD2CD094DFC396224CD29AB"
"03_往届冠军仓库快照\R107_github_winfan1314_AscendC-S4-Base\RmsNorm\op_host\CMakeLists.txt","3399","BDC23150BEDFD045F74B1B6F30EB630F2CEC5842A9ED7801707161EA2D8B295A"
"03_往届冠军仓库快照\R107_github_winfan1314_AscendC-S4-Base\RmsNorm\op_host\rms_norm_tiling.h","831","A740E874BDF66700E9249FA510989E710A722D5817EF027FB8C2074128EDC8D0"
"03_往届冠军仓库快照\R107_github_winfan1314_AscendC-S4-Base\RmsNorm\op_host\rms_norm.cpp","11700","CC2894C9C2EA4DC347E82E2F360D07AD9579E1E5A14E73BD6A37ABF3C9DE06BA"
"03_往届冠军仓库快照\R107_github_winfan1314_AscendC-S4-Base\RmsNorm\op_kernel\CMakeLists.txt","2758","734B2C7EFA66073F407CDDBD9C06D9DA10A9B29126099D57F6D4BACEB9A27253"
"03_往届冠军仓库快照\R107_github_winfan1314_AscendC-S4-Base\RmsNorm\op_kernel\rms_norm.cpp","37797","CCEC2C1EF30B2F79938AD4AF3561B85ED35935008A362A568A31924868237B4F"
"03_往届冠军仓库快照\R107_github_winfan1314_AscendC-S4-Base\RmsNorm\scripts\help.info","81","27067F1EC0A23A694AE80EC4A05BC68415A284FBAF509B1A9CC0234035C61E5B"
"03_往届冠军仓库快照\R107_github_winfan1314_AscendC-S4-Base\RmsNorm\scripts\upgrade.sh","4151","DDF117CFD96BF93194F66A8C4C7A298A263254107D1EFAE8F2081F0626E4C1F7"
"03_往届冠军仓库快照\R107_github_winfan1314_AscendC-S4-Base\SelectV2_submit\build.sh","2707","B7AC6755E9B89CBFEDA9CC450F4D96930DF2A7CD573283F032D40358FF0E075B"
"03_往届冠军仓库快照\R107_github_winfan1314_AscendC-S4-Base\SelectV2_submit\cmake\config.cmake","1362","D47496C06D8A1E69BAE74E6CFAC6F130ED436BC1252A9C4C56D9893C9FA09FCE"
"03_往届冠军仓库快照\R107_github_winfan1314_AscendC-S4-Base\SelectV2_submit\cmake\func.cmake","9720","D62D7295F92B883696871DA3291BF89CB01304BC9CE55A3418E2E45ACA849FD7"
"03_往届冠军仓库快照\R107_github_winfan1314_AscendC-S4-Base\SelectV2_submit\cmake\intf.cmake","1061","0C2533D6A98259B396930252585C65F1CD582D667171F20AFA4759FCDEB2C5A5"
"03_往届冠军仓库快照\R107_github_winfan1314_AscendC-S4-Base\SelectV2_submit\cmake\makeself.cmake","1411","E417E77228AE18A82CF2D551D63CBA5B8E001069DE18ECE287597D6E043B9573"
"03_往届冠军仓库快照\R107_github_winfan1314_AscendC-S4-Base\SelectV2_submit\cmake\util\__init__.py","158","3F8B7683A736D7274A9A5B95FA7AF6DBDE368599C327336EAADE4059BE3C850F"
"03_往届冠军仓库快照\R107_github_winfan1314_AscendC-S4-Base\SelectV2_submit\cmake\util\__pycache__\const_var.cpython-39.pyc","1629","E14F29D4A3E48BC62A1F9699836F419AAAA7EF882D1F752ACA7619053C4C6C4F"
"03_往届冠军仓库快照\R107_github_winfan1314_AscendC-S4-Base\SelectV2_submit\cmake\util\__pycache__\opdesc_parser.cpython-39.pyc","11180","5E380BAB4A8D474C035E8272C7A630FE7440156F1C389D74E7568642414B1DF4"
"03_往届冠军仓库快照\R107_github_winfan1314_AscendC-S4-Base\SelectV2_submit\cmake\util\ascendc_bin_param_build.py","21488","5414E49F5154E7397C07D94EDFF6C0ECA72EB075AC157D0B4DDBCD1425751511"
"03_往届冠军仓库快照\R107_github_winfan1314_AscendC-S4-Base\SelectV2_submit\cmake\util\ascendc_gen_options.py","3350","FBD8BC4332B2340FDB71F4BBAE452E93C3A54B43CEA86818643D9D9D61794D35"
"03_往届冠军仓库快照\R107_github_winfan1314_AscendC-S4-Base\SelectV2_submit\cmake\util\ascendc_impl_build.py","28353","4F3086C115B60D627C0081894A10E38D96EBD0149154A08BCBE064CDDBC162B3"
"03_往届冠军仓库快照\R107_github_winfan1314_AscendC-S4-Base\SelectV2_submit\cmake\util\ascendc_ops_config.py","10286","D5115115B7432FB649DF4087095325B043F42C46A035BDCAB0258D44F8835025"
"03_往届冠军仓库快照\R107_github_winfan1314_AscendC-S4-Base\SelectV2_submit\cmake\util\ascendc_replay_build.py","2712","165C9FE01344DC57176004A21AB38A23DB4B1186FE60B1A5AF63E9D4EE0BE263"
"03_往届冠军仓库快照\R107_github_winfan1314_AscendC-S4-Base\SelectV2_submit\cmake\util\batch_replay_impl.temp","3889","C1B37BD05B2BD1CBF093AF635F4B2F18540BF98ED7FF4B04C3287B1F1A0FCCE0"
"03_往届冠军仓库快照\R107_github_winfan1314_AscendC-S4-Base\SelectV2_submit\cmake\util\code_channel_infer.py","1597","EA76DA48CC19A3CFB3E06EA25FF1DBD03039E4FBE7C2D3690F6FEBC6F0C90E1B"
"03_往届冠军仓库快照\R107_github_winfan1314_AscendC-S4-Base\SelectV2_submit\cmake\util\const_var.py","1505","5769FF6128070F83BE6246019212F5930ABEDEA17A2A0D7AEC63C5B6659760B9"
"03_往届冠军仓库快照\R107_github_winfan1314_AscendC-S4-Base\SelectV2_submit\cmake\util\gen_impl_and_mrege_json.sh","646","8E62E9A6C1F4D5691417B9B25A4B77BCA4E8ADF26B1D677E1EEE7B013121DE8D"
"03_往届冠军仓库快照\R107_github_winfan1314_AscendC-S4-Base\SelectV2_submit\cmake\util\gen_ops_filter.sh","1506","CE87DD1E7FB96BD999C3DDC93CD36F29FBD6A3F3AB75E088C5FDDA1AFC3D3A28"
"03_往届冠军仓库快照\R107_github_winfan1314_AscendC-S4-Base\SelectV2_submit\cmake\util\gen_version_info.sh","353","1871CFEF3DD083C81966A95F98C812A19DF8FE0A4C83DFC3CA5BA03DB6E65A9A"
"03_往届冠军仓库快照\R107_github_winfan1314_AscendC-S4-Base\SelectV2_submit\cmake\util\insert_op_info.py","1098","A15BAB921F83F74CE42E828EC1D1DD3F4057823F48B44CB138F85ACD906472CB"
"03_往届冠军仓库快照\R107_github_winfan1314_AscendC-S4-Base\SelectV2_submit\cmake\util\insert_simplified_keys.py","6668","A1A460FE71424FBD78EF188ECC09C3B76BC9DAA99AE2D48D342DC0128FFA134F"
"03_往届冠军仓库快照\R107_github_winfan1314_AscendC-S4-Base\SelectV2_submit\cmake\util\kernel_entry.py","3947","9DF250FFEBB39AC528DB19D76CD1AFD852942AC81C41E48C02A6E3368B3DC7E5"
"03_往届冠军仓库快照\R107_github_winfan1314_AscendC-S4-Base\SelectV2_submit\cmake\util\kernel_impl.temp","240","660B98F6111CDD71260984CA38CC289710012291A414E21C4CF1BABB2F1A4AD1"
"03_往届冠军仓库快照\R107_github_winfan1314_AscendC-S4-Base\SelectV2_submit\cmake\util\makeself\COPYING","18431","189B1AF95D661151E054CEA10C91B3D754E4DE4D3FECFB074C1FB29476F7167B"
"03_往届冠军仓库快照\R107_github_winfan1314_AscendC-S4-Base\SelectV2_submit\cmake\util\makeself\make-release.sh","349","FBD10A2882B5BF82A407E855F0F088E469F4D142AFDD7B3DFDCC808798E374B9"
"03_往届冠军仓库快照\R107_github_winfan1314_AscendC-S4-Base\SelectV2_submit\cmake\util\makeself\makeself-header.sh","18618","93AE39674EC8EA07C00245F38CA18365B78787E10DF443049360C051B49B0A97"
"03_往届冠军仓库快照\R107_github_winfan1314_AscendC-S4-Base\SelectV2_submit\cmake\util\makeself\makeself.1","3189","1518183932195173D43E85ABC10CFB10366B0A1E3FC61A2D6136B68A78AB15FE"
"03_往届冠军仓库快照\R107_github_winfan1314_AscendC-S4-Base\SelectV2_submit\cmake\util\makeself\makeself.lsm","836","270D45704E0F94F39B67369371A063C4E793F4AF5996B273D30ABC281994C1D9"
"03_往届冠军仓库快照\R107_github_winfan1314_AscendC-S4-Base\SelectV2_submit\cmake\util\makeself\makeself.sh","25787","40482E4E390F2F3E1C1E06250C31C36814F054DF5254A5CBDD2FE89FD70D9C2B"
"03_往届冠军仓库快照\R107_github_winfan1314_AscendC-S4-Base\SelectV2_submit\cmake\util\makeself\README.md","22146","C12F14B92112511DE28B943EDDB8765D3D75D1AEDB23AA49442559C1BE273E4A"
"03_往届冠军仓库快照\R107_github_winfan1314_AscendC-S4-Base\SelectV2_submit\cmake\util\makeself\run-tests.sh","192","A9E7846C51870CA216D9620416C29F82466172876909E382CD7600215E766292"
"03_往届冠军仓库快照\R107_github_winfan1314_AscendC-S4-Base\SelectV2_submit\cmake\util\makeself\VERSION","7","6117CCF1F1DE058A9243D93A2A0FB0C13BFD3CD3D4DA8E8AAF3C85EABDBEF5B5"
"03_往届冠军仓库快照\R107_github_winfan1314_AscendC-S4-Base\SelectV2_submit\cmake\util\merge_aicpu_info_json.sh","1143","AEFF13DF06A408A231344AFDB046A914B0319D95C02547F93E5357B64CDA23EB"
"03_往届冠军仓库快照\R107_github_winfan1314_AscendC-S4-Base\SelectV2_submit\cmake\util\opdesc_parser.py","14527","5FE25154FF62E9FE1DD3D6F517B0E2A03C1F7FCA148C57C402444BDD67B300D4"
"03_往届冠军仓库快照\R107_github_winfan1314_AscendC-S4-Base\SelectV2_submit\cmake\util\parse_ini_to_json.py","13195","FA25B699BB3EB603849CCCAB152C791F72FF83D246F366DD8F064E9165EAA247"
"03_往届冠军仓库快照\R107_github_winfan1314_AscendC-S4-Base\SelectV2_submit\cmake\util\preset_parse.py","861","23C46E652B4411E735E7A6C10EE262E0508C41799E60660E60B5028F317535CB"
"03_往届冠军仓库快照\R107_github_winfan1314_AscendC-S4-Base\SelectV2_submit\cmake\util\replay_codegen.py","4527","56F4EEA8AA8CEB6E44795AB8DC5785D3D1D608697385D190564399AC6DC56A18"
"03_往届冠军仓库快照\R107_github_winfan1314_AscendC-S4-Base\SelectV2_submit\cmake\util\replay_impl.temp","4207","E66480E82316EEC24DDA34890235F281D0631CF13FBEC631788E586CA7B7B458"
"03_往届冠军仓库快照\R107_github_winfan1314_AscendC-S4-Base\SelectV2_submit\cmake\util\tiling_data_def_build.py","4172","93089EA6995DE374AEDBDED2781A75C8F0D2501E691890F269A0E0454F9F55C8"
"03_往届冠军仓库快照\R107_github_winfan1314_AscendC-S4-Base\SelectV2_submit\CMakeLists.txt","3194","15A37B346CD1584B6DC8D139B436BE3D33BC3EF5D9FEBC8520F255DD0049FAF2"
"03_往届冠军仓库快照\R107_github_winfan1314_AscendC-S4-Base\SelectV2_submit\CMakePresets.json","2094","0F0EAC8FC3634414BF66BE01F7F4F5EFA29A35D5752EFCF47BA1A559CA0FE0E7"
"03_往届冠军仓库快照\R107_github_winfan1314_AscendC-S4-Base\SelectV2_submit\framework\CMakeLists.txt","396","2B9117B8865AB55A4C4018C86AD230F5C4AFDED78FBBEE939CB0385501C022B6"
"03_往届冠军仓库快照\R107_github_winfan1314_AscendC-S4-Base\SelectV2_submit\framework\tf_plugin\CMakeLists.txt","593","632568F858CE5D11D8405EC4C32E23A6403F184247953721C447DB5BF98057C9"
"03_往届冠军仓库快照\R107_github_winfan1314_AscendC-S4-Base\SelectV2_submit\framework\tf_plugin\tensorflow_select_v2_plugin.cc","883","2E72F9E4A61AB0014ECA1E5DD35DB5388E3C03DE05A48E906ED057AEFFBC7825"
"03_往届冠军仓库快照\R107_github_winfan1314_AscendC-S4-Base\SelectV2_submit\op_host\CMakeLists.txt","3399","BDC23150BEDFD045F74B1B6F30EB630F2CEC5842A9ED7801707161EA2D8B295A"
"03_往届冠军仓库快照\R107_github_winfan1314_AscendC-S4-Base\SelectV2_submit\op_host\host_inc.h","441","026F6305DE88082996C51EB7A39E1D041E3ECD5C36ADDEEBEF9C09212FDE097D"
"03_往届冠军仓库快照\R107_github_winfan1314_AscendC-S4-Base\SelectV2_submit\op_host\select_v2_tiling.h","2282","BC1012050B04602FFEDD62B977D073FEA62131C6CFD53CDF78EA7835A085A273"
"03_往届冠军仓库快照\R107_github_winfan1314_AscendC-S4-Base\SelectV2_submit\op_host\select_v2.cpp","12414","2B2401ACFE9BBDEADFBF458D1E5183421516AF33443700271FE79798B7654C25"
"03_往届冠军仓库快照\R107_github_winfan1314_AscendC-S4-Base\SelectV2_submit\op_kernel\CMakeLists.txt","2758","734B2C7EFA66073F407CDDBD9C06D9DA10A9B29126099D57F6D4BACEB9A27253"
"03_往届冠军仓库快照\R107_github_winfan1314_AscendC-S4-Base\SelectV2_submit\op_kernel\kernel_inc.h","2989","0EAFECD84053099DD10F6192F6FE264D27B568A040EA66E69D854BDB83AE4976"
"03_往届冠军仓库快照\R107_github_winfan1314_AscendC-S4-Base\SelectV2_submit\op_kernel\select_v2.cpp","9027","3E3FC153DA339AA399EE71EB6A1237C1F82F7D8EED73B07A8AF4762017592D38"
"03_往届冠军仓库快照\R107_github_winfan1314_AscendC-S4-Base\SelectV2_submit\scripts\help.info","81","27067F1EC0A23A694AE80EC4A05BC68415A284FBAF509B1A9CC0234035C61E5B"
"03_往届冠军仓库快照\R107_github_winfan1314_AscendC-S4-Base\SelectV2_submit\scripts\upgrade.sh","4151","DDF117CFD96BF93194F66A8C4C7A298A263254107D1EFAE8F2081F0626E4C1F7"
"03_往届冠军仓库快照\R108_github_wybxw_Ascend_ops_Base_S6\.git\config","310","37E87F6317964BF6F8EC79D1A7EB18A0075F7D0E0D9B95F36913502AA77E726C"
"03_往届冠军仓库快照\R108_github_wybxw_Ascend_ops_Base_S6\.git\description","73","85AB6C163D43A17EA9CF7788308BCA1466F1B0A8D1CC92E26E9BF63DA4062AEE"
"03_往届冠军仓库快照\R108_github_wybxw_Ascend_ops_Base_S6\.git\HEAD","23","F6F2B945F6C411B02BA3DA9C7ACE88DCF71B6AF65BA2E0D89AA82900042B5A10"
"03_往届冠军仓库快照\R108_github_wybxw_Ascend_ops_Base_S6\.git\hooks\applypatch-msg.sample","478","0223497A0B8B033AA58A3A521B8629869386CF7AB0E2F101963D328AA62193F7"
"03_往届冠军仓库快照\R108_github_wybxw_Ascend_ops_Base_S6\.git\hooks\commit-msg.sample","896","1F74D5E9292979B573EBD59741D46CB93FF391ACDD083D340B94370753D92437"
"03_往届冠军仓库快照\R108_github_wybxw_Ascend_ops_Base_S6\.git\hooks\fsmonitor-watchman.sample","4726","E0549964E93897B519BD8E333C037E51FFF0F88BA13E086A331592BF801FA1D0"
"03_往届冠军仓库快照\R108_github_wybxw_Ascend_ops_Base_S6\.git\hooks\post-update.sample","189","81765AF2DAEF323061DCBC5E61FC16481CB74B3BAC9AD8A174B186523586F6C5"
"03_往届冠军仓库快照\R108_github_wybxw_Ascend_ops_Base_S6\.git\hooks\pre-applypatch.sample","424","E15C5B469EA3E0A695BEA6F2C82BCF8E62821074939DDD85B77E0007FF165475"
"03_往届冠军仓库快照\R108_github_wybxw_Ascend_ops_Base_S6\.git\hooks\pre-commit.sample","1649","57185B7B9F05239D7AB52DB045F5B89EB31348D7B2177EAB214F5EB872E1971B"
"03_往届冠军仓库快照\R108_github_wybxw_Ascend_ops_Base_S6\.git\hooks\pre-merge-commit.sample","416","D3825A70337940EBBD0A5C072984E13245920CDF8898BD225C8D27A6DFC9CB53"
"03_往届冠军仓库快照\R108_github_wybxw_Ascend_ops_Base_S6\.git\hooks\pre-push.sample","1374","ECCE9C7E04D3F5DD9D8ADA81753DD1D549A9634B26770042B58DDA00217D086A"
"03_往届冠军仓库快照\R108_github_wybxw_Ascend_ops_Base_S6\.git\hooks\pre-rebase.sample","4898","4FEBCE867790052338076F4E66CC47EFB14879D18097D1D61C8261859EAAA7B3"
"03_往届冠军仓库快照\R108_github_wybxw_Ascend_ops_Base_S6\.git\hooks\pre-receive.sample","544","A4C3D2B9C7BB3FD8D1441C31BD4EE71A595D66B44FCF49DDB310252320169989"
"03_往届冠军仓库快照\R108_github_wybxw_Ascend_ops_Base_S6\.git\hooks\prepare-commit-msg.sample","1492","E9DDCAA4189FDDD25ED97FC8C789ECA7B6CA16390B2392AE3276F0C8E1AA4619"
"03_往届冠军仓库快照\R108_github_wybxw_Ascend_ops_Base_S6\.git\hooks\push-to-checkout.sample","2783","A53D0741798B287C6DD7AFA64AEE473F305E65D3F49463BB9D7408EC3B12BF5F"
"03_往届冠军仓库快照\R108_github_wybxw_Ascend_ops_Base_S6\.git\hooks\sendemail-validate.sample","2308","44EBFC923DC5466BC009602F0ECF067B9C65459ABFE8868DDC49B78E6CED7A92"
"03_往届冠军仓库快照\R108_github_wybxw_Ascend_ops_Base_S6\.git\hooks\update.sample","3650","8D5F2FA83E103CF08B57EAA67521DF9194F45CBDBCB37DA52AD586097A14D106"
"03_往届冠军仓库快照\R108_github_wybxw_Ascend_ops_Base_S6\.git\index","1532","265CCBC13A01E1D419F89C042A4E603AF8F079FA158EB0305D45982A25B0AA0E"
"03_往届冠军仓库快照\R108_github_wybxw_Ascend_ops_Base_S6\.git\info\exclude","240","6671FE83B7A07C8932EE89164D1F2793B2318058EB8B98DC5C06EE0A5A3B0EC1"
"03_往届冠军仓库快照\R108_github_wybxw_Ascend_ops_Base_S6\.git\logs\HEAD","191","D11D183777346521CC4C06A6C48C7245D150F50FB0FB6026B7B276FBF2D850E4"
"03_往届冠军仓库快照\R108_github_wybxw_Ascend_ops_Base_S6\.git\logs\refs\heads\master","191","D11D183777346521CC4C06A6C48C7245D150F50FB0FB6026B7B276FBF2D850E4"
"03_往届冠军仓库快照\R108_github_wybxw_Ascend_ops_Base_S6\.git\logs\refs\remotes\origin\HEAD","191","D11D183777346521CC4C06A6C48C7245D150F50FB0FB6026B7B276FBF2D850E4"
"03_往届冠军仓库快照\R108_github_wybxw_Ascend_ops_Base_S6\.git\objects\pack\pack-3bb14fdf711cc02d163073d6682f7746292576b8.idx","1968","C291A33C8F4DB1449CFBDE3EBE2BB7DD5369F2F5E418C36BAFD4DBE6D520CA26"
"03_往届冠军仓库快照\R108_github_wybxw_Ascend_ops_Base_S6\.git\objects\pack\pack-3bb14fdf711cc02d163073d6682f7746292576b8.pack","22083","637F2720F718DB22BCF89BCDB4CB790B5042834BB2B41B3EFEAC76EB691E0BE6"
"03_往届冠军仓库快照\R108_github_wybxw_Ascend_ops_Base_S6\.git\objects\pack\pack-3bb14fdf711cc02d163073d6682f7746292576b8.rev","180","CABA0C8750A4D4B781EDAD6CB738B35CE6FCC5FE6BF27A8393BD5F022CC70C4A"
"03_往届冠军仓库快照\R108_github_wybxw_Ascend_ops_Base_S6\.git\packed-refs","114","8AE11F3A27C49882205FF8C250E079C901FC6150CA040461FCE4E93A99E75A93"
"03_往届冠军仓库快照\R108_github_wybxw_Ascend_ops_Base_S6\.git\refs\heads\master","41","2F290DC7936140705CE3132E4BE053BC8E5260AE7352B06453B5A8D8312813AF"
"03_往届冠军仓库快照\R108_github_wybxw_Ascend_ops_Base_S6\.git\refs\remotes\origin\HEAD","32","CDC65E67690C4C6475174E5EC662B70655246A2F3924354778835AB3BE70AA76"
"03_往届冠军仓库快照\R108_github_wybxw_Ascend_ops_Base_S6\Argmin\ArgMin.json","868","3AE6A3A16E86BBE0DA678D21D7492FA1234810AE286B1BFF034AEFD2754EE179"
"03_往届冠军仓库快照\R108_github_wybxw_Ascend_ops_Base_S6\Argmin\op_host\arg_min_tiling.h","695","60F2958CF4ABCD1E2A55BA1A33D0C7E4C5C5A2D959BF8A2241119D93019A2F5B"
"03_往届冠军仓库快照\R108_github_wybxw_Ascend_ops_Base_S6\Argmin\op_host\arg_min.cpp","5821","8A478AAEE832D03322E107A207623CEADB655178A959C736D570AE505716ED6A"
"03_往届冠军仓库快照\R108_github_wybxw_Ascend_ops_Base_S6\Argmin\op_host\CMakeLists.txt","6641","3F99E9B8934BF9C16722CC36EB95402AE05D12AE473A7F97F77F1ACA75121402"
"03_往届冠军仓库快照\R108_github_wybxw_Ascend_ops_Base_S6\Argmin\op_kernel\arg_min.cpp","12395","DA782ABCC453F0C6EDB189126B5A38C51041AFE4D2A42683674E1D50F4D7BC76"
"03_往届冠军仓库快照\R108_github_wybxw_Ascend_ops_Base_S6\Argmin\op_kernel\CMakeLists.txt","160","28DB4CC809D625D8A352D6078635873484A8D90CF5645711D0FD4FDC6AA6DA81"
"03_往届冠军仓库快照\R108_github_wybxw_Ascend_ops_Base_S6\Expand\Expand.json","976","115E3E76EE7AD0EC5103A7F0608B8F4AF35CB095DD02684D46ACC9420D0D2E0C"
"03_往届冠军仓库快照\R108_github_wybxw_Ascend_ops_Base_S6\Expand\op_host\CMakeLists.txt","6641","3F99E9B8934BF9C16722CC36EB95402AE05D12AE473A7F97F77F1ACA75121402"
"03_往届冠军仓库快照\R108_github_wybxw_Ascend_ops_Base_S6\Expand\op_host\expand_tiling.h","521","CC9D3F09F5674EEEB2B6A5F66B750E572D5C2BEB44E0A93A8155F70EF1F9C438"
"03_往届冠军仓库快照\R108_github_wybxw_Ascend_ops_Base_S6\Expand\op_host\expand.cpp","6677","B68AE9D3C6DBA1F7E915B55BF7AF4625682B9E6E645A43AFA9CF1FD07E6ADABE"
"03_往届冠军仓库快照\R108_github_wybxw_Ascend_ops_Base_S6\Expand\op_kernel\CMakeLists.txt","160","28DB4CC809D625D8A352D6078635873484A8D90CF5645711D0FD4FDC6AA6DA81"
"03_往届冠军仓库快照\R108_github_wybxw_Ascend_ops_Base_S6\Expand\op_kernel\expand.cpp","13883","52376E2453E1A223887C2317EC753E524002E0D9E282EEA62F8F38A1AB21A549"
"03_往届冠军仓库快照\R108_github_wybxw_Ascend_ops_Base_S6\LICENSE","11558","1EB85FC97224598DAD1852B5D6483BBCF0AA8608790DCC657A5A2A761AE9C8C6"
"03_往届冠军仓库快照\R108_github_wybxw_Ascend_ops_Base_S6\README.md","203","0214C066879CF8A1BA3070DB4720D56BB3E98ECD7BCCED222A2D765BF5E6C802"
"03_往届冠军仓库快照\R109_github_wybxw_Ascend_ops_Performance_S6\.git\config","313","719BF8A74318AAE673E2042DB872327C10671D204084F8538677CBAE400BA180"
"03_往届冠军仓库快照\R109_github_wybxw_Ascend_ops_Performance_S6\.git\description","73","85AB6C163D43A17EA9CF7788308BCA1466F1B0A8D1CC92E26E9BF63DA4062AEE"
"03_往届冠军仓库快照\R109_github_wybxw_Ascend_ops_Performance_S6\.git\HEAD","21","28D25BF82AF4C0E2B72F50959B2BEB859E3E60B9630A5E8C603DAD4DDB2B6E80"
"03_往届冠军仓库快照\R109_github_wybxw_Ascend_ops_Performance_S6\.git\hooks\applypatch-msg.sample","478","0223497A0B8B033AA58A3A521B8629869386CF7AB0E2F101963D328AA62193F7"
"03_往届冠军仓库快照\R109_github_wybxw_Ascend_ops_Performance_S6\.git\hooks\commit-msg.sample","896","1F74D5E9292979B573EBD59741D46CB93FF391ACDD083D340B94370753D92437"
"03_往届冠军仓库快照\R109_github_wybxw_Ascend_ops_Performance_S6\.git\hooks\fsmonitor-watchman.sample","4726","E0549964E93897B519BD8E333C037E51FFF0F88BA13E086A331592BF801FA1D0"
"03_往届冠军仓库快照\R109_github_wybxw_Ascend_ops_Performance_S6\.git\hooks\post-update.sample","189","81765AF2DAEF323061DCBC5E61FC16481CB74B3BAC9AD8A174B186523586F6C5"
"03_往届冠军仓库快照\R109_github_wybxw_Ascend_ops_Performance_S6\.git\hooks\pre-applypatch.sample","424","E15C5B469EA3E0A695BEA6F2C82BCF8E62821074939DDD85B77E0007FF165475"
"03_往届冠军仓库快照\R109_github_wybxw_Ascend_ops_Performance_S6\.git\hooks\pre-commit.sample","1649","57185B7B9F05239D7AB52DB045F5B89EB31348D7B2177EAB214F5EB872E1971B"
"03_往届冠军仓库快照\R109_github_wybxw_Ascend_ops_Performance_S6\.git\hooks\pre-merge-commit.sample","416","D3825A70337940EBBD0A5C072984E13245920CDF8898BD225C8D27A6DFC9CB53"
"03_往届冠军仓库快照\R109_github_wybxw_Ascend_ops_Performance_S6\.git\hooks\pre-push.sample","1374","ECCE9C7E04D3F5DD9D8ADA81753DD1D549A9634B26770042B58DDA00217D086A"
"03_往届冠军仓库快照\R109_github_wybxw_Ascend_ops_Performance_S6\.git\hooks\pre-rebase.sample","4898","4FEBCE867790052338076F4E66CC47EFB14879D18097D1D61C8261859EAAA7B3"
"03_往届冠军仓库快照\R109_github_wybxw_Ascend_ops_Performance_S6\.git\hooks\pre-receive.sample","544","A4C3D2B9C7BB3FD8D1441C31BD4EE71A595D66B44FCF49DDB310252320169989"
"03_往届冠军仓库快照\R109_github_wybxw_Ascend_ops_Performance_S6\.git\hooks\prepare-commit-msg.sample","1492","E9DDCAA4189FDDD25ED97FC8C789ECA7B6CA16390B2392AE3276F0C8E1AA4619"
"03_往届冠军仓库快照\R109_github_wybxw_Ascend_ops_Performance_S6\.git\hooks\push-to-checkout.sample","2783","A53D0741798B287C6DD7AFA64AEE473F305E65D3F49463BB9D7408EC3B12BF5F"
"03_往届冠军仓库快照\R109_github_wybxw_Ascend_ops_Performance_S6\.git\hooks\sendemail-validate.sample","2308","44EBFC923DC5466BC009602F0ECF067B9C65459ABFE8868DDC49B78E6CED7A92"
"03_往届冠军仓库快照\R109_github_wybxw_Ascend_ops_Performance_S6\.git\hooks\update.sample","3650","8D5F2FA83E103CF08B57EAA67521DF9194F45CBDBCB37DA52AD586097A14D106"
"03_往届冠军仓库快照\R109_github_wybxw_Ascend_ops_Performance_S6\.git\index","947","7B619205B31C4EA00FEA738DC283F3F4B45D5AE4B047B15F5CC2C8346F73EA81"
"03_往届冠军仓库快照\R109_github_wybxw_Ascend_ops_Performance_S6\.git\info\exclude","240","6671FE83B7A07C8932EE89164D1F2793B2318058EB8B98DC5C06EE0A5A3B0EC1"
"03_往届冠军仓库快照\R109_github_wybxw_Ascend_ops_Performance_S6\.git\logs\HEAD","198","1DA33CDD3CFC6F329039F8AFA6CC47FD23447B6265D6C5AAA15444052919C534"
"03_往届冠军仓库快照\R109_github_wybxw_Ascend_ops_Performance_S6\.git\logs\refs\heads\main","198","1DA33CDD3CFC6F329039F8AFA6CC47FD23447B6265D6C5AAA15444052919C534"
"03_往届冠军仓库快照\R109_github_wybxw_Ascend_ops_Performance_S6\.git\logs\refs\remotes\origin\HEAD","198","1DA33CDD3CFC6F329039F8AFA6CC47FD23447B6265D6C5AAA15444052919C534"
"03_往届冠军仓库快照\R109_github_wybxw_Ascend_ops_Performance_S6\.git\objects\pack\pack-d5772c838b7eaa70f49b9eb69baf853bec9c1355.idx","1688","5E10CA5F1A23CC9850C5927D5D073D553D3C864AFED7E8DC8DCE572BAC90E4DE"
"03_往届冠军仓库快照\R109_github_wybxw_Ascend_ops_Performance_S6\.git\objects\pack\pack-d5772c838b7eaa70f49b9eb69baf853bec9c1355.pack","17900","927BC12379718FC3252997A0DB6A3C604E5902B2CD5AEBA2773CC57855F695DA"
"03_往届冠军仓库快照\R109_github_wybxw_Ascend_ops_Performance_S6\.git\objects\pack\pack-d5772c838b7eaa70f49b9eb69baf853bec9c1355.rev","140","3E8015F0168D4E70AC28C0BC7A12A77D510C12F596D493B3012362A13BBD12F6"
"03_往届冠军仓库快照\R109_github_wybxw_Ascend_ops_Performance_S6\.git\packed-refs","112","A9DDEE0BFCCF79C50FB72BD3C3679CA455BEB8C66432C3DC651EE3F8A993DBA7"
"03_往届冠军仓库快照\R109_github_wybxw_Ascend_ops_Performance_S6\.git\refs\heads\main","41","0E0761A5249CD3886137BBE9F8520C8B6FEF5ED826E9A101877CBC33CB6795CB"
"03_往届冠军仓库快照\R109_github_wybxw_Ascend_ops_Performance_S6\.git\refs\remotes\origin\HEAD","30","2BB6A24AA0FC6C484100F5D51A29BBAD841CD2C755F5D93FAA204E5DBB4EB2B4"
"03_往届冠军仓库快照\R109_github_wybxw_Ascend_ops_Performance_S6\Hypotlast\Hypot\Hypot.json","1235","91B2F6C9160778F0D9EA60DA357808BD8BF5CAE30B2BCB662CFACBE039047DFD"
"03_往届冠军仓库快照\R109_github_wybxw_Ascend_ops_Performance_S6\Hypotlast\Hypot\op_host\CMakeLists.txt","6641","3F99E9B8934BF9C16722CC36EB95402AE05D12AE473A7F97F77F1ACA75121402"
"03_往届冠军仓库快照\R109_github_wybxw_Ascend_ops_Performance_S6\Hypotlast\Hypot\op_host\hypot_tiling.h","732","0F53D033C199A913EBD915C0CB2F09AFEDF8ED3BB1E8B89F2677CD9EB703879F"
"03_往届冠军仓库快照\R109_github_wybxw_Ascend_ops_Performance_S6\Hypotlast\Hypot\op_host\hypot.cpp","8536","29B63A93F9FBBFBD6C723EF08346177A39FF0D03AECB97ED6E16BBB49CEB8803"
"03_往届冠军仓库快照\R109_github_wybxw_Ascend_ops_Performance_S6\Hypotlast\Hypot\op_kernel\CMakeLists.txt","160","28DB4CC809D625D8A352D6078635873484A8D90CF5645711D0FD4FDC6AA6DA81"
"03_往届冠军仓库快照\R109_github_wybxw_Ascend_ops_Performance_S6\Hypotlast\Hypot\op_kernel\hypot.cpp","22510","223713B10FCDDDE81648562B58DB2C9FA6C1D24589857BAEA19F749BEA3D726B"
"03_往届冠军仓库快照\R109_github_wybxw_Ascend_ops_Performance_S6\LICENSE","11558","1EB85FC97224598DAD1852B5D6483BBCF0AA8608790DCC657A5A2A761AE9C8C6"
"03_往届冠军仓库快照\R109_github_wybxw_Ascend_ops_Performance_S6\README.md","203","0214C066879CF8A1BA3070DB4720D56BB3E98ECD7BCCED222A2D765BF5E6C802"
"03_往届冠军仓库快照\R110_github_XKevin63_ascendC-S4-Base\.git\config","306","C8E058249A1A2DC149D7C0A62C07DEACFE2B918D7E6A43C4D855F28D26BF96B2"
"03_往届冠军仓库快照\R110_github_XKevin63_ascendC-S4-Base\.git\description","73","85AB6C163D43A17EA9CF7788308BCA1466F1B0A8D1CC92E26E9BF63DA4062AEE"
"03_往届冠军仓库快照\R110_github_XKevin63_ascendC-S4-Base\.git\HEAD","21","28D25BF82AF4C0E2B72F50959B2BEB859E3E60B9630A5E8C603DAD4DDB2B6E80"
"03_往届冠军仓库快照\R110_github_XKevin63_ascendC-S4-Base\.git\hooks\applypatch-msg.sample","478","0223497A0B8B033AA58A3A521B8629869386CF7AB0E2F101963D328AA62193F7"
"03_往届冠军仓库快照\R110_github_XKevin63_ascendC-S4-Base\.git\hooks\commit-msg.sample","896","1F74D5E9292979B573EBD59741D46CB93FF391ACDD083D340B94370753D92437"
"03_往届冠军仓库快照\R110_github_XKevin63_ascendC-S4-Base\.git\hooks\fsmonitor-watchman.sample","4726","E0549964E93897B519BD8E333C037E51FFF0F88BA13E086A331592BF801FA1D0"
"03_往届冠军仓库快照\R110_github_XKevin63_ascendC-S4-Base\.git\hooks\post-update.sample","189","81765AF2DAEF323061DCBC5E61FC16481CB74B3BAC9AD8A174B186523586F6C5"
"03_往届冠军仓库快照\R110_github_XKevin63_ascendC-S4-Base\.git\hooks\pre-applypatch.sample","424","E15C5B469EA3E0A695BEA6F2C82BCF8E62821074939DDD85B77E0007FF165475"
"03_往届冠军仓库快照\R110_github_XKevin63_ascendC-S4-Base\.git\hooks\pre-commit.sample","1649","57185B7B9F05239D7AB52DB045F5B89EB31348D7B2177EAB214F5EB872E1971B"
"03_往届冠军仓库快照\R110_github_XKevin63_ascendC-S4-Base\.git\hooks\pre-merge-commit.sample","416","D3825A70337940EBBD0A5C072984E13245920CDF8898BD225C8D27A6DFC9CB53"
"03_往届冠军仓库快照\R110_github_XKevin63_ascendC-S4-Base\.git\hooks\pre-push.sample","1374","ECCE9C7E04D3F5DD9D8ADA81753DD1D549A9634B26770042B58DDA00217D086A"
"03_往届冠军仓库快照\R110_github_XKevin63_ascendC-S4-Base\.git\hooks\pre-rebase.sample","4898","4FEBCE867790052338076F4E66CC47EFB14879D18097D1D61C8261859EAAA7B3"
"03_往届冠军仓库快照\R110_github_XKevin63_ascendC-S4-Base\.git\hooks\pre-receive.sample","544","A4C3D2B9C7BB3FD8D1441C31BD4EE71A595D66B44FCF49DDB310252320169989"
"03_往届冠军仓库快照\R110_github_XKevin63_ascendC-S4-Base\.git\hooks\prepare-commit-msg.sample","1492","E9DDCAA4189FDDD25ED97FC8C789ECA7B6CA16390B2392AE3276F0C8E1AA4619"
"03_往届冠军仓库快照\R110_github_XKevin63_ascendC-S4-Base\.git\hooks\push-to-checkout.sample","2783","A53D0741798B287C6DD7AFA64AEE473F305E65D3F49463BB9D7408EC3B12BF5F"
"03_往届冠军仓库快照\R110_github_XKevin63_ascendC-S4-Base\.git\hooks\sendemail-validate.sample","2308","44EBFC923DC5466BC009602F0ECF067B9C65459ABFE8868DDC49B78E6CED7A92"
"03_往届冠军仓库快照\R110_github_XKevin63_ascendC-S4-Base\.git\hooks\update.sample","3650","8D5F2FA83E103CF08B57EAA67521DF9194F45CBDBCB37DA52AD586097A14D106"
"03_往届冠军仓库快照\R110_github_XKevin63_ascendC-S4-Base\.git\index","1492","1333E5C4345B69C5CE7D1EBD152B3445D0010F8F1C0B92E869D311CE147F11EE"
"03_往届冠军仓库快照\R110_github_XKevin63_ascendC-S4-Base\.git\info\exclude","240","6671FE83B7A07C8932EE89164D1F2793B2318058EB8B98DC5C06EE0A5A3B0EC1"
"03_往届冠军仓库快照\R110_github_XKevin63_ascendC-S4-Base\.git\logs\HEAD","191","2F1EECBC4ED685F167F417F82D8689567F288BE0324E9592BD3FBA28B4812B32"
"03_往届冠军仓库快照\R110_github_XKevin63_ascendC-S4-Base\.git\logs\refs\heads\main","191","2F1EECBC4ED685F167F417F82D8689567F288BE0324E9592BD3FBA28B4812B32"
"03_往届冠军仓库快照\R110_github_XKevin63_ascendC-S4-Base\.git\logs\refs\remotes\origin\HEAD","191","2F1EECBC4ED685F167F417F82D8689567F288BE0324E9592BD3FBA28B4812B32"
"03_往届冠军仓库快照\R110_github_XKevin63_ascendC-S4-Base\.git\objects\pack\pack-5d91546921c5837bead42421e1ac01b32f9970f1.idx","1856","64DFA34979903A5A66471C8429258AE2A67EA604D0044F27D3918521EF950165"
"03_往届冠军仓库快照\R110_github_XKevin63_ascendC-S4-Base\.git\objects\pack\pack-5d91546921c5837bead42421e1ac01b32f9970f1.pack","353513","69EFF8561DA762C58FD035B39FB85F41AA2C6C89F5CBD1E21E693D928201D84C"
"03_往届冠军仓库快照\R110_github_XKevin63_ascendC-S4-Base\.git\objects\pack\pack-5d91546921c5837bead42421e1ac01b32f9970f1.rev","164","C6284E04B2F0902265B5A28B718236B7F2F1C16FD718A32F7410F220A590FCAA"
"03_往届冠军仓库快照\R110_github_XKevin63_ascendC-S4-Base\.git\packed-refs","112","F597AE1BDD3A37600727B00637014ECDB93F0BF7140047E8E89BBD7C8A0339B3"
"03_往届冠军仓库快照\R110_github_XKevin63_ascendC-S4-Base\.git\refs\heads\main","41","587511A7A74C5917EC1D3E986E787572542AB895E8ECACB9AC9FCF4F12087435"
"03_往届冠军仓库快照\R110_github_XKevin63_ascendC-S4-Base\.git\refs\remotes\origin\HEAD","30","2BB6A24AA0FC6C484100F5D51A29BBAD841CD2C755F5D93FAA204E5DBB4EB2B4"
"03_往届冠军仓库快照\R110_github_XKevin63_ascendC-S4-Base\pows\custom_opp_ubuntu_aarch64.run","176478","5188ED14405C06F545D3E349F0BFD18A00DAF4B65952BA5540161EF5DDFA5788"
"03_往届冠军仓库快照\R110_github_XKevin63_ascendC-S4-Base\pows\op_host\CMakeLists.txt","3399","BDC23150BEDFD045F74B1B6F30EB630F2CEC5842A9ED7801707161EA2D8B295A"
"03_往届冠军仓库快照\R110_github_XKevin63_ascendC-S4-Base\pows\op_host\pows_tiling.h","449","C58C1CB7E55B310C3007044F8A3D88281C408123A4DE99CA3271A89EBD4A33C1"
"03_往届冠军仓库快照\R110_github_XKevin63_ascendC-S4-Base\pows\op_host\pows.cpp","8349","ECFB8F0D002F5A46FFE2472F757D0A2232CAA51FFBDEDB5270F8CDCFEF6240B2"
"03_往届冠军仓库快照\R110_github_XKevin63_ascendC-S4-Base\pows\op_kernel\CMakeLists.txt","2863","491624039A68ADB628E6AEAA6395B00894A2F0AA7A60A34EBAB6D519F6D870BE"
"03_往届冠军仓库快照\R110_github_XKevin63_ascendC-S4-Base\pows\op_kernel\pows.cpp","15652","6D8E07E56F113194F3418E1A1410714EAA3145F76FEBB9A442D717E614ECC629"
"03_往届冠军仓库快照\R110_github_XKevin63_ascendC-S4-Base\README.md","79","FC0924ED9CFA98494AF63034C3E5CF4A1CF44BD15B4839D048BDBB8BC10E1DB5"
"03_往届冠军仓库快照\R110_github_XKevin63_ascendC-S4-Base\Selectv2\custom_opp_ubuntu_aarch64.run","186483","6A104AE6F357B8B724AFB6D8D3E23D252B70B8FA455D55EAA2E9C51EC7CFA844"
"03_往届冠军仓库快照\R110_github_XKevin63_ascendC-S4-Base\Selectv2\op_host\CMakeLists.txt","3399","BDC23150BEDFD045F74B1B6F30EB630F2CEC5842A9ED7801707161EA2D8B295A"
"03_往届冠军仓库快照\R110_github_XKevin63_ascendC-S4-Base\Selectv2\op_host\select_v2_tiling.h","548","24526CABDEEDCE023087FC05A3D34BF1B96B6CEA87F200739F9FE71AD422C748"
"03_往届冠军仓库快照\R110_github_XKevin63_ascendC-S4-Base\Selectv2\op_host\select_v2.cpp","9496","D5804C9A3ED6FD4E12DC6EDAB761E6BC744433955E011C6516E98E6FAD607292"
"03_往届冠军仓库快照\R110_github_XKevin63_ascendC-S4-Base\Selectv2\op_kernel\CMakeLists.txt","2861","9BF49ED81E57C650A62B761EBAE0784B9B4A1342978A3C2480B8710134120EFC"
"03_往届冠军仓库快照\R110_github_XKevin63_ascendC-S4-Base\Selectv2\op_kernel\select_v2.cpp","14412","9D52B3B86E8E7923639EC572348CB4A1E7AC51BC3F73AB355B90CC1C48A50D6F"
"03_往届冠军仓库快照\R111_github_xxxkkw_Ascend-AI-Innovation-Operator-Challenge-S4-Season\.DS_Store","8196","75B4B79EEF11DF60BA9923FE90B80001A9CBB4803A8B2A1512D79BC27553E464"
"03_往届冠军仓库快照\R111_github_xxxkkw_Ascend-AI-Innovation-Operator-Challenge-S4-Season\.git\config","338","C79A2A898527145E1ECAE1B221852E64ADD5A51ED954F8B0D74D04FFC00CD4C7"
"03_往届冠军仓库快照\R111_github_xxxkkw_Ascend-AI-Innovation-Operator-Challenge-S4-Season\.git\description","73","85AB6C163D43A17EA9CF7788308BCA1466F1B0A8D1CC92E26E9BF63DA4062AEE"
"03_往届冠军仓库快照\R111_github_xxxkkw_Ascend-AI-Innovation-Operator-Challenge-S4-Season\.git\HEAD","21","28D25BF82AF4C0E2B72F50959B2BEB859E3E60B9630A5E8C603DAD4DDB2B6E80"
"03_往届冠军仓库快照\R111_github_xxxkkw_Ascend-AI-Innovation-Operator-Challenge-S4-Season\.git\hooks\applypatch-msg.sample","478","0223497A0B8B033AA58A3A521B8629869386CF7AB0E2F101963D328AA62193F7"
"03_往届冠军仓库快照\R111_github_xxxkkw_Ascend-AI-Innovation-Operator-Challenge-S4-Season\.git\hooks\commit-msg.sample","896","1F74D5E9292979B573EBD59741D46CB93FF391ACDD083D340B94370753D92437"
"03_往届冠军仓库快照\R111_github_xxxkkw_Ascend-AI-Innovation-Operator-Challenge-S4-Season\.git\hooks\fsmonitor-watchman.sample","4726","E0549964E93897B519BD8E333C037E51FFF0F88BA13E086A331592BF801FA1D0"
"03_往届冠军仓库快照\R111_github_xxxkkw_Ascend-AI-Innovation-Operator-Challenge-S4-Season\.git\hooks\post-update.sample","189","81765AF2DAEF323061DCBC5E61FC16481CB74B3BAC9AD8A174B186523586F6C5"
"03_往届冠军仓库快照\R111_github_xxxkkw_Ascend-AI-Innovation-Operator-Challenge-S4-Season\.git\hooks\pre-applypatch.sample","424","E15C5B469EA3E0A695BEA6F2C82BCF8E62821074939DDD85B77E0007FF165475"
"03_往届冠军仓库快照\R111_github_xxxkkw_Ascend-AI-Innovation-Operator-Challenge-S4-Season\.git\hooks\pre-commit.sample","1649","57185B7B9F05239D7AB52DB045F5B89EB31348D7B2177EAB214F5EB872E1971B"
"03_往届冠军仓库快照\R111_github_xxxkkw_Ascend-AI-Innovation-Operator-Challenge-S4-Season\.git\hooks\pre-merge-commit.sample","416","D3825A70337940EBBD0A5C072984E13245920CDF8898BD225C8D27A6DFC9CB53"
"03_往届冠军仓库快照\R111_github_xxxkkw_Ascend-AI-Innovation-Operator-Challenge-S4-Season\.git\hooks\pre-push.sample","1374","ECCE9C7E04D3F5DD9D8ADA81753DD1D549A9634B26770042B58DDA00217D086A"
"03_往届冠军仓库快照\R111_github_xxxkkw_Ascend-AI-Innovation-Operator-Challenge-S4-Season\.git\hooks\pre-rebase.sample","4898","4FEBCE867790052338076F4E66CC47EFB14879D18097D1D61C8261859EAAA7B3"
"03_往届冠军仓库快照\R111_github_xxxkkw_Ascend-AI-Innovation-Operator-Challenge-S4-Season\.git\hooks\pre-receive.sample","544","A4C3D2B9C7BB3FD8D1441C31BD4EE71A595D66B44FCF49DDB310252320169989"
"03_往届冠军仓库快照\R111_github_xxxkkw_Ascend-AI-Innovation-Operator-Challenge-S4-Season\.git\hooks\prepare-commit-msg.sample","1492","E9DDCAA4189FDDD25ED97FC8C789ECA7B6CA16390B2392AE3276F0C8E1AA4619"
"03_往届冠军仓库快照\R111_github_xxxkkw_Ascend-AI-Innovation-Operator-Challenge-S4-Season\.git\hooks\push-to-checkout.sample","2783","A53D0741798B287C6DD7AFA64AEE473F305E65D3F49463BB9D7408EC3B12BF5F"
"03_往届冠军仓库快照\R111_github_xxxkkw_Ascend-AI-Innovation-Operator-Challenge-S4-Season\.git\hooks\sendemail-validate.sample","2308","44EBFC923DC5466BC009602F0ECF067B9C65459ABFE8868DDC49B78E6CED7A92"
"03_往届冠军仓库快照\R111_github_xxxkkw_Ascend-AI-Innovation-Operator-Challenge-S4-Season\.git\hooks\update.sample","3650","8D5F2FA83E103CF08B57EAA67521DF9194F45CBDBCB37DA52AD586097A14D106"
"03_往届冠军仓库快照\R111_github_xxxkkw_Ascend-AI-Innovation-Operator-Challenge-S4-Season\.git\index","3432","F300CA6FC6E8BB6B0489EFB5321D7442084430ECA8D7923A922DE9602D0BD17F"
"03_往届冠军仓库快照\R111_github_xxxkkw_Ascend-AI-Innovation-Operator-Challenge-S4-Season\.git\info\exclude","240","6671FE83B7A07C8932EE89164D1F2793B2318058EB8B98DC5C06EE0A5A3B0EC1"
"03_往届冠军仓库快照\R111_github_xxxkkw_Ascend-AI-Innovation-Operator-Challenge-S4-Season\.git\logs\HEAD","223","84E5CB9C57B10BD42557888F789C80D92420566067A4FE4355BD1E171C4C6900"
"03_往届冠军仓库快照\R111_github_xxxkkw_Ascend-AI-Innovation-Operator-Challenge-S4-Season\.git\logs\refs\heads\main","223","84E5CB9C57B10BD42557888F789C80D92420566067A4FE4355BD1E171C4C6900"
"03_往届冠军仓库快照\R111_github_xxxkkw_Ascend-AI-Innovation-Operator-Challenge-S4-Season\.git\logs\refs\remotes\origin\HEAD","223","84E5CB9C57B10BD42557888F789C80D92420566067A4FE4355BD1E171C4C6900"
"03_往届冠军仓库快照\R111_github_xxxkkw_Ascend-AI-Innovation-Operator-Challenge-S4-Season\.git\objects\pack\pack-6c4d89c5b95d052365c49993d2f3e3f749532d9d.idx","2192","5979F1368EB145FE2148BF7042B560F6A8ED0110E703C3917843A3AD30444B7C"
"03_往届冠军仓库快照\R111_github_xxxkkw_Ascend-AI-Innovation-Operator-Challenge-S4-Season\.git\objects\pack\pack-6c4d89c5b95d052365c49993d2f3e3f749532d9d.pack","724446","7DF19BF27E6C8EF81FFE3E2315404E4E992DD9839FD84FB7B0CD7C153A98D8B0"
"03_往届冠军仓库快照\R111_github_xxxkkw_Ascend-AI-Innovation-Operator-Challenge-S4-Season\.git\objects\pack\pack-6c4d89c5b95d052365c49993d2f3e3f749532d9d.rev","212","273DD7329A94998E7C4C4FFCF9A7ADC54F3C8259D3A5AE59B027183848018E40"
"03_往届冠军仓库快照\R111_github_xxxkkw_Ascend-AI-Innovation-Operator-Challenge-S4-Season\.git\packed-refs","112","224DFAA10AA3BB8D183AFB076C6D874270F65DE95E63B8D833E9BA5BE3DAB6DA"
"03_往届冠军仓库快照\R111_github_xxxkkw_Ascend-AI-Innovation-Operator-Challenge-S4-Season\.git\refs\heads\main","41","934D22C43C0E4FB323EDBCA50052CC8286C8377B2EAEF81C0480C6ED739FA2C8"
"03_往届冠军仓库快照\R111_github_xxxkkw_Ascend-AI-Innovation-Operator-Challenge-S4-Season\.git\refs\remotes\origin\HEAD","30","2BB6A24AA0FC6C484100F5D51A29BBAD841CD2C755F5D93FAA204E5DBB4EB2B4"
"03_往届冠军仓库快照\R111_github_xxxkkw_Ascend-AI-Innovation-Operator-Challenge-S4-Season\Pows\.DS_Store","6148","06C5F5C7825D4914612D6F56EAA313D5186C569985B1D12CB7A810C3D689762D"
"03_往届冠军仓库快照\R111_github_xxxkkw_Ascend-AI-Innovation-Operator-Challenge-S4-Season\Pows\custom_opp_ubuntu_aarch64.run","189181","0DEB65688C576E610094F85B47259C3CEBF1CB8773113DE15FDA3AEF606C6884"
"03_往届冠军仓库快照\R111_github_xxxkkw_Ascend-AI-Innovation-Operator-Challenge-S4-Season\Pows\op_host\CMakeLists.txt","3029","4929FC399116C903CEC5FF2C9ED73D8217F71A0FEE0FFDBB97FC026DCD311DF1"
"03_往届冠军仓库快照\R111_github_xxxkkw_Ascend-AI-Innovation-Operator-Challenge-S4-Season\Pows\op_host\pows_tiling.h","958","1CC0416B2FCD63A01A723FA50E49DCFDE51DEE62158641050633156237675240"
"03_往届冠军仓库快照\R111_github_xxxkkw_Ascend-AI-Innovation-Operator-Challenge-S4-Season\Pows\op_host\pows.cpp","7816","E0CD4C5481877007825A2014A414CA84A3891C6CB36FD90B40F23E7648F8FCF6"
"03_往届冠军仓库快照\R111_github_xxxkkw_Ascend-AI-Innovation-Operator-Challenge-S4-Season\Pows\op_kernel\CMakeLists.txt","2758","734B2C7EFA66073F407CDDBD9C06D9DA10A9B29126099D57F6D4BACEB9A27253"
"03_往届冠军仓库快照\R111_github_xxxkkw_Ascend-AI-Innovation-Operator-Challenge-S4-Season\Pows\op_kernel\pow.h","5415","70E424E78565CBEC892896F8E7E71B52AD84C7B2DA8C4F9BDBF922E0FEAD7115"
"03_往届冠军仓库快照\R111_github_xxxkkw_Ascend-AI-Innovation-Operator-Challenge-S4-Season\Pows\op_kernel\powb.h","6479","114D3D62A479F2E99C4D82810391C2A3F7BE19A841CA57BF813848034928C76E"
"03_往届冠军仓库快照\R111_github_xxxkkw_Ascend-AI-Innovation-Operator-Challenge-S4-Season\Pows\op_kernel\pows.cpp","720","09DD0458054D7A03C3BF0B6EF3E88A302B3CE0909C6EE193ACBBDD95DF8DE7DF"
"03_往届冠军仓库快照\R111_github_xxxkkw_Ascend-AI-Innovation-Operator-Challenge-S4-Season\README.md","1251","037D32E9E0AF2C13667AE44CCBB716BF7FB9FCEFB7D72A22BF437AC426BA2E43"
"03_往届冠军仓库快照\R111_github_xxxkkw_Ascend-AI-Innovation-Operator-Challenge-S4-Season\Reshape\.DS_Store","6148","7B6235511932E05EFEB9A3506124C8B77F451E7A6AF6D04E393CB3CF0EC200D7"
"03_往届冠军仓库快照\R111_github_xxxkkw_Ascend-AI-Innovation-Operator-Challenge-S4-Season\Reshape\custom_opp_ubuntu_aarch64.run","172556","6726DF7877F376CA3F653F5F196D0BB159D65920CF839B59BAB85EAE5F861844"
"03_往届冠军仓库快照\R111_github_xxxkkw_Ascend-AI-Innovation-Operator-Challenge-S4-Season\Reshape\op_host\CMakeLists.txt","3029","4929FC399116C903CEC5FF2C9ED73D8217F71A0FEE0FFDBB97FC026DCD311DF1"
"03_往届冠军仓库快照\R111_github_xxxkkw_Ascend-AI-Innovation-Operator-Challenge-S4-Season\Reshape\op_host\reshape_tiling.h","492","3F6554E71149ECC3F795A1099571FCFFF94FCFAB0C11681613C6DB7F69BC9A66"
"03_往届冠军仓库快照\R111_github_xxxkkw_Ascend-AI-Innovation-Operator-Challenge-S4-Season\Reshape\op_host\reshape.cpp","9026","82404D30284E9C0E34D182EA254AA3F1B84CF4B2AD84CF74126959E3D2E66361"
"03_往届冠军仓库快照\R111_github_xxxkkw_Ascend-AI-Innovation-Operator-Challenge-S4-Season\Reshape\op_kernel\CMakeLists.txt","2758","734B2C7EFA66073F407CDDBD9C06D9DA10A9B29126099D57F6D4BACEB9A27253"
"03_往届冠军仓库快照\R111_github_xxxkkw_Ascend-AI-Innovation-Operator-Challenge-S4-Season\Reshape\op_kernel\reshape.cpp","2501","B1E4ED8C74CDE404F3F8377A5429D4FFF9F36194EEC17E3A7749D09FB376F4CB"
"03_往届冠军仓库快照\R111_github_xxxkkw_Ascend-AI-Innovation-Operator-Challenge-S4-Season\RmsNorm\.DS_Store","6148","73AFADED4BC45C4BA9D3FB841E15BDD16319839D8258C7A2A9DF85AC39A42C19"
"03_往届冠军仓库快照\R111_github_xxxkkw_Ascend-AI-Innovation-Operator-Challenge-S4-Season\RmsNorm\custom_opp_ubuntu_aarch64.run","190745","FEBF1C8AD4AFA7E7867C5DF5129F80B266AD0BBB168F7C27A372C6C904A22F27"
"03_往届冠军仓库快照\R111_github_xxxkkw_Ascend-AI-Innovation-Operator-Challenge-S4-Season\RmsNorm\op_host\CMakeLists.txt","3029","4929FC399116C903CEC5FF2C9ED73D8217F71A0FEE0FFDBB97FC026DCD311DF1"
"03_往届冠军仓库快照\R111_github_xxxkkw_Ascend-AI-Innovation-Operator-Challenge-S4-Season\RmsNorm\op_host\rms_norm_tiling.h","718","2CE14375E0AF35C521D3616EC031C06854D85C9AF74408EDF7923C66B8155B71"
"03_往届冠军仓库快照\R111_github_xxxkkw_Ascend-AI-Innovation-Operator-Challenge-S4-Season\RmsNorm\op_host\rms_norm.cpp","5556","845829023AF9B636B9BF7285D43142EDF2E47611E14C0D0D7640B0F933C1E054"
"03_往届冠军仓库快照\R111_github_xxxkkw_Ascend-AI-Innovation-Operator-Challenge-S4-Season\RmsNorm\op_kernel\CMakeLists.txt","2758","734B2C7EFA66073F407CDDBD9C06D9DA10A9B29126099D57F6D4BACEB9A27253"
"03_往届冠军仓库快照\R111_github_xxxkkw_Ascend-AI-Innovation-Operator-Challenge-S4-Season\RmsNorm\op_kernel\rms_norm.cpp","10896","F48E8108F794B6DE74698500AE82CC807702F9D92CBA16EE55C4F72D8CBE025A"
"03_往届冠军仓库快照\R111_github_xxxkkw_Ascend-AI-Innovation-Operator-Challenge-S4-Season\SelectV2\.DS_Store","6148","3E7E39EEE3AB562340655CBA6BBFEF16777A432DAB00BDF19C63BB515B343BB6"
"03_往届冠军仓库快照\R111_github_xxxkkw_Ascend-AI-Innovation-Operator-Challenge-S4-Season\SelectV2\custom_opp_ubuntu_aarch64.run","200936","D5025E7CDBB148F3905358DFF070D8DBBFFB0D16C7AF7C74A6982E373366C964"
"03_往届冠军仓库快照\R111_github_xxxkkw_Ascend-AI-Innovation-Operator-Challenge-S4-Season\SelectV2\op_host\CMakeLists.txt","3029","4929FC399116C903CEC5FF2C9ED73D8217F71A0FEE0FFDBB97FC026DCD311DF1"
"03_往届冠军仓库快照\R111_github_xxxkkw_Ascend-AI-Innovation-Operator-Challenge-S4-Season\SelectV2\op_host\select_v2_tiling.h","1028","B11566129D7DA18BA78C8B10CFADA7F6FF3D1A3EE47FE4A47886087638462019"
"03_往届冠军仓库快照\R111_github_xxxkkw_Ascend-AI-Innovation-Operator-Challenge-S4-Season\SelectV2\op_host\select_v2.cpp","9547","0241F0A4830821700B7921A4626C9B550021ADB818FD57BC6C8932EB65C8D766"
"03_往届冠军仓库快照\R111_github_xxxkkw_Ascend-AI-Innovation-Operator-Challenge-S4-Season\SelectV2\op_kernel\CMakeLists.txt","2758","734B2C7EFA66073F407CDDBD9C06D9DA10A9B29126099D57F6D4BACEB9A27253"
"03_往届冠军仓库快照\R111_github_xxxkkw_Ascend-AI-Innovation-Operator-Challenge-S4-Season\SelectV2\op_kernel\select_v2.cpp","14147","66ED6AFD4627694C15511FEADE4A4929929BDBFEC7CF2CBEA5161C2E82344757"
"03_往届冠军仓库快照\R112_github_yuntaoyulong_-S5-\.git\config","299","939B2839199288A2161278C4BFD87E3932FFCE8E56DF466521809BD9B07F1F59"
"03_往届冠军仓库快照\R112_github_yuntaoyulong_-S5-\.git\description","73","85AB6C163D43A17EA9CF7788308BCA1466F1B0A8D1CC92E26E9BF63DA4062AEE"
"03_往届冠军仓库快照\R112_github_yuntaoyulong_-S5-\.git\HEAD","21","28D25BF82AF4C0E2B72F50959B2BEB859E3E60B9630A5E8C603DAD4DDB2B6E80"
"03_往届冠军仓库快照\R112_github_yuntaoyulong_-S5-\.git\hooks\applypatch-msg.sample","478","0223497A0B8B033AA58A3A521B8629869386CF7AB0E2F101963D328AA62193F7"
"03_往届冠军仓库快照\R112_github_yuntaoyulong_-S5-\.git\hooks\commit-msg.sample","896","1F74D5E9292979B573EBD59741D46CB93FF391ACDD083D340B94370753D92437"
"03_往届冠军仓库快照\R112_github_yuntaoyulong_-S5-\.git\hooks\fsmonitor-watchman.sample","4726","E0549964E93897B519BD8E333C037E51FFF0F88BA13E086A331592BF801FA1D0"
"03_往届冠军仓库快照\R112_github_yuntaoyulong_-S5-\.git\hooks\post-update.sample","189","81765AF2DAEF323061DCBC5E61FC16481CB74B3BAC9AD8A174B186523586F6C5"
"03_往届冠军仓库快照\R112_github_yuntaoyulong_-S5-\.git\hooks\pre-applypatch.sample","424","E15C5B469EA3E0A695BEA6F2C82BCF8E62821074939DDD85B77E0007FF165475"
"03_往届冠军仓库快照\R112_github_yuntaoyulong_-S5-\.git\hooks\pre-commit.sample","1649","57185B7B9F05239D7AB52DB045F5B89EB31348D7B2177EAB214F5EB872E1971B"
"03_往届冠军仓库快照\R112_github_yuntaoyulong_-S5-\.git\hooks\pre-merge-commit.sample","416","D3825A70337940EBBD0A5C072984E13245920CDF8898BD225C8D27A6DFC9CB53"
"03_往届冠军仓库快照\R112_github_yuntaoyulong_-S5-\.git\hooks\pre-push.sample","1374","ECCE9C7E04D3F5DD9D8ADA81753DD1D549A9634B26770042B58DDA00217D086A"
"03_往届冠军仓库快照\R112_github_yuntaoyulong_-S5-\.git\hooks\pre-rebase.sample","4898","4FEBCE867790052338076F4E66CC47EFB14879D18097D1D61C8261859EAAA7B3"
"03_往届冠军仓库快照\R112_github_yuntaoyulong_-S5-\.git\hooks\pre-receive.sample","544","A4C3D2B9C7BB3FD8D1441C31BD4EE71A595D66B44FCF49DDB310252320169989"
"03_往届冠军仓库快照\R112_github_yuntaoyulong_-S5-\.git\hooks\prepare-commit-msg.sample","1492","E9DDCAA4189FDDD25ED97FC8C789ECA7B6CA16390B2392AE3276F0C8E1AA4619"
"03_往届冠军仓库快照\R112_github_yuntaoyulong_-S5-\.git\hooks\push-to-checkout.sample","2783","A53D0741798B287C6DD7AFA64AEE473F305E65D3F49463BB9D7408EC3B12BF5F"
"03_往届冠军仓库快照\R112_github_yuntaoyulong_-S5-\.git\hooks\sendemail-validate.sample","2308","44EBFC923DC5466BC009602F0ECF067B9C65459ABFE8868DDC49B78E6CED7A92"
"03_往届冠军仓库快照\R112_github_yuntaoyulong_-S5-\.git\hooks\update.sample","3650","8D5F2FA83E103CF08B57EAA67521DF9194F45CBDBCB37DA52AD586097A14D106"
"03_往届冠军仓库快照\R112_github_yuntaoyulong_-S5-\.git\index","1539","FB8F6042F42CAFDF9653EB3BDB26292504D3E876C909B37EB07C22FF9E729AD2"
"03_往届冠军仓库快照\R112_github_yuntaoyulong_-S5-\.git\info\exclude","240","6671FE83B7A07C8932EE89164D1F2793B2318058EB8B98DC5C06EE0A5A3B0EC1"
"03_往届冠军仓库快照\R112_github_yuntaoyulong_-S5-\.git\logs\HEAD","184","B77CC3282A016522E792365C178E36B04C3C3725D6D0C4C27459058C74F1A01E"
"03_往届冠军仓库快照\R112_github_yuntaoyulong_-S5-\.git\logs\refs\heads\main","184","B77CC3282A016522E792365C178E36B04C3C3725D6D0C4C27459058C74F1A01E"
"03_往届冠军仓库快照\R112_github_yuntaoyulong_-S5-\.git\logs\refs\remotes\origin\HEAD","184","B77CC3282A016522E792365C178E36B04C3C3725D6D0C4C27459058C74F1A01E"
"03_往届冠军仓库快照\R112_github_yuntaoyulong_-S5-\.git\objects\pack\pack-576ae2395e77e3b07568a7ac25ab90dc644dd726.idx","1828","15692B05D46EA67CA7480B9CF2D58EBFFDF9260DB3A1ABA3CC26E82A89F42384"
"03_往届冠军仓库快照\R112_github_yuntaoyulong_-S5-\.git\objects\pack\pack-576ae2395e77e3b07568a7ac25ab90dc644dd726.pack","21601","29E56C6C704EBA1E41A29CC74823DF3A6D77B79DABBD52732F291E06836B2FE3"
"03_往届冠军仓库快照\R112_github_yuntaoyulong_-S5-\.git\objects\pack\pack-576ae2395e77e3b07568a7ac25ab90dc644dd726.rev","160","A0097464020CD428740E666955C1CF7948EDCF3DCF698D14086C0137513A8A70"
"03_往届冠军仓库快照\R112_github_yuntaoyulong_-S5-\.git\packed-refs","112","046892B41F31891BF570E2F28959712241D7AF7B2F5B8B0B5C7C7F8529306C9A"
"03_往届冠军仓库快照\R112_github_yuntaoyulong_-S5-\.git\refs\heads\main","41","D7925537E1E1B11001D427ECCE8DC5C53453901792FE3206C780DBE513559307"
"03_往届冠军仓库快照\R112_github_yuntaoyulong_-S5-\.git\refs\remotes\origin\HEAD","30","2BB6A24AA0FC6C484100F5D51A29BBAD841CD2C755F5D93FAA204E5DBB4EB2B4"
"03_往届冠军仓库快照\R112_github_yuntaoyulong_-S5-\Fresnel_Cos\op_host\CMakeLists.txt","6641","3F99E9B8934BF9C16722CC36EB95402AE05D12AE473A7F97F77F1ACA75121402"
"03_往届冠军仓库快照\R112_github_yuntaoyulong_-S5-\Fresnel_Cos\op_host\fresnel_cos_tiling.h","657","847E86B5AFE7480C470856C887FCAA69A8EEBD3713854FE2E978A72E38D907A8"
"03_往届冠军仓库快照\R112_github_yuntaoyulong_-S5-\Fresnel_Cos\op_host\fresnel_cos.cpp","4781","F1D776C88499C80430D7457753CB1CFF166A0B92F696EE0DF66680E79249498B"
"03_往届冠军仓库快照\R112_github_yuntaoyulong_-S5-\Fresnel_Cos\op_kernel\CMakeLists.txt","160","28DB4CC809D625D8A352D6078635873484A8D90CF5645711D0FD4FDC6AA6DA81"
"03_往届冠军仓库快照\R112_github_yuntaoyulong_-S5-\Fresnel_Cos\op_kernel\fresnel_cos.cpp","34038","4654775134DF3F30AE3925B983EC9B2EA158D9C45367C888C13E1E2E568D8E9E"
"03_往届冠军仓库快照\R112_github_yuntaoyulong_-S5-\GatherV3\op_host\CMakeLists.txt","6641","3F99E9B8934BF9C16722CC36EB95402AE05D12AE473A7F97F77F1ACA75121402"
"03_往届冠军仓库快照\R112_github_yuntaoyulong_-S5-\GatherV3\op_host\gather_v3_tiling.h","1823","CF9C8DB75810C0E1E17CB9EB0B7FD5C8077D115AFA7802C44330AEDEA7DA63A2"
"03_往届冠军仓库快照\R112_github_yuntaoyulong_-S5-\GatherV3\op_host\gather_v3.cpp","7059","8A4FF74BC5C29442B160BE10753BDF2487EEB8EC9B5B823F83F09ACE3D7CC62B"
"03_往届冠军仓库快照\R112_github_yuntaoyulong_-S5-\GatherV3\op_host\host_inc.h","441","026F6305DE88082996C51EB7A39E1D041E3ECD5C36ADDEEBEF9C09212FDE097D"
"03_往届冠军仓库快照\R112_github_yuntaoyulong_-S5-\GatherV3\op_kernel\CMakeLists.txt","160","28DB4CC809D625D8A352D6078635873484A8D90CF5645711D0FD4FDC6AA6DA81"
"03_往届冠军仓库快照\R112_github_yuntaoyulong_-S5-\GatherV3\op_kernel\gather_v3.cpp","9118","D45544066908A8604926F922569932FB9575B173B495D11C31E8FE7BAF8CCA86"
"03_往届冠军仓库快照\R112_github_yuntaoyulong_-S5-\GatherV3\op_kernel\kernel_inc.h","2995","0812834670B9D88287CE249EC01B32701E58E2B5238D1299DA89D6C0065CACD6"
"03_往届冠军仓库快照\R112_github_yuntaoyulong_-S5-\README.md","207","1025CEC998E06134BFB3A5990914D0CB2F6285911BE00DF01D337B9E5D35DDEE"
"03_往届冠军仓库快照\R113_github_zzh-stable_ascend-s5\.git\config","302","182CE1E652681C56B821534E8AAEF7276C095B9978C97FACFC4B79884900BE4A"
"03_往届冠军仓库快照\R113_github_zzh-stable_ascend-s5\.git\description","73","85AB6C163D43A17EA9CF7788308BCA1466F1B0A8D1CC92E26E9BF63DA4062AEE"
"03_往届冠军仓库快照\R113_github_zzh-stable_ascend-s5\.git\HEAD","21","28D25BF82AF4C0E2B72F50959B2BEB859E3E60B9630A5E8C603DAD4DDB2B6E80"
"03_往届冠军仓库快照\R113_github_zzh-stable_ascend-s5\.git\hooks\applypatch-msg.sample","478","0223497A0B8B033AA58A3A521B8629869386CF7AB0E2F101963D328AA62193F7"
"03_往届冠军仓库快照\R113_github_zzh-stable_ascend-s5\.git\hooks\commit-msg.sample","896","1F74D5E9292979B573EBD59741D46CB93FF391ACDD083D340B94370753D92437"
"03_往届冠军仓库快照\R113_github_zzh-stable_ascend-s5\.git\hooks\fsmonitor-watchman.sample","4726","E0549964E93897B519BD8E333C037E51FFF0F88BA13E086A331592BF801FA1D0"
"03_往届冠军仓库快照\R113_github_zzh-stable_ascend-s5\.git\hooks\post-update.sample","189","81765AF2DAEF323061DCBC5E61FC16481CB74B3BAC9AD8A174B186523586F6C5"
"03_往届冠军仓库快照\R113_github_zzh-stable_ascend-s5\.git\hooks\pre-applypatch.sample","424","E15C5B469EA3E0A695BEA6F2C82BCF8E62821074939DDD85B77E0007FF165475"
"03_往届冠军仓库快照\R113_github_zzh-stable_ascend-s5\.git\hooks\pre-commit.sample","1649","57185B7B9F05239D7AB52DB045F5B89EB31348D7B2177EAB214F5EB872E1971B"
"03_往届冠军仓库快照\R113_github_zzh-stable_ascend-s5\.git\hooks\pre-merge-commit.sample","416","D3825A70337940EBBD0A5C072984E13245920CDF8898BD225C8D27A6DFC9CB53"
"03_往届冠军仓库快照\R113_github_zzh-stable_ascend-s5\.git\hooks\pre-push.sample","1374","ECCE9C7E04D3F5DD9D8ADA81753DD1D549A9634B26770042B58DDA00217D086A"
"03_往届冠军仓库快照\R113_github_zzh-stable_ascend-s5\.git\hooks\pre-rebase.sample","4898","4FEBCE867790052338076F4E66CC47EFB14879D18097D1D61C8261859EAAA7B3"
"03_往届冠军仓库快照\R113_github_zzh-stable_ascend-s5\.git\hooks\pre-receive.sample","544","A4C3D2B9C7BB3FD8D1441C31BD4EE71A595D66B44FCF49DDB310252320169989"
"03_往届冠军仓库快照\R113_github_zzh-stable_ascend-s5\.git\hooks\prepare-commit-msg.sample","1492","E9DDCAA4189FDDD25ED97FC8C789ECA7B6CA16390B2392AE3276F0C8E1AA4619"
"03_往届冠军仓库快照\R113_github_zzh-stable_ascend-s5\.git\hooks\push-to-checkout.sample","2783","A53D0741798B287C6DD7AFA64AEE473F305E65D3F49463BB9D7408EC3B12BF5F"
"03_往届冠军仓库快照\R113_github_zzh-stable_ascend-s5\.git\hooks\sendemail-validate.sample","2308","44EBFC923DC5466BC009602F0ECF067B9C65459ABFE8868DDC49B78E6CED7A92"
"03_往届冠军仓库快照\R113_github_zzh-stable_ascend-s5\.git\hooks\update.sample","3650","8D5F2FA83E103CF08B57EAA67521DF9194F45CBDBCB37DA52AD586097A14D106"
"03_往届冠军仓库快照\R113_github_zzh-stable_ascend-s5\.git\index","2437","94AEC8B914BE86B4A3AC4E70927481B9ECED7EF2B62033A69B62F9287E20C0CF"
"03_往届冠军仓库快照\R113_github_zzh-stable_ascend-s5\.git\info\exclude","240","6671FE83B7A07C8932EE89164D1F2793B2318058EB8B98DC5C06EE0A5A3B0EC1"
"03_往届冠军仓库快照\R113_github_zzh-stable_ascend-s5\.git\logs\HEAD","187","B177CEA356661EFA3B70C1395B670B303B88095DA5562009FA2F4F4CD8F1BDCA"
"03_往届冠军仓库快照\R113_github_zzh-stable_ascend-s5\.git\logs\refs\heads\main","187","B177CEA356661EFA3B70C1395B670B303B88095DA5562009FA2F4F4CD8F1BDCA"
"03_往届冠军仓库快照\R113_github_zzh-stable_ascend-s5\.git\logs\refs\remotes\origin\HEAD","187","B177CEA356661EFA3B70C1395B670B303B88095DA5562009FA2F4F4CD8F1BDCA"
"03_往届冠军仓库快照\R113_github_zzh-stable_ascend-s5\.git\objects\pack\pack-091bad1b21ff49c63d920953a9686eaa7b2838be.idx","1884","9D726B2A80E65A9CCF958E149E298A62B28F7FFC7F366D183D8F8480AA5FB803"
"03_往届冠军仓库快照\R113_github_zzh-stable_ascend-s5\.git\objects\pack\pack-091bad1b21ff49c63d920953a9686eaa7b2838be.pack","19586","F89D4B297E0EE8C4588D2EE3E63164CEC5FB0D1A528040E9C3E3338BE4F9BA9D"
"03_往届冠军仓库快照\R113_github_zzh-stable_ascend-s5\.git\objects\pack\pack-091bad1b21ff49c63d920953a9686eaa7b2838be.rev","168","2EE4AF3884793741A432F7A5B9227C4CB95791E5F7A2679E7DE427358732ADAB"
"03_往届冠军仓库快照\R113_github_zzh-stable_ascend-s5\.git\packed-refs","112","ABA6AD4C3F14EDF9A2B6BECC5AB12F0B1A5C7282A79971FDAECE1B45B06666B0"
"03_往届冠军仓库快照\R113_github_zzh-stable_ascend-s5\.git\refs\heads\main","41","A5454CBA3DE6E8B7DBC62D7376B1439A4A04BB31906EAC61FCC88CA75AA3488D"
"03_往届冠军仓库快照\R113_github_zzh-stable_ascend-s5\.git\refs\remotes\origin\HEAD","30","2BB6A24AA0FC6C484100F5D51A29BBAD841CD2C755F5D93FAA204E5DBB4EB2B4"
"03_往届冠军仓库快照\R113_github_zzh-stable_ascend-s5\Copysign\op_host\CMakeLists.txt","6641","3F99E9B8934BF9C16722CC36EB95402AE05D12AE473A7F97F77F1ACA75121402"
"03_往届冠军仓库快照\R113_github_zzh-stable_ascend-s5\Copysign\op_host\common.h","515","F4B6B938254010D27E048DCF50A01367C2506045D0D24D432D2E61DF0A9B6874"
"03_往届冠军仓库快照\R113_github_zzh-stable_ascend-s5\Copysign\op_host\copysign_tiling.h","781","4761134CAC9BA566FD2DB95C0DDFC1AA7989648F471A590AE3AE4414E114AEFA"
"03_往届冠军仓库快照\R113_github_zzh-stable_ascend-s5\Copysign\op_host\copysign.cpp","7047","9FD4B28516EE519975578FDF108DFB2AE6D74F2ABC3CA3DF1E4F1F54261C3333"
"03_往届冠军仓库快照\R113_github_zzh-stable_ascend-s5\Copysign\op_kernel\CMakeLists.txt","216","8B599A1CB50781EBD436DF4CC0C9DD206F1772F1A7AD42EFFEB4CB7CB2098321"
"03_往届冠军仓库快照\R113_github_zzh-stable_ascend-s5\Copysign\op_kernel\copysign_mult_sca.h","5993","2D16EAFBB6A3C2894B9ED66A1F4BD2A1116DCE9FA7C080EB7B75738A5988CEE3"
"03_往届冠军仓库快照\R113_github_zzh-stable_ascend-s5\Copysign\op_kernel\copysign_spec0.h","5411","D426C546BBA907DF3835997EB7F5AEFC7169E54B3F535C8C7E80D6187197FE0F"
"03_往届冠军仓库快照\R113_github_zzh-stable_ascend-s5\Copysign\op_kernel\copysign_spec1.h","4585","31299F4EC83E95A8221095D1F1E10CAD05E271B6EC09D0F94801A6B021DD1E9C"
"03_往届冠军仓库快照\R113_github_zzh-stable_ascend-s5\Copysign\op_kernel\copysign_spec2.h","5349","D15FF11E4AE2CAFADBB72ABDA197E271A6560745503827858D23324F2273831C"
"03_往届冠军仓库快照\R113_github_zzh-stable_ascend-s5\Copysign\op_kernel\copysign_spec3.h","6759","D785D4A38386E1D189E420B18971D74677DA63DAB2457E5284F238FE72392CDA"
"03_往届冠军仓库快照\R113_github_zzh-stable_ascend-s5\Copysign\op_kernel\copysign.cpp","1672","539916F16991951AC857BBED3F0E4230A299D3CDF472DA0DE5EF3F8AA5885780"
"03_往届冠军仓库快照\R113_github_zzh-stable_ascend-s5\Copysign\op_kernel\kernel_common.h","425","553F640FFACA9A5D73ACC01C6625FA4BE7B6AE867F976B30EB06D12801800843"
"03_往届冠军仓库快照\R113_github_zzh-stable_ascend-s5\Lcm\op_host\CMakeLists.txt","6641","3F99E9B8934BF9C16722CC36EB95402AE05D12AE473A7F97F77F1ACA75121402"
"03_往届冠军仓库快照\R113_github_zzh-stable_ascend-s5\Lcm\op_host\lcm_tiling.h","994","864C522410CF2D2964F16EEB5E3644B44E8FB67912428AC248AF26BA0B18CCC8"
"03_往届冠军仓库快照\R113_github_zzh-stable_ascend-s5\Lcm\op_host\lcm.cpp","6708","81A902B48E57CDD93E7B9A18FFFE9D9B72A2D29A03380D6F6BCA6669B55ABA56"
"03_往届冠军仓库快照\R113_github_zzh-stable_ascend-s5\Lcm\op_kernel\CMakeLists.txt","216","8B599A1CB50781EBD436DF4CC0C9DD206F1772F1A7AD42EFFEB4CB7CB2098321"
"03_往届冠军仓库快照\R113_github_zzh-stable_ascend-s5\Lcm\op_kernel\lcm_mult_sca.h","5823","75D8D0EF677E38EA0E468D4A54C3A126FDCBADA964AFAF7016D953E8BEA4C26F"
"03_往届冠军仓库快照\R113_github_zzh-stable_ascend-s5\Lcm\op_kernel\lcm_spec0.h","5869","721429E705E04D3EA694EF4C3D96422F1013380818DF007D9B647FEB729E76FA"
"03_往届冠军仓库快照\R113_github_zzh-stable_ascend-s5\Lcm\op_kernel\lcm_spec1.h","4601","3706C333512A15B57D6F471A20ED8479F70BC16708BCE90A06C7C5E6DC362590"
"03_往届冠军仓库快照\R113_github_zzh-stable_ascend-s5\Lcm\op_kernel\lcm_spec2.h","5401","DCB5E7442CA93EF20F6D1D4F5FF5A4EB650D6A2F39308C877A8A0F81B6230C1A"
"03_往届冠军仓库快照\R113_github_zzh-stable_ascend-s5\Lcm\op_kernel\lcm_spec3.h","11525","D713907728F18841CD0C14AB9203311DDE451A56FAD17B3017D56F523C9C31DB"
"03_往届冠军仓库快照\R113_github_zzh-stable_ascend-s5\Lcm\op_kernel\lcm.cpp","1480","FC0F08BDCF2DAE61D0F20AE22CE1ACA7596EC636080EE3385F0A1E140DCC25BA"
"03_往届冠军仓库快照\R113_github_zzh-stable_ascend-s5\README.md","79","C6DFADC0236D5CF05F25EF6166AA11F6F32358AAE984006FCA92B1C54FD0F1C5"
"04_往届赛题与代码分析\工作簿审读结果\工作簿审读索引.json","8037","3FBE86B50B5348D51047253241D5D94A14F6B46DBEF975AE0148009A3F412B5E"
"04_往届赛题与代码分析\工作簿审读结果\算子挑战赛年度冠军赛【基础性能命题】赛题_01.ndjson","3022","E3D99CE98A00A01D71DA7E4BCB750C7ED89553262F7ED93FB39B80E331FD1363"
"04_往届赛题与代码分析\工作簿审读结果\算子挑战赛年度冠军赛【挑战性能命题】赛题_01.ndjson","1341","105B7ED5A7507141D68E0F930FB665B04E0497C0BE54132DA12E582C27B2BD41"
"04_往届赛题与代码分析\工作簿审读结果\算子挑战赛S9赛题_01.ndjson","4314","F250EF7D6F5278C89C03FEFCCB94A6F2D1E78B4435A3A2508DC288BB64C8E60C"
"04_往届赛题与代码分析\工作簿审读结果\S4基础性能赛题_01.ndjson","3057","0D29E39427E1956B9CCB18D15B581FB13AF269685BCB64B3B9D11B343DF9F30A"
"04_往届赛题与代码分析\工作簿审读结果\S4挑战性能赛题_01.ndjson","2925","44BACCAC34C5DF7A987ED8B454DC3B13F26586AD3C19336BCF1532016B958A2D"
"04_往届赛题与代码分析\工作簿审读结果\S5基础性能赛题_01.ndjson","5347","2D6EC5C2E4CD5A6A7664186B16CED08906AF0D749B2DC0F5245537154001945B"
"04_往届赛题与代码分析\工作簿审读结果\S5挑战性能赛题_01.ndjson","5307","FBCB5EB0BC43DC967A2959C38758A7E22D5375615155939182D73100CAB0F3A6"
"04_往届赛题与代码分析\工作簿审读结果\S6基础性能赛题_01.ndjson","5352","1C6B37B8EF8412656265C87F939AF286C322B5CA01C08BAD9A3AA5B2AA78613C"
"04_往届赛题与代码分析\工作簿审读结果\S6挑战性能赛题_01.ndjson","6016","FC645B64443112DCFC40F9FBC565AD99896F7206A6A89EFEDA39D8A1D461F767"
"04_往届赛题与代码分析\赛题工作簿\算子挑战赛年度冠军赛【基础性能命题】赛题_01.xlsx","12293","7A6B55DD17710A5E262B9A62D3EC1AD171A2D0EDBAB14468087ACCB9E4D89372"
"04_往届赛题与代码分析\赛题工作簿\算子挑战赛年度冠军赛【挑战性能命题】赛题_01.xlsx","10991","652FD1A6D1916A89942705A0824EC661C9ACCA0369F135D43FE64B5BA305A690"
"04_往届赛题与代码分析\赛题工作簿\算子挑战赛S9赛题_01.xlsx","14073","69BA64B0DF3E5D1979101C88E85A2F935C54171EA6962714ADAAED9B8FDCD3AC"
"04_往届赛题与代码分析\赛题工作簿\S4基础性能赛题_01.xlsx","12914","0E8403281E3F6A3845A7B64A5B20F604BE581C8718E05ACD48100058D4B82B81"
"04_往届赛题与代码分析\赛题工作簿\S4挑战性能赛题_01.xlsx","12831","FA81A2C9197ADC55CA66F7118756AD21856D15C0F6F530F9F5F9D1D11E37C3D9"
"04_往届赛题与代码分析\赛题工作簿\S5基础性能赛题_01.xlsx","14942","B35136F5A1AE2EBD348AC7C91DF3E0EA813C2C4EF637E3DAA31A34B50DEEE0D4"
"04_往届赛题与代码分析\赛题工作簿\S5挑战性能赛题_01.xlsx","13102","FABD0D6E62785BE6EC56512980B96B166C9E0CF65CDD1421DB4500B2C8FD43B4"
"04_往届赛题与代码分析\赛题工作簿\S6基础性能赛题_01.xlsx","14277","7398938F2316AB0EA3CF9C6D1B3E8B9C6FD59E9B187BE82080385AFF1314DB89"
"04_往届赛题与代码分析\赛题工作簿\S6挑战性能赛题_01.xlsx","14009","CD2DA26C8202380B00E8796E9D690760BA0368C1E8553F87C3D44E1B506407B0"
"04_往届赛题与代码分析\往届赛题解压\算子挑战赛年度冠军赛【基础性能命题】赛题\算子挑战赛年度冠军赛【基础性能命题】赛题\调用样例说明.txt","594","0E6DCA1E0662AE5FC81B4F07F0097BE331DAA1126A0E993A0193958C29597DFE"
"04_往届赛题与代码分析\往届赛题解压\算子挑战赛年度冠军赛【基础性能命题】赛题\算子挑战赛年度冠军赛【基础性能命题】赛题\冠军赛基础性能赛题.xlsx","12293","7A6B55DD17710A5E262B9A62D3EC1AD171A2D0EDBAB14468087ACCB9E4D89372"
"04_往届赛题与代码分析\往届赛题解压\算子挑战赛年度冠军赛【基础性能命题】赛题\算子挑战赛年度冠军赛【基础性能命题】赛题\base_case\LinSpace\common\pytorch_npu_helper.hpp","23063","0828958E07B37F2D87832B49330C7373F5E503638871F781416604A7BB9CFB00"
"04_往届赛题与代码分析\往届赛题解压\算子挑战赛年度冠军赛【基础性能命题】赛题\算子挑战赛年度冠军赛【基础性能命题】赛题\base_case\LinSpace\extension\custom_op.cpp","1385","DF2A5DF3396DA3C71F5AF88201526AD616EE9740206B9503DAB0F293B6B99983"
"04_往届赛题与代码分析\往届赛题解压\算子挑战赛年度冠军赛【基础性能命题】赛题\算子挑战赛年度冠军赛【基础性能命题】赛题\base_case\LinSpace\get_time.py","749","5E347AEAC1FC3B8CEE1E91EA8C2A732B43EF2BB7906E5539F54ADB5C1C7D94ED"
"04_往届赛题与代码分析\往届赛题解压\算子挑战赛年度冠军赛【基础性能命题】赛题\算子挑战赛年度冠军赛【基础性能命题】赛题\base_case\LinSpace\run.sh","857","B538320C64FB967C709E19D77767C75B104AD7BFCD978F54D56C5174F8A7527A"
"04_往届赛题与代码分析\往届赛题解压\算子挑战赛年度冠军赛【基础性能命题】赛题\算子挑战赛年度冠军赛【基础性能命题】赛题\base_case\LinSpace\setup.py","761","AC8C44C8AAF2EA9FAB1814EF6DC64718A16BC4D45FE1307FBB41645F00D2C6DE"
"04_往届赛题与代码分析\往届赛题解压\算子挑战赛年度冠军赛【基础性能命题】赛题\算子挑战赛年度冠军赛【基础性能命题】赛题\base_case\LinSpace\test_op.py","2330","0F9611DAEE240ECCC3711BF3B4789E8C115633B751D2B1089055C9A922C4618E"
"04_往届赛题与代码分析\往届赛题解压\算子挑战赛年度冠军赛【基础性能命题】赛题\算子挑战赛年度冠军赛【基础性能命题】赛题\base_case\NonZero\common\pytorch_npu_helper.hpp","23063","0828958E07B37F2D87832B49330C7373F5E503638871F781416604A7BB9CFB00"
"04_往届赛题与代码分析\往届赛题解压\算子挑战赛年度冠军赛【基础性能命题】赛题\算子挑战赛年度冠军赛【基础性能命题】赛题\base_case\NonZero\extension\custom_op.cpp","1498","ACB4F89BC8C0CA17288797225A30FDA8BF51A7D29EECF44AA43305024B7206E5"
"04_往届赛题与代码分析\往届赛题解压\算子挑战赛年度冠军赛【基础性能命题】赛题\算子挑战赛年度冠军赛【基础性能命题】赛题\base_case\NonZero\get_time.py","749","5E347AEAC1FC3B8CEE1E91EA8C2A732B43EF2BB7906E5539F54ADB5C1C7D94ED"
"04_往届赛题与代码分析\往届赛题解压\算子挑战赛年度冠军赛【基础性能命题】赛题\算子挑战赛年度冠军赛【基础性能命题】赛题\base_case\NonZero\run.sh","856","0893BC43EAA690B18DC415945FD9CE395F9C27D3CFE0458AD3351848AAD2FF26"
"04_往届赛题与代码分析\往届赛题解压\算子挑战赛年度冠军赛【基础性能命题】赛题\算子挑战赛年度冠军赛【基础性能命题】赛题\base_case\NonZero\setup.py","761","AC8C44C8AAF2EA9FAB1814EF6DC64718A16BC4D45FE1307FBB41645F00D2C6DE"
"04_往届赛题与代码分析\往届赛题解压\算子挑战赛年度冠军赛【基础性能命题】赛题\算子挑战赛年度冠军赛【基础性能命题】赛题\base_case\NonZero\test_op.py","2390","9492C819A4481C46192FB8120D483DCCBE58C20384D25DAFC6A474D0DDE714F0"
"04_往届赛题与代码分析\往届赛题解压\算子挑战赛年度冠军赛【基础性能命题】赛题\算子挑战赛年度冠军赛【基础性能命题】赛题\base_case\Trunc\common\pytorch_npu_helper.hpp","23063","0828958E07B37F2D87832B49330C7373F5E503638871F781416604A7BB9CFB00"
"04_往届赛题与代码分析\往届赛题解压\算子挑战赛年度冠军赛【基础性能命题】赛题\算子挑战赛年度冠军赛【基础性能命题】赛题\base_case\Trunc\extension\custom_op.cpp","1130","847E167D8A8D7D2C6C270C96246D816D920590D9BE9BB27D46FC36B45A50D9BF"
"04_往届赛题与代码分析\往届赛题解压\算子挑战赛年度冠军赛【基础性能命题】赛题\算子挑战赛年度冠军赛【基础性能命题】赛题\base_case\Trunc\get_time.py","749","5E347AEAC1FC3B8CEE1E91EA8C2A732B43EF2BB7906E5539F54ADB5C1C7D94ED"
"04_往届赛题与代码分析\往届赛题解压\算子挑战赛年度冠军赛【基础性能命题】赛题\算子挑战赛年度冠军赛【基础性能命题】赛题\base_case\Trunc\run.sh","857","A89FB9F86C8657779056EEAA901D8CFB15C1856B16EF87CCBFC1DCDFC9DB4D86"
"04_往届赛题与代码分析\往届赛题解压\算子挑战赛年度冠军赛【基础性能命题】赛题\算子挑战赛年度冠军赛【基础性能命题】赛题\base_case\Trunc\setup.py","761","AC8C44C8AAF2EA9FAB1814EF6DC64718A16BC4D45FE1307FBB41645F00D2C6DE"
"04_往届赛题与代码分析\往届赛题解压\算子挑战赛年度冠军赛【基础性能命题】赛题\算子挑战赛年度冠军赛【基础性能命题】赛题\base_case\Trunc\test_op.py","2380","63B4272E9FC7349AA698EC1602BDD9336873AB0A4BDA567631493CAB2EE2C0F6"
"04_往届赛题与代码分析\往届赛题解压\算子挑战赛年度冠军赛【基础性能命题】赛题\算子挑战赛年度冠军赛【基础性能命题】赛题\init_pybind.sh","679","17C04A9602CCBB0CEACA4214FCC0672C54CF8DD0328A1EC5E42F09CE97C9E179"
"04_往届赛题与代码分析\往届赛题解压\算子挑战赛年度冠军赛【挑战性能命题】赛题\算子挑战赛年度冠军赛【挑战性能命题】赛题\调用样例说明.txt","594","0E6DCA1E0662AE5FC81B4F07F0097BE331DAA1126A0E993A0193958C29597DFE"
"04_往届赛题与代码分析\往届赛题解压\算子挑战赛年度冠军赛【挑战性能命题】赛题\算子挑战赛年度冠军赛【挑战性能命题】赛题\冠军赛挑战性能赛题.xlsx","10991","652FD1A6D1916A89942705A0824EC661C9ACCA0369F135D43FE64B5BA305A690"
"04_往届赛题与代码分析\往届赛题解压\算子挑战赛年度冠军赛【挑战性能命题】赛题\算子挑战赛年度冠军赛【挑战性能命题】赛题\init_pybind.sh","679","17C04A9602CCBB0CEACA4214FCC0672C54CF8DD0328A1EC5E42F09CE97C9E179"
"04_往届赛题与代码分析\往届赛题解压\算子挑战赛年度冠军赛【挑战性能命题】赛题\算子挑战赛年度冠军赛【挑战性能命题】赛题\prof_case\Gcd\common\pytorch_npu_helper.hpp","23063","0828958E07B37F2D87832B49330C7373F5E503638871F781416604A7BB9CFB00"
"04_往届赛题与代码分析\往届赛题解压\算子挑战赛年度冠军赛【挑战性能命题】赛题\算子挑战赛年度冠军赛【挑战性能命题】赛题\prof_case\Gcd\extension\custom_op.cpp","1208","E2FB02FB51C142C0434AD1CE79F40231A78D33CC9070CFB21283F6A19087F519"
"04_往届赛题与代码分析\往届赛题解压\算子挑战赛年度冠军赛【挑战性能命题】赛题\算子挑战赛年度冠军赛【挑战性能命题】赛题\prof_case\Gcd\get_time.py","749","5E347AEAC1FC3B8CEE1E91EA8C2A732B43EF2BB7906E5539F54ADB5C1C7D94ED"
"04_往届赛题与代码分析\往届赛题解压\算子挑战赛年度冠军赛【挑战性能命题】赛题\算子挑战赛年度冠军赛【挑战性能命题】赛题\prof_case\Gcd\run.sh","857","B538320C64FB967C709E19D77767C75B104AD7BFCD978F54D56C5174F8A7527A"
"04_往届赛题与代码分析\往届赛题解压\算子挑战赛年度冠军赛【挑战性能命题】赛题\算子挑战赛年度冠军赛【挑战性能命题】赛题\prof_case\Gcd\setup.py","761","AC8C44C8AAF2EA9FAB1814EF6DC64718A16BC4D45FE1307FBB41645F00D2C6DE"
"04_往届赛题与代码分析\往届赛题解压\算子挑战赛年度冠军赛【挑战性能命题】赛题\算子挑战赛年度冠军赛【挑战性能命题】赛题\prof_case\Gcd\test_op.py","2106","76DBF3AAE388B66F028C85615A9FC5294E598E74FFF1126B2448AF26A78F9F8D"
"04_往届赛题与代码分析\往届赛题解压\case_base\case_310b\Gather\common\pytorch_npu_helper.hpp","23063","0828958E07B37F2D87832B49330C7373F5E503638871F781416604A7BB9CFB00"
"04_往届赛题与代码分析\往届赛题解压\case_base\case_310b\Gather\extension\custom_op.cpp","2912","81A518FA27FC430C510FA06C3819FFD49F516977B3CA85227AA00002B8597AE4"
"04_往届赛题与代码分析\往届赛题解压\case_base\case_310b\Gather\get_time.py","698","CA55AF7F643AC114FADF943D6C619017168ED3ABB1B18A67E04BAB87E8EA0E64"
"04_往届赛题与代码分析\往届赛题解压\case_base\case_310b\Gather\run.sh","1057","BEF200921EE83F016AF2A865C8273945D06B34A1097FD0890AFC38F2B5BCB166"
"04_往届赛题与代码分析\往届赛题解压\case_base\case_310b\Gather\setup.py","761","AC8C44C8AAF2EA9FAB1814EF6DC64718A16BC4D45FE1307FBB41645F00D2C6DE"
"04_往届赛题与代码分析\往届赛题解压\case_base\case_310b\Gather\test_op.py","7368","31A54638561693AA825005321A7D5FDCEF0C7A2E37D6F7FDED96D7E14944F2B4"
"04_往届赛题与代码分析\往届赛题解压\case_base\case_310b\Pows\common\pytorch_npu_helper.hpp","23063","0828958E07B37F2D87832B49330C7373F5E503638871F781416604A7BB9CFB00"
"04_往届赛题与代码分析\往届赛题解压\case_base\case_310b\Pows\extension\custom_op.cpp","1191","EE3B6C1436310C33DEEE82C67A9757C413BF1FD8E1D072B6871DC8D15255D205"
"04_往届赛题与代码分析\往届赛题解压\case_base\case_310b\Pows\get_time.py","698","CA55AF7F643AC114FADF943D6C619017168ED3ABB1B18A67E04BAB87E8EA0E64"
"04_往届赛题与代码分析\往届赛题解压\case_base\case_310b\Pows\run.sh","1038","35A3EB68050A69DB5444CD72354DDEAF88D3A3F882BB4AA5D0946FA8D5BAC0C4"
"04_往届赛题与代码分析\往届赛题解压\case_base\case_310b\Pows\setup.py","761","AC8C44C8AAF2EA9FAB1814EF6DC64718A16BC4D45FE1307FBB41645F00D2C6DE"
"04_往届赛题与代码分析\往届赛题解压\case_base\case_310b\Pows\test_op.py","6147","25D222714545F3BF0F84F74D3466EA3F167FA3C659278127B631153B60661312"
"04_往届赛题与代码分析\往届赛题解压\case_base\case_310b\Reshape\common\pytorch_npu_helper.hpp","23063","0828958E07B37F2D87832B49330C7373F5E503638871F781416604A7BB9CFB00"
"04_往届赛题与代码分析\往届赛题解压\case_base\case_310b\Reshape\extension\custom_op.cpp","925","9B4C9F083FFED2DE575D358F70F08EC013A3C8438EA8B2EFCE88775A35399858"
"04_往届赛题与代码分析\往届赛题解压\case_base\case_310b\Reshape\get_time.py","698","CA55AF7F643AC114FADF943D6C619017168ED3ABB1B18A67E04BAB87E8EA0E64"
"04_往届赛题与代码分析\往届赛题解压\case_base\case_310b\Reshape\run.sh","1055","8EF437C1D92683BED6570561208D21ECF1F31382D6006B79B78355EB91841AEA"
"04_往届赛题与代码分析\往届赛题解压\case_base\case_310b\Reshape\setup.py","761","AC8C44C8AAF2EA9FAB1814EF6DC64718A16BC4D45FE1307FBB41645F00D2C6DE"
"04_往届赛题与代码分析\往届赛题解压\case_base\case_310b\Reshape\test_op.py","7527","07F42AA6922BC8A2F8B2D78D1ABD3F181461496EFFE2FF5AC1860B1DA3500765"
"04_往届赛题与代码分析\往届赛题解压\case_base\case_310b\RmsNorm\common\pytorch_npu_helper.hpp","23063","0828958E07B37F2D87832B49330C7373F5E503638871F781416604A7BB9CFB00"
"04_往届赛题与代码分析\往届赛题解压\case_base\case_310b\RmsNorm\extension\custom_op.cpp","1785","818F52753866617C746F27B7EB6F47ECA635F24CE32531F89BE3E52BF1231601"
"04_往届赛题与代码分析\往届赛题解压\case_base\case_310b\RmsNorm\get_time.py","698","CA55AF7F643AC114FADF943D6C619017168ED3ABB1B18A67E04BAB87E8EA0E64"
"04_往届赛题与代码分析\往届赛题解压\case_base\case_310b\RmsNorm\run.sh","1042","1C095709148EC00AD23193F1260756C2F858D4A7B2F992A6B8E0C9FFFAE1FE8E"
"04_往届赛题与代码分析\往届赛题解压\case_base\case_310b\RmsNorm\setup.py","761","AC8C44C8AAF2EA9FAB1814EF6DC64718A16BC4D45FE1307FBB41645F00D2C6DE"
"04_往届赛题与代码分析\往届赛题解压\case_base\case_310b\RmsNorm\test_op.py","7371","79A93B6CEB05C94CA8BE47EF8F0FD952042407E0A0AC36A42EDDE3D174DBBDD8"
"04_往届赛题与代码分析\往届赛题解压\case_base\case_310b\SelectV2\common\pytorch_npu_helper.hpp","23063","0828958E07B37F2D87832B49330C7373F5E503638871F781416604A7BB9CFB00"
"04_往届赛题与代码分析\往届赛题解压\case_base\case_310b\SelectV2\extension\custom_op.cpp","1258","8C5BA17DBE511DBAAB4009B633CCBDBA9FF4DF547C28DF0FF0463DA5594CC70B"
"04_往届赛题与代码分析\往届赛题解压\case_base\case_310b\SelectV2\get_time.py","698","CA55AF7F643AC114FADF943D6C619017168ED3ABB1B18A67E04BAB87E8EA0E64"
"04_往届赛题与代码分析\往届赛题解压\case_base\case_310b\SelectV2\run.sh","1037","7F59C0DB9BB1846CDCA5D0D46F5854EFEDD13E1F3C536D60E20E6D803D543DFB"
"04_往届赛题与代码分析\往届赛题解压\case_base\case_310b\SelectV2\setup.py","761","AC8C44C8AAF2EA9FAB1814EF6DC64718A16BC4D45FE1307FBB41645F00D2C6DE"
"04_往届赛题与代码分析\往届赛题解压\case_base\case_310b\SelectV2\test_op.py","7373","BF9549FA2C718149B91B238464EA079BD8E397AC45011FB23006287434A48F8B"
"04_往届赛题与代码分析\往届赛题解压\case_prof\case_910b\Eye\common\pytorch_npu_helper.hpp","23063","0828958E07B37F2D87832B49330C7373F5E503638871F781416604A7BB9CFB00"
"04_往届赛题与代码分析\往届赛题解压\case_prof\case_910b\Eye\extension\custom_op.cpp","1308","3572983619EC11AA8D3CB6036483D67DF5997724898A77C0F9F9629858A627A4"
"04_往届赛题与代码分析\往届赛题解压\case_prof\case_910b\Eye\get_time.py","698","CA55AF7F643AC114FADF943D6C619017168ED3ABB1B18A67E04BAB87E8EA0E64"
"04_往届赛题与代码分析\往届赛题解压\case_prof\case_910b\Eye\run.sh","1056","986A50E3AB425FBC14D0A1D5CB8887498D15ABA72756DF4802D2584A03A04146"
"04_往届赛题与代码分析\往届赛题解压\case_prof\case_910b\Eye\setup.py","761","AC8C44C8AAF2EA9FAB1814EF6DC64718A16BC4D45FE1307FBB41645F00D2C6DE"
"04_往届赛题与代码分析\往届赛题解压\case_prof\case_910b\Eye\test_op.py","5004","9CA96973A183324FCB83D3893FEF2B3D38823AB0787C213BA86CEDE5C1A2C5CA"
"04_往届赛题与代码分析\往届赛题解压\case_prof\case_910b\Heaviside\common\pytorch_npu_helper.hpp","23063","0828958E07B37F2D87832B49330C7373F5E503638871F781416604A7BB9CFB00"
"04_往届赛题与代码分析\往届赛题解压\case_prof\case_910b\Heaviside\extension\custom_op.cpp","1046","BD3E137AE81E55ED7769D717C4D223BEA6811EA490BC9109B9866CBF9F70067D"
"04_往届赛题与代码分析\往届赛题解压\case_prof\case_910b\Heaviside\get_time.py","698","CA55AF7F643AC114FADF943D6C619017168ED3ABB1B18A67E04BAB87E8EA0E64"
"04_往届赛题与代码分析\往届赛题解压\case_prof\case_910b\Heaviside\run.sh","1056","986A50E3AB425FBC14D0A1D5CB8887498D15ABA72756DF4802D2584A03A04146"
"04_往届赛题与代码分析\往届赛题解压\case_prof\case_910b\Heaviside\setup.py","761","AC8C44C8AAF2EA9FAB1814EF6DC64718A16BC4D45FE1307FBB41645F00D2C6DE"
"04_往届赛题与代码分析\往届赛题解压\case_prof\case_910b\Heaviside\test_op.py","4148","017E0764C74E51C39DB310ED6150195EBBA9B114802FDFCA5ACAC7EC5AC54A62"
"04_往届赛题与代码分析\往届赛题解压\case_prof\case_910b\init_pybind.sh","582","EA0C9DFF1C10A6EFCFE394F6B066C759A58403368E95A4F2DB90BB9FABEDB8C4"
"04_往届赛题与代码分析\往届赛题解压\case_prof\case_910b\MatMul\common\pytorch_npu_helper.hpp","23063","0828958E07B37F2D87832B49330C7373F5E503638871F781416604A7BB9CFB00"
"04_往届赛题与代码分析\往届赛题解压\case_prof\case_910b\MatMul\extension\custom_op.cpp","1853","FAE6000609D237A3F888A8F58805D15D11DA84905EE3C9D5AF8DDB47301F4F48"
"04_往届赛题与代码分析\往届赛题解压\case_prof\case_910b\MatMul\get_time.py","698","CA55AF7F643AC114FADF943D6C619017168ED3ABB1B18A67E04BAB87E8EA0E64"
"04_往届赛题与代码分析\往届赛题解压\case_prof\case_910b\MatMul\run.sh","1056","986A50E3AB425FBC14D0A1D5CB8887498D15ABA72756DF4802D2584A03A04146"
"04_往届赛题与代码分析\往届赛题解压\case_prof\case_910b\MatMul\setup.py","761","AC8C44C8AAF2EA9FAB1814EF6DC64718A16BC4D45FE1307FBB41645F00D2C6DE"
"04_往届赛题与代码分析\往届赛题解压\case_prof\case_910b\MatMul\test_op.py","4974","35E74FCE43F6D860AA81787BA7D78A2B218198D3D4BCD6144AE5C24C608D2705"
"04_往届赛题与代码分析\往届赛题解压\case_prof\case_910b\pybind样例调用指导.docx","335720","D6F231A73086BDF1F84B8C13D7E8D018A9C2A6BB0743BEE46378949FC8CDE7C2"
"04_往届赛题与代码分析\往届赛题解压\case_prof\case_910b\S4挑战性能赛题.xlsx","12831","FA81A2C9197ADC55CA66F7118756AD21856D15C0F6F530F9F5F9D1D11E37C3D9"
"04_往届赛题与代码分析\往届赛题解压\case_prof\case_910b\ScatterReduce\common\pytorch_npu_helper.hpp","23063","0828958E07B37F2D87832B49330C7373F5E503638871F781416604A7BB9CFB00"
"04_往届赛题与代码分析\往届赛题解压\case_prof\case_910b\ScatterReduce\extension\custom_op.cpp","1463","D19460CBC25A4A63FF6B3FBBAD1B5F988B2EA158EBC19957300B21C580EB30A9"
"04_往届赛题与代码分析\往届赛题解压\case_prof\case_910b\ScatterReduce\get_time.py","698","CA55AF7F643AC114FADF943D6C619017168ED3ABB1B18A67E04BAB87E8EA0E64"
"04_往届赛题与代码分析\往届赛题解压\case_prof\case_910b\ScatterReduce\run.sh","1063","8A848DE871ED48945C2B35A7FC4EA11DB5DCB0D86A5DD165AC7363F68EEE9E19"
"04_往届赛题与代码分析\往届赛题解压\case_prof\case_910b\ScatterReduce\setup.py","761","AC8C44C8AAF2EA9FAB1814EF6DC64718A16BC4D45FE1307FBB41645F00D2C6DE"
"04_往届赛题与代码分析\往届赛题解压\case_prof\case_910b\ScatterReduce\test_op.py","8853","DF0AE857138FA3AE40FB93DD082CBD4189C330D1D4DB49851CB013E26E4912AC"
"04_往届赛题与代码分析\往届赛题解压\case_prof\case_910b\SolveEx\common\pytorch_npu_helper.hpp","23063","0828958E07B37F2D87832B49330C7373F5E503638871F781416604A7BB9CFB00"
"04_往届赛题与代码分析\往届赛题解压\case_prof\case_910b\SolveEx\extension\custom_op.cpp","1356","3EC5E6612346EC5C78F191345911B8D32414E1EC7CFD82F5927546DBCA0BB297"
"04_往届赛题与代码分析\往届赛题解压\case_prof\case_910b\SolveEx\get_time.py","698","CA55AF7F643AC114FADF943D6C619017168ED3ABB1B18A67E04BAB87E8EA0E64"
"04_往届赛题与代码分析\往届赛题解压\case_prof\case_910b\SolveEx\run.sh","1057","625BF4277FECC0E0B81683BD25BEFFC7936C4006D68FC13700584B48B879E086"
"04_往届赛题与代码分析\往届赛题解压\case_prof\case_910b\SolveEx\setup.py","761","AC8C44C8AAF2EA9FAB1814EF6DC64718A16BC4D45FE1307FBB41645F00D2C6DE"
"04_往届赛题与代码分析\往届赛题解压\case_prof\case_910b\SolveEx\test_op.py","4109","DFC04AD108C1983118153E1E490A9FF5B8B132890FB3A0F7A02FE2EF0504A3BC"
"04_往届赛题与代码分析\往届赛题解压\S4基础性能赛题\S4基础性能赛题\调用样例说明.txt","577","089B280FA42D88C9EDFB8F13A2E904E4AB8B0CDFFE18771938E6739CE15552B7"
"04_往届赛题与代码分析\往届赛题解压\S4基础性能赛题\S4基础性能赛题\base_case\Gather\common\pytorch_npu_helper.hpp","23063","0828958E07B37F2D87832B49330C7373F5E503638871F781416604A7BB9CFB00"
"04_往届赛题与代码分析\往届赛题解压\S4基础性能赛题\S4基础性能赛题\base_case\Gather\extension\custom_op.cpp","1818","2266A0D79338D82A4EF205C451EC01AFD280AD02ABD0F51C259B32009558E865"
"04_往届赛题与代码分析\往届赛题解压\S4基础性能赛题\S4基础性能赛题\base_case\Gather\run.sh","577","FA9C92DC1C7A5CC599DE4BCD9226123B2C4B684686DE3E1277F3D035AAAC42FD"
"04_往届赛题与代码分析\往届赛题解压\S4基础性能赛题\S4基础性能赛题\base_case\Gather\setup.py","761","AC8C44C8AAF2EA9FAB1814EF6DC64718A16BC4D45FE1307FBB41645F00D2C6DE"
"04_往届赛题与代码分析\往届赛题解压\S4基础性能赛题\S4基础性能赛题\base_case\Gather\test_op.py","2851","7C8D5AAAC222423C0ABC90A07906D68271E6B5AD596C9E20C7BD6AC71A3188E4"
"04_往届赛题与代码分析\往届赛题解压\S4基础性能赛题\S4基础性能赛题\base_case\Pows\common\pytorch_npu_helper.hpp","23063","0828958E07B37F2D87832B49330C7373F5E503638871F781416604A7BB9CFB00"
"04_往届赛题与代码分析\往届赛题解压\S4基础性能赛题\S4基础性能赛题\base_case\Pows\extension\custom_op.cpp","1187","FC7C7C4AC90D22BE2B249D48D17DB14AF716083B7258F99AEA9557B4A29650D6"
"04_往届赛题与代码分析\往届赛题解压\S4基础性能赛题\S4基础性能赛题\base_case\Pows\run.sh","581","1DD863511F5DB6FFE239E84B1048467CCF2BD0136E05C64E729E9AE01EDA2683"
"04_往届赛题与代码分析\往届赛题解压\S4基础性能赛题\S4基础性能赛题\base_case\Pows\setup.py","761","AC8C44C8AAF2EA9FAB1814EF6DC64718A16BC4D45FE1307FBB41645F00D2C6DE"
"04_往届赛题与代码分析\往届赛题解压\S4基础性能赛题\S4基础性能赛题\base_case\Pows\test_op.py","2666","81E79DDE1CB928A8D40D101E44E39A31B26C9D3E0A629FFD0E6DDE3BF27F948A"
"04_往届赛题与代码分析\往届赛题解压\S4基础性能赛题\S4基础性能赛题\base_case\Reshape\common\pytorch_npu_helper.hpp","23063","0828958E07B37F2D87832B49330C7373F5E503638871F781416604A7BB9CFB00"
"04_往届赛题与代码分析\往届赛题解压\S4基础性能赛题\S4基础性能赛题\base_case\Reshape\extension\custom_op.cpp","925","9B4C9F083FFED2DE575D358F70F08EC013A3C8438EA8B2EFCE88775A35399858"
"04_往届赛题与代码分析\往届赛题解压\S4基础性能赛题\S4基础性能赛题\base_case\Reshape\run.sh","598","31903BA60A1382B0EFADAD8721277313D30046ACBD690B0F4483C1A941C648A7"
"04_往届赛题与代码分析\往届赛题解压\S4基础性能赛题\S4基础性能赛题\base_case\Reshape\setup.py","761","AC8C44C8AAF2EA9FAB1814EF6DC64718A16BC4D45FE1307FBB41645F00D2C6DE"
"04_往届赛题与代码分析\往届赛题解压\S4基础性能赛题\S4基础性能赛题\base_case\Reshape\test_op.py","3132","02CA6D56F9329A4E4CA2D0429CFAB8C37329BAA77545F425D18435CA9602EF47"
"04_往届赛题与代码分析\往届赛题解压\S4基础性能赛题\S4基础性能赛题\base_case\RmsNorm\common\pytorch_npu_helper.hpp","23063","0828958E07B37F2D87832B49330C7373F5E503638871F781416604A7BB9CFB00"
"04_往届赛题与代码分析\往届赛题解压\S4基础性能赛题\S4基础性能赛题\base_case\RmsNorm\extension\custom_op.cpp","1781","8D67CD51EB8895733E0815F35CEE7BB9F507E6D2800D855D9FBB70D22FF1154E"
"04_往届赛题与代码分析\往届赛题解压\S4基础性能赛题\S4基础性能赛题\base_case\RmsNorm\run.sh","580","2D0A02157DE72F5BFCFF42AEF2AABD6CBE4D9C71AB0789647583B127227A66CB"
"04_往届赛题与代码分析\往届赛题解压\S4基础性能赛题\S4基础性能赛题\base_case\RmsNorm\setup.py","761","AC8C44C8AAF2EA9FAB1814EF6DC64718A16BC4D45FE1307FBB41645F00D2C6DE"
"04_往届赛题与代码分析\往届赛题解压\S4基础性能赛题\S4基础性能赛题\base_case\RmsNorm\test_op.py","2925","951EEC11277DAFEDB665A35DDC6213D8FB88FCB121921E10464B22A5FC2DE6F9"
"04_往届赛题与代码分析\往届赛题解压\S4基础性能赛题\S4基础性能赛题\base_case\SelectV2\common\pytorch_npu_helper.hpp","23063","0828958E07B37F2D87832B49330C7373F5E503638871F781416604A7BB9CFB00"
"04_往届赛题与代码分析\往届赛题解压\S4基础性能赛题\S4基础性能赛题\base_case\SelectV2\extension\custom_op.cpp","1254","36DB8DEC9A91A58FD011025F58AD7822D1489B3CFC055CE952791434892A989E"
"04_往届赛题与代码分析\往届赛题解压\S4基础性能赛题\S4基础性能赛题\base_case\SelectV2\run.sh","578","C1F0FE6B01A400CEFF074860C34D8CD8CD65D292204B3FFE3EEA46741C4A29AD"
"04_往届赛题与代码分析\往届赛题解压\S4基础性能赛题\S4基础性能赛题\base_case\SelectV2\setup.py","761","AC8C44C8AAF2EA9FAB1814EF6DC64718A16BC4D45FE1307FBB41645F00D2C6DE"
"04_往届赛题与代码分析\往届赛题解压\S4基础性能赛题\S4基础性能赛题\base_case\SelectV2\test_op.py","2859","B56C75DE45F64BDB2041019A47C7AEA3416E65BAF04F87901B4ECF675E644A6C"
"04_往届赛题与代码分析\往届赛题解压\S4基础性能赛题\S4基础性能赛题\init_pybind.sh","582","EA0C9DFF1C10A6EFCFE394F6B066C759A58403368E95A4F2DB90BB9FABEDB8C4"
"04_往届赛题与代码分析\往届赛题解压\S4基础性能赛题\S4基础性能赛题\pybind赛事用例自测修改建议.txt","4808","C67369BA8B1663B44EAC49CD21D529F40E6650E2D4661C8D8A3FAD599A8DC659"
"04_往届赛题与代码分析\往届赛题解压\S4基础性能赛题\S4基础性能赛题\S4基础性能赛题.xlsx","12914","0E8403281E3F6A3845A7B64A5B20F604BE581C8718E05ACD48100058D4B82B81"
"04_往届赛题与代码分析\往届赛题解压\S4挑战性能赛题\S4挑战性能赛题\调用样例说明.txt","577","089B280FA42D88C9EDFB8F13A2E904E4AB8B0CDFFE18771938E6739CE15552B7"
"04_往届赛题与代码分析\往届赛题解压\S4挑战性能赛题\S4挑战性能赛题\算子赛题 - 快捷方式.lnk","1209","441559B65F1DAD9695D12BCFFDA27D44235D0A7304530D3FFDD6E304B0B4BD4A"
"04_往届赛题与代码分析\往届赛题解压\S4挑战性能赛题\S4挑战性能赛题\init_pybind.sh","582","EA0C9DFF1C10A6EFCFE394F6B066C759A58403368E95A4F2DB90BB9FABEDB8C4"
"04_往届赛题与代码分析\往届赛题解压\S4挑战性能赛题\S4挑战性能赛题\prof_case\Eye\common\pytorch_npu_helper.hpp","23063","0828958E07B37F2D87832B49330C7373F5E503638871F781416604A7BB9CFB00"
"04_往届赛题与代码分析\往届赛题解压\S4挑战性能赛题\S4挑战性能赛题\prof_case\Eye\extension\custom_op.cpp","1308","3572983619EC11AA8D3CB6036483D67DF5997724898A77C0F9F9629858A627A4"
"04_往届赛题与代码分析\往届赛题解压\S4挑战性能赛题\S4挑战性能赛题\prof_case\Eye\run.sh","595","49CAAEA2B47039F6C14BFC56F75ED03BEB907812E30172CB0604C2428D6E3F7D"
"04_往届赛题与代码分析\往届赛题解压\S4挑战性能赛题\S4挑战性能赛题\prof_case\Eye\setup.py","761","AC8C44C8AAF2EA9FAB1814EF6DC64718A16BC4D45FE1307FBB41645F00D2C6DE"
"04_往届赛题与代码分析\往届赛题解压\S4挑战性能赛题\S4挑战性能赛题\prof_case\Eye\test_op.py","3645","45CA1215BA4CF6CA5665B139EDA659F7A64A476B4DBB2A0DEDE6BD8B684836FE"
"04_往届赛题与代码分析\往届赛题解压\S4挑战性能赛题\S4挑战性能赛题\prof_case\Heaviside\common\pytorch_npu_helper.hpp","23063","0828958E07B37F2D87832B49330C7373F5E503638871F781416604A7BB9CFB00"
"04_往届赛题与代码分析\往届赛题解压\S4挑战性能赛题\S4挑战性能赛题\prof_case\Heaviside\extension\custom_op.cpp","1042","DE2D846E93EA201F1D3624180AD02B2B7A3F5D44C7B3CD0D54F50AB3AE997EAE"
"04_往届赛题与代码分析\往届赛题解压\S4挑战性能赛题\S4挑战性能赛题\prof_case\Heaviside\run.sh","594","7798117497D0E1C1FC85FA4A310776F2ABFB97CABADFD5EA934550E799A8D05E"
"04_往届赛题与代码分析\往届赛题解压\S4挑战性能赛题\S4挑战性能赛题\prof_case\Heaviside\setup.py","761","AC8C44C8AAF2EA9FAB1814EF6DC64718A16BC4D45FE1307FBB41645F00D2C6DE"
"04_往届赛题与代码分析\往届赛题解压\S4挑战性能赛题\S4挑战性能赛题\prof_case\Heaviside\test_op.py","3321","7B96BFDBBBECBD7B61878863680EA84784F5B793562CAACF96C23349092FD316"
"04_往届赛题与代码分析\往届赛题解压\S4挑战性能赛题\S4挑战性能赛题\prof_case\MatMul\common\pytorch_npu_helper.hpp","23063","0828958E07B37F2D87832B49330C7373F5E503638871F781416604A7BB9CFB00"
"04_往届赛题与代码分析\往届赛题解压\S4挑战性能赛题\S4挑战性能赛题\prof_case\MatMul\extension\custom_op.cpp","1876","7A8FB750EBE9CF2028CED814FB2CE2E47C8C770832268150B4D57CF4EB5132A1"
"04_往届赛题与代码分析\往届赛题解压\S4挑战性能赛题\S4挑战性能赛题\prof_case\MatMul\run.sh","595","49CAAEA2B47039F6C14BFC56F75ED03BEB907812E30172CB0604C2428D6E3F7D"
"04_往届赛题与代码分析\往届赛题解压\S4挑战性能赛题\S4挑战性能赛题\prof_case\MatMul\setup.py","761","AC8C44C8AAF2EA9FAB1814EF6DC64718A16BC4D45FE1307FBB41645F00D2C6DE"
"04_往届赛题与代码分析\往届赛题解压\S4挑战性能赛题\S4挑战性能赛题\prof_case\MatMul\test_op.py","4175","0C0507E4E40E22417D825E8FAACF13FA0815646C2B9407C00F797943940E7B55"
"04_往届赛题与代码分析\往届赛题解压\S4挑战性能赛题\S4挑战性能赛题\prof_case\ScatterReduce\common\pytorch_npu_helper.hpp","23063","0828958E07B37F2D87832B49330C7373F5E503638871F781416604A7BB9CFB00"
"04_往届赛题与代码分析\往届赛题解压\S4挑战性能赛题\S4挑战性能赛题\prof_case\ScatterReduce\extension\custom_op.cpp","1470","AA65E752F9D9CB2C745C1E43C53C2EE86B0C2F53526707E5A84D92B91545722B"
"04_往届赛题与代码分析\往届赛题解压\S4挑战性能赛题\S4挑战性能赛题\prof_case\ScatterReduce\run.sh","598","1EC8B3B98D3F70005A5332B6CA354E15D1116D9A4AAAF37E94495B8855C6EC9A"
"04_往届赛题与代码分析\往届赛题解压\S4挑战性能赛题\S4挑战性能赛题\prof_case\ScatterReduce\setup.py","761","AC8C44C8AAF2EA9FAB1814EF6DC64718A16BC4D45FE1307FBB41645F00D2C6DE"
"04_往届赛题与代码分析\往届赛题解压\S4挑战性能赛题\S4挑战性能赛题\prof_case\ScatterReduce\test_op.py","3067","91467919CD27CA629BAD5DA520A209336B440F4CF042EA2BEE79FB52CCE4BB8D"
"04_往届赛题与代码分析\往届赛题解压\S4挑战性能赛题\S4挑战性能赛题\prof_case\SolveEx\common\pytorch_npu_helper.hpp","23063","0828958E07B37F2D87832B49330C7373F5E503638871F781416604A7BB9CFB00"
"04_往届赛题与代码分析\往届赛题解压\S4挑战性能赛题\S4挑战性能赛题\prof_case\SolveEx\extension\custom_op.cpp","1352","F70D1D2C59F91DDBCA4C61209AF43E1A285C8212036355C5E7EAC6B0F8C20F5D"
"04_往届赛题与代码分析\往届赛题解压\S4挑战性能赛题\S4挑战性能赛题\prof_case\SolveEx\run.sh","595","49CAAEA2B47039F6C14BFC56F75ED03BEB907812E30172CB0604C2428D6E3F7D"
"04_往届赛题与代码分析\往届赛题解压\S4挑战性能赛题\S4挑战性能赛题\prof_case\SolveEx\setup.py","761","AC8C44C8AAF2EA9FAB1814EF6DC64718A16BC4D45FE1307FBB41645F00D2C6DE"
"04_往届赛题与代码分析\往届赛题解压\S4挑战性能赛题\S4挑战性能赛题\prof_case\SolveEx\test_op.py","3571","4EA9D941F89E2B213C17E3BBC690C18E4640C06DBD498CE4072F352DEAF54505"
"04_往届赛题与代码分析\往届赛题解压\S4挑战性能赛题\S4挑战性能赛题\pybind赛事用例自测修改建议.txt","4808","C67369BA8B1663B44EAC49CD21D529F40E6650E2D4661C8D8A3FAD599A8DC659"
"04_往届赛题与代码分析\往届赛题解压\S4挑战性能赛题\S4挑战性能赛题\S4挑战性能赛题.xlsx","12831","FA81A2C9197ADC55CA66F7118756AD21856D15C0F6F530F9F5F9D1D11E37C3D9"
"04_往届赛题与代码分析\往届赛题解压\S5基础性能赛题\S5基础性能赛题\调用样例说明.txt","594","0E6DCA1E0662AE5FC81B4F07F0097BE331DAA1126A0E993A0193958C29597DFE"
"04_往届赛题与代码分析\往届赛题解压\S5基础性能赛题\S5基础性能赛题\case_310b\.keep","0","E3B0C44298FC1C149AFBF4C8996FB92427AE41E4649B934CA495991B7852B855"
"04_往届赛题与代码分析\往届赛题解压\S5基础性能赛题\S5基础性能赛题\case_310b\FresnelCos\common\pytorch_npu_helper.hpp","23063","0828958E07B37F2D87832B49330C7373F5E503638871F781416604A7BB9CFB00"
"04_往届赛题与代码分析\往届赛题解压\S5基础性能赛题\S5基础性能赛题\case_310b\FresnelCos\extension\custom_op.cpp","1127","CAF0A33F5A73543C6E7B4E71296532C02AA0522B75E46A841A3A11BCCFD90AA7"
"04_往届赛题与代码分析\往届赛题解压\S5基础性能赛题\S5基础性能赛题\case_310b\FresnelCos\get_time.py","749","5E347AEAC1FC3B8CEE1E91EA8C2A732B43EF2BB7906E5539F54ADB5C1C7D94ED"
"04_往届赛题与代码分析\往届赛题解压\S5基础性能赛题\S5基础性能赛题\case_310b\FresnelCos\run.sh","862","F0DD48CC33858341D0B1F8A0E1C87B6E4E959BDA6AACD734A0A8A99378A13DD4"
"04_往届赛题与代码分析\往届赛题解压\S5基础性能赛题\S5基础性能赛题\case_310b\FresnelCos\setup.py","761","AC8C44C8AAF2EA9FAB1814EF6DC64718A16BC4D45FE1307FBB41645F00D2C6DE"
"04_往届赛题与代码分析\往届赛题解压\S5基础性能赛题\S5基础性能赛题\case_310b\FresnelCos\test_op.py","2334","2D80272591C65BDAB6CA2F365317CCD8574469EA3909511B8AE4718D5F0BE425"
"04_往届赛题与代码分析\往届赛题解压\S5基础性能赛题\S5基础性能赛题\case_310b\GatherV3\common\pytorch_npu_helper.hpp","23063","0828958E07B37F2D87832B49330C7373F5E503638871F781416604A7BB9CFB00"
"04_往届赛题与代码分析\往届赛题解压\S5基础性能赛题\S5基础性能赛题\case_310b\GatherV3\extension\custom_op.cpp","1831","1A33CB9B4A5B304C93052136A377BD3F32693F6B9B214575D75903ABF42DFC08"
"04_往届赛题与代码分析\往届赛题解压\S5基础性能赛题\S5基础性能赛题\case_310b\GatherV3\get_time.py","749","5E347AEAC1FC3B8CEE1E91EA8C2A732B43EF2BB7906E5539F54ADB5C1C7D94ED"
"04_往届赛题与代码分析\往届赛题解压\S5基础性能赛题\S5基础性能赛题\case_310b\GatherV3\run.sh","860","F45D5E6932C24D06796FD5152BEF040E961821F1E5638C8DC5D4DF0AB2A2E9B4"
"04_往届赛题与代码分析\往届赛题解压\S5基础性能赛题\S5基础性能赛题\case_310b\GatherV3\setup.py","761","AC8C44C8AAF2EA9FAB1814EF6DC64718A16BC4D45FE1307FBB41645F00D2C6DE"
"04_往届赛题与代码分析\往届赛题解压\S5基础性能赛题\S5基础性能赛题\case_310b\GatherV3\test_op.py","2626","A2E431637982DFAB19003F1ED0B81A8A9AC150AADBC06197B620ED6AF5A5640D"
"04_往届赛题与代码分析\往届赛题解压\S5基础性能赛题\S5基础性能赛题\case_310b\GroupedMatmul\common\pytorch_npu_helper.hpp","23223","310835AB9CCC388F155AE7C76B94D6447787FD3F9BFAC02A96AE8ABD204FE28E"
"04_往届赛题与代码分析\往届赛题解压\S5基础性能赛题\S5基础性能赛题\case_310b\GroupedMatmul\extension\custom_op.cpp","2671","D731AE7F02538F4CC0F8A6F270B1DEC3DDD639C481A7673FE92C1AC2AAC5CB04"
"04_往届赛题与代码分析\往届赛题解压\S5基础性能赛题\S5基础性能赛题\case_310b\GroupedMatmul\get_time.py","749","5E347AEAC1FC3B8CEE1E91EA8C2A732B43EF2BB7906E5539F54ADB5C1C7D94ED"
"04_往届赛题与代码分析\往届赛题解压\S5基础性能赛题\S5基础性能赛题\case_310b\GroupedMatmul\run.sh","860","72A6246AA0F655C8F78644DF725803F096562F46D85894775F0B798F34D40A36"
"04_往届赛题与代码分析\往届赛题解压\S5基础性能赛题\S5基础性能赛题\case_310b\GroupedMatmul\setup.py","761","AC8C44C8AAF2EA9FAB1814EF6DC64718A16BC4D45FE1307FBB41645F00D2C6DE"
"04_往届赛题与代码分析\往届赛题解压\S5基础性能赛题\S5基础性能赛题\case_310b\GroupedMatmul\test_op.py","7310","D646198789F8B99561961A9BD9CB779FCDB5F18EEC5A6309B47AA29609F5DEDF"
"04_往届赛题与代码分析\往届赛题解压\S5基础性能赛题\S5基础性能赛题\case_310b\ReduceLogSumExp\common\pytorch_npu_helper.hpp","23063","0828958E07B37F2D87832B49330C7373F5E503638871F781416604A7BB9CFB00"
"04_往届赛题与代码分析\往届赛题解压\S5基础性能赛题\S5基础性能赛题\case_310b\ReduceLogSumExp\extension\custom_op.cpp","1621","EFA94A0570D806AD48416D7EC5AEE80A55D568F2FA897557AA0FD594E4D7C457"
"04_往届赛题与代码分析\往届赛题解压\S5基础性能赛题\S5基础性能赛题\case_310b\ReduceLogSumExp\get_time.py","749","5E347AEAC1FC3B8CEE1E91EA8C2A732B43EF2BB7906E5539F54ADB5C1C7D94ED"
"04_往届赛题与代码分析\往届赛题解压\S5基础性能赛题\S5基础性能赛题\case_310b\ReduceLogSumExp\run.sh","861","8E0E50A652F0D06C843DB138014D2E1605C8225887B00B00A352689E227033A6"
"04_往届赛题与代码分析\往届赛题解压\S5基础性能赛题\S5基础性能赛题\case_310b\ReduceLogSumExp\setup.py","761","AC8C44C8AAF2EA9FAB1814EF6DC64718A16BC4D45FE1307FBB41645F00D2C6DE"
"04_往届赛题与代码分析\往届赛题解压\S5基础性能赛题\S5基础性能赛题\case_310b\ReduceLogSumExp\test_op.py","2396","B55847CC00CA99636C289ED62ADC294301F6FD9F8ACB4B608B3FBC77E8BC42B9"
"04_往届赛题与代码分析\往届赛题解压\S5基础性能赛题\S5基础性能赛题\case_310b\Sort\common\pytorch_npu_helper.hpp","23063","0828958E07B37F2D87832B49330C7373F5E503638871F781416604A7BB9CFB00"
"04_往届赛题与代码分析\往届赛题解压\S5基础性能赛题\S5基础性能赛题\case_310b\Sort\extension\custom_op.cpp","1315","807336968D860D8CDBF94810B182A4AB0D6F975D93763C3F75C3A41E59056540"
"04_往届赛题与代码分析\往届赛题解压\S5基础性能赛题\S5基础性能赛题\case_310b\Sort\get_time.py","749","5E347AEAC1FC3B8CEE1E91EA8C2A732B43EF2BB7906E5539F54ADB5C1C7D94ED"
"04_往届赛题与代码分析\往届赛题解压\S5基础性能赛题\S5基础性能赛题\case_310b\Sort\run.sh","859","5FD5B5F2022A5C1012BFEB24CAAEC239C8F0AB0F03AAFA8D002E86B9A1DD3F35"
"04_往届赛题与代码分析\往届赛题解压\S5基础性能赛题\S5基础性能赛题\case_310b\Sort\setup.py","761","AC8C44C8AAF2EA9FAB1814EF6DC64718A16BC4D45FE1307FBB41645F00D2C6DE"
"04_往届赛题与代码分析\往届赛题解压\S5基础性能赛题\S5基础性能赛题\case_310b\Sort\test_op.py","3537","F0747F4AFF9909B768311F348C81FFBF471751B9D9850DEBE0F05AB448BD18F0"
"04_往届赛题与代码分析\往届赛题解压\S5基础性能赛题\S5基础性能赛题\init_pybind.sh","910","E0FEF8D4E72D4834FBA42CA67A356DDF1F6FDE65EE38B85E41B15E4DF5F6BFE9"
"04_往届赛题与代码分析\往届赛题解压\S5基础性能赛题\S5基础性能赛题\MatMul_patch\使用须知.txt","490","F22CFD08272035D34569CBB21BF11B4B94E7FCD01098B63489C9D4F58DDE7B20"
"04_往届赛题与代码分析\往届赛题解压\S5基础性能赛题\S5基础性能赛题\MatMul_patch\matmul_policy.h","3914","0B83DB15869784C80C00AB083A82FDB58E5C8A6B330EDE0937B201E6EC9F420D"
"04_往届赛题与代码分析\往届赛题解压\S5基础性能赛题\S5基础性能赛题\MatMul_patch\matmul_utils.h","13888","39C986E3247182C8C93EE135F25D6903155C76A38DAB6D74B382CA99A4345FA2"
"04_往届赛题与代码分析\往届赛题解压\S5基础性能赛题\S5基础性能赛题\MatMul_patch\patch.sh","434","2340539BF9142A2BBC04BE22C199C1EB03592C296D5F474CCC933A7F8A8FE1D1"
"04_往届赛题与代码分析\往届赛题解压\S5基础性能赛题\S5基础性能赛题\MatMul_patch\scheduler_base.h","14171","98CEAEBEA39AEA7E91BFDF5970EC569381ED5303A6D47076E00263CD91B87CBB"
"04_往届赛题与代码分析\往届赛题解压\S5基础性能赛题\S5基础性能赛题\MatMul_patch\scheduler_intf.h","3791","C10CA8F272CC1DB66C22EC36AA01FAC860BB5EFA8A66998801C7A50D24E24BD7"
"04_往届赛题与代码分析\往届赛题解压\S5基础性能赛题\S5基础性能赛题\MatMul_patch\scheduler_mdl_base.h","28283","99A594746161ED4A743BA297A0E0BDE14A82F125804F5D839AADD16456A79C71"
"04_往届赛题与代码分析\往届赛题解压\S5基础性能赛题\S5基础性能赛题\MatMul_patch\scheduler_mdl.h","18870","903C2A102B33664B0833E4716E1EE1ADAA845BF8431CB99F39B98FF562326198"
"04_往届赛题与代码分析\往届赛题解压\S5基础性能赛题\S5基础性能赛题\MatMul_patch\scheduler_norm_base.h","15571","A8CE3E11368B4F6D415DD7C736D3050DD1DECCDC7E266691941987842B008087"
"04_往届赛题与代码分析\往届赛题解压\S5基础性能赛题\S5基础性能赛题\MatMul_patch\scheduler_norm.h","11146","2F58A278F5BCC2672E19BECC2FB2342C308A246035340965BB191D12C62C2F0E"
"04_往届赛题与代码分析\往届赛题解压\S5基础性能赛题\S5基础性能赛题\s5基础赛题.xlsx","14942","B35136F5A1AE2EBD348AC7C91DF3E0EA813C2C4EF637E3DAA31A34B50DEEE0D4"
"04_往届赛题与代码分析\往届赛题解压\S5挑战性能赛题\S5挑战性能赛题\调用样例说明.txt","594","0E6DCA1E0662AE5FC81B4F07F0097BE331DAA1126A0E993A0193958C29597DFE"
"04_往届赛题与代码分析\往届赛题解压\S5挑战性能赛题\S5挑战性能赛题\case_910b\.keep","0","E3B0C44298FC1C149AFBF4C8996FB92427AE41E4649B934CA495991B7852B855"
"04_往届赛题与代码分析\往届赛题解压\S5挑战性能赛题\S5挑战性能赛题\case_910b\BitwiseLeftShift\common\pytorch_npu_helper.hpp","23063","0828958E07B37F2D87832B49330C7373F5E503638871F781416604A7BB9CFB00"
"04_往届赛题与代码分析\往届赛题解压\S5挑战性能赛题\S5挑战性能赛题\case_910b\BitwiseLeftShift\extension\custom_op.cpp","1187","D3DFF56994412E1CFB74BACA0233A356125A34FAC1FBEFBC53C973B748D5DB92"
"04_往届赛题与代码分析\往届赛题解压\S5挑战性能赛题\S5挑战性能赛题\case_910b\BitwiseLeftShift\get_time.py","749","5E347AEAC1FC3B8CEE1E91EA8C2A732B43EF2BB7906E5539F54ADB5C1C7D94ED"
"04_往届赛题与代码分析\往届赛题解压\S5挑战性能赛题\S5挑战性能赛题\case_910b\BitwiseLeftShift\run.sh","859","5FD5B5F2022A5C1012BFEB24CAAEC239C8F0AB0F03AAFA8D002E86B9A1DD3F35"
"04_往届赛题与代码分析\往届赛题解压\S5挑战性能赛题\S5挑战性能赛题\case_910b\BitwiseLeftShift\setup.py","761","AC8C44C8AAF2EA9FAB1814EF6DC64718A16BC4D45FE1307FBB41645F00D2C6DE"
"04_往届赛题与代码分析\往届赛题解压\S5挑战性能赛题\S5挑战性能赛题\case_910b\BitwiseLeftShift\test_op.py","2363","E0EF36C32619E84966CEB085937B75187E4667AF2F73CA45182A9A65B499BEC2"
"04_往届赛题与代码分析\往届赛题解压\S5挑战性能赛题\S5挑战性能赛题\case_910b\Copysign\common\pytorch_npu_helper.hpp","23063","0828958E07B37F2D87832B49330C7373F5E503638871F781416604A7BB9CFB00"
"04_往届赛题与代码分析\往届赛题解压\S5挑战性能赛题\S5挑战性能赛题\case_910b\Copysign\extension\custom_op.cpp","1169","D266CBD400E1DF0B111E08E091EC0663FA49738C910A0880CE77F6C22819BE60"
"04_往届赛题与代码分析\往届赛题解压\S5挑战性能赛题\S5挑战性能赛题\case_910b\Copysign\get_time.py","749","5E347AEAC1FC3B8CEE1E91EA8C2A732B43EF2BB7906E5539F54ADB5C1C7D94ED"
"04_往届赛题与代码分析\往届赛题解压\S5挑战性能赛题\S5挑战性能赛题\case_910b\Copysign\run.sh","859","5FD5B5F2022A5C1012BFEB24CAAEC239C8F0AB0F03AAFA8D002E86B9A1DD3F35"
"04_往届赛题与代码分析\往届赛题解压\S5挑战性能赛题\S5挑战性能赛题\case_910b\Copysign\setup.py","761","AC8C44C8AAF2EA9FAB1814EF6DC64718A16BC4D45FE1307FBB41645F00D2C6DE"
"04_往届赛题与代码分析\往届赛题解压\S5挑战性能赛题\S5挑战性能赛题\case_910b\Copysign\test_op.py","2516","8F6CE0ECA3F3B28D9034B72F5303BDE3C29CF5472A8C89597DED1D482755C3BD"
"04_往届赛题与代码分析\往届赛题解压\S5挑战性能赛题\S5挑战性能赛题\case_910b\GluGradJvp\common\pytorch_npu_helper.hpp","23063","0828958E07B37F2D87832B49330C7373F5E503638871F781416604A7BB9CFB00"
"04_往届赛题与代码分析\往届赛题解压\S5挑战性能赛题\S5挑战性能赛题\case_910b\GluGradJvp\extension\custom_op.cpp","1336","9A4CD1830C74604E89F06000EF9A537E92E57611076E572DFBE5EF8219259E05"
"04_往届赛题与代码分析\往届赛题解压\S5挑战性能赛题\S5挑战性能赛题\case_910b\GluGradJvp\get_time.py","749","5E347AEAC1FC3B8CEE1E91EA8C2A732B43EF2BB7906E5539F54ADB5C1C7D94ED"
"04_往届赛题与代码分析\往届赛题解压\S5挑战性能赛题\S5挑战性能赛题\case_910b\GluGradJvp\run.sh","859","5FD5B5F2022A5C1012BFEB24CAAEC239C8F0AB0F03AAFA8D002E86B9A1DD3F35"
"04_往届赛题与代码分析\往届赛题解压\S5挑战性能赛题\S5挑战性能赛题\case_910b\GluGradJvp\setup.py","761","AC8C44C8AAF2EA9FAB1814EF6DC64718A16BC4D45FE1307FBB41645F00D2C6DE"
"04_往届赛题与代码分析\往届赛题解压\S5挑战性能赛题\S5挑战性能赛题\case_910b\GluGradJvp\test_op.py","4149","4B641AD5EAB22CFD2E7F6324199573F81309E9B01FEB0F9069E003E53E4FE7B2"
"04_往届赛题与代码分析\往届赛题解压\S5挑战性能赛题\S5挑战性能赛题\case_910b\GluJvp\common\pytorch_npu_helper.hpp","23063","0828958E07B37F2D87832B49330C7373F5E503638871F781416604A7BB9CFB00"
"04_往届赛题与代码分析\往届赛题解压\S5挑战性能赛题\S5挑战性能赛题\case_910b\GluJvp\extension\custom_op.cpp","1595","6C731F5AFC9FE8D0BD497638A2FA11880A5C71F5636DFEBE2E76B9901A15C7A4"
"04_往届赛题与代码分析\往届赛题解压\S5挑战性能赛题\S5挑战性能赛题\case_910b\GluJvp\get_time.py","749","5E347AEAC1FC3B8CEE1E91EA8C2A732B43EF2BB7906E5539F54ADB5C1C7D94ED"
"04_往届赛题与代码分析\往届赛题解压\S5挑战性能赛题\S5挑战性能赛题\case_910b\GluJvp\run.sh","859","5FD5B5F2022A5C1012BFEB24CAAEC239C8F0AB0F03AAFA8D002E86B9A1DD3F35"
"04_往届赛题与代码分析\往届赛题解压\S5挑战性能赛题\S5挑战性能赛题\case_910b\GluJvp\setup.py","761","AC8C44C8AAF2EA9FAB1814EF6DC64718A16BC4D45FE1307FBB41645F00D2C6DE"
"04_往届赛题与代码分析\往届赛题解压\S5挑战性能赛题\S5挑战性能赛题\case_910b\GluJvp\test_op.py","3247","90393D173D1C27912F91968A7ECBCE83F4B826C11F40C374D874F334E78EDB57"
"04_往届赛题与代码分析\往届赛题解压\S5挑战性能赛题\S5挑战性能赛题\case_910b\Lcm\common\pytorch_npu_helper.hpp","23063","0828958E07B37F2D87832B49330C7373F5E503638871F781416604A7BB9CFB00"
"04_往届赛题与代码分析\往届赛题解压\S5挑战性能赛题\S5挑战性能赛题\case_910b\Lcm\extension\custom_op.cpp","1159","5250E2550938DD61C8AA0D3F89885B8939ABA698AF599BE581AA78DE8F48A4CD"
"04_往届赛题与代码分析\往届赛题解压\S5挑战性能赛题\S5挑战性能赛题\case_910b\Lcm\get_time.py","749","5E347AEAC1FC3B8CEE1E91EA8C2A732B43EF2BB7906E5539F54ADB5C1C7D94ED"
"04_往届赛题与代码分析\往届赛题解压\S5挑战性能赛题\S5挑战性能赛题\case_910b\Lcm\run.sh","860","72A6246AA0F655C8F78644DF725803F096562F46D85894775F0B798F34D40A36"
"04_往届赛题与代码分析\往届赛题解压\S5挑战性能赛题\S5挑战性能赛题\case_910b\Lcm\setup.py","761","AC8C44C8AAF2EA9FAB1814EF6DC64718A16BC4D45FE1307FBB41645F00D2C6DE"
"04_往届赛题与代码分析\往届赛题解压\S5挑战性能赛题\S5挑战性能赛题\case_910b\Lcm\test_op.py","2353","94BC390F376EC15CC17442FA4A7BD693FF168236FA0DF72C39047FD7ACC49ABE"
"04_往届赛题与代码分析\往届赛题解压\S5挑战性能赛题\S5挑战性能赛题\init_pybind.sh","910","7A7B46B834FE4833D2CD60CB4DD6835405CE4171C600D799FF47781DF62D317B"
"04_往届赛题与代码分析\往届赛题解压\S5挑战性能赛题\S5挑战性能赛题\patch\使用须知.txt","493","51CFB00AA7148BD7128B9584E9D7B7C689E12D8D5645FA8D5CBD57048A21C22C"
"04_往届赛题与代码分析\往届赛题解压\S5挑战性能赛题\S5挑战性能赛题\patch\matmul_policy.h","3914","0B83DB15869784C80C00AB083A82FDB58E5C8A6B330EDE0937B201E6EC9F420D"
"04_往届赛题与代码分析\往届赛题解压\S5挑战性能赛题\S5挑战性能赛题\patch\matmul_utils.h","13888","39C986E3247182C8C93EE135F25D6903155C76A38DAB6D74B382CA99A4345FA2"
"04_往届赛题与代码分析\往届赛题解压\S5挑战性能赛题\S5挑战性能赛题\patch\patch.sh","437","3C80DDD83D655A4FBB58B0672781671F0E517F72CAB8B7E79B212F6E7AB9F76D"
"04_往届赛题与代码分析\往届赛题解压\S5挑战性能赛题\S5挑战性能赛题\patch\scheduler_base.h","14171","98CEAEBEA39AEA7E91BFDF5970EC569381ED5303A6D47076E00263CD91B87CBB"
"04_往届赛题与代码分析\往届赛题解压\S5挑战性能赛题\S5挑战性能赛题\patch\scheduler_intf.h","3791","C10CA8F272CC1DB66C22EC36AA01FAC860BB5EFA8A66998801C7A50D24E24BD7"
"04_往届赛题与代码分析\往届赛题解压\S5挑战性能赛题\S5挑战性能赛题\patch\scheduler_mdl_base.h","28283","99A594746161ED4A743BA297A0E0BDE14A82F125804F5D839AADD16456A79C71"
"04_往届赛题与代码分析\往届赛题解压\S5挑战性能赛题\S5挑战性能赛题\patch\scheduler_mdl.h","18870","903C2A102B33664B0833E4716E1EE1ADAA845BF8431CB99F39B98FF562326198"
"04_往届赛题与代码分析\往届赛题解压\S5挑战性能赛题\S5挑战性能赛题\patch\scheduler_norm_base.h","15571","A8CE3E11368B4F6D415DD7C736D3050DD1DECCDC7E266691941987842B008087"
"04_往届赛题与代码分析\往届赛题解压\S5挑战性能赛题\S5挑战性能赛题\patch\scheduler_norm.h","11146","2F58A278F5BCC2672E19BECC2FB2342C308A246035340965BB191D12C62C2F0E"
"04_往届赛题与代码分析\往届赛题解压\S5挑战性能赛题\S5挑战性能赛题\s5性能赛题.xlsx","13102","FABD0D6E62785BE6EC56512980B96B166C9E0CF65CDD1421DB4500B2C8FD43B4"
"04_往届赛题与代码分析\往届赛题解压\S6基础性能赛题\S6基础性能赛题\调用样例说明.txt","594","0E6DCA1E0662AE5FC81B4F07F0097BE331DAA1126A0E993A0193958C29597DFE"
"04_往届赛题与代码分析\往届赛题解压\S6基础性能赛题\S6基础性能赛题\case_310b\ArgMin\common\pytorch_npu_helper.hpp","23063","0828958E07B37F2D87832B49330C7373F5E503638871F781416604A7BB9CFB00"
"04_往届赛题与代码分析\往届赛题解压\S6基础性能赛题\S6基础性能赛题\case_310b\ArgMin\extension\custom_op.cpp","1309","CAE4AFCB0603A432C5FB5F3A8BEA8C218F03922C5FBB92C65E6A4C7E6F3B1CED"
"04_往届赛题与代码分析\往届赛题解压\S6基础性能赛题\S6基础性能赛题\case_310b\ArgMin\get_time.py","749","5E347AEAC1FC3B8CEE1E91EA8C2A732B43EF2BB7906E5539F54ADB5C1C7D94ED"
"04_往届赛题与代码分析\往届赛题解压\S6基础性能赛题\S6基础性能赛题\case_310b\ArgMin\run.sh","1210","91582D7BBE261447BEB8ABAF54BAE8967078EFAB51E4A298AA83E0371D460C0E"
"04_往届赛题与代码分析\往届赛题解压\S6基础性能赛题\S6基础性能赛题\case_310b\ArgMin\setup.py","761","AC8C44C8AAF2EA9FAB1814EF6DC64718A16BC4D45FE1307FBB41645F00D2C6DE"
"04_往届赛题与代码分析\往届赛题解压\S6基础性能赛题\S6基础性能赛题\case_310b\ArgMin\test_op.py","2303","EF4D49988183CAF6E0BA276834A6FA77198A79B227DE78959945748FBD77B8BC"
"04_往届赛题与代码分析\往届赛题解压\S6基础性能赛题\S6基础性能赛题\case_310b\Argsort\common\pytorch_npu_helper.hpp","23063","0828958E07B37F2D87832B49330C7373F5E503638871F781416604A7BB9CFB00"
"04_往届赛题与代码分析\往届赛题解压\S6基础性能赛题\S6基础性能赛题\case_310b\Argsort\extension\custom_op.cpp","1256","6F244CC9980B6B3E236F3C01C766218FE2E1CA964884651EDB0D72EA9D8F0899"
"04_往届赛题与代码分析\往届赛题解压\S6基础性能赛题\S6基础性能赛题\case_310b\Argsort\fusion_result.json","4","74234E98AFE7498FB5DAF1F36AC2D78ACC339464F950703B8C019892F982B90B"
"04_往届赛题与代码分析\往届赛题解压\S6基础性能赛题\S6基础性能赛题\case_310b\Argsort\get_time.py","749","5E347AEAC1FC3B8CEE1E91EA8C2A732B43EF2BB7906E5539F54ADB5C1C7D94ED"
"04_往届赛题与代码分析\往届赛题解压\S6基础性能赛题\S6基础性能赛题\case_310b\Argsort\run.sh","1210","91582D7BBE261447BEB8ABAF54BAE8967078EFAB51E4A298AA83E0371D460C0E"
"04_往届赛题与代码分析\往届赛题解压\S6基础性能赛题\S6基础性能赛题\case_310b\Argsort\setup.py","761","AC8C44C8AAF2EA9FAB1814EF6DC64718A16BC4D45FE1307FBB41645F00D2C6DE"
"04_往届赛题与代码分析\往届赛题解压\S6基础性能赛题\S6基础性能赛题\case_310b\Argsort\test_op.py","3372","8F9A327FA7BDC5E3B94FD89C0A7B22C26B4647AB7812243E63E2FCE1F83033F9"
"04_往届赛题与代码分析\往届赛题解压\S6基础性能赛题\S6基础性能赛题\case_310b\Expand\common\pytorch_npu_helper.hpp","23063","0828958E07B37F2D87832B49330C7373F5E503638871F781416604A7BB9CFB00"
"04_往届赛题与代码分析\往届赛题解压\S6基础性能赛题\S6基础性能赛题\case_310b\Expand\extension\custom_op.cpp","1546","F41E1C4AB8E07FC06CF9E71364494AE07BB8895265E45C6323B86A9027C71184"
"04_往届赛题与代码分析\往届赛题解压\S6基础性能赛题\S6基础性能赛题\case_310b\Expand\fusion_result.json","4","74234E98AFE7498FB5DAF1F36AC2D78ACC339464F950703B8C019892F982B90B"
"04_往届赛题与代码分析\往届赛题解压\S6基础性能赛题\S6基础性能赛题\case_310b\Expand\get_time.py","749","5E347AEAC1FC3B8CEE1E91EA8C2A732B43EF2BB7906E5539F54ADB5C1C7D94ED"
"04_往届赛题与代码分析\往届赛题解压\S6基础性能赛题\S6基础性能赛题\case_310b\Expand\run.sh","1210","91582D7BBE261447BEB8ABAF54BAE8967078EFAB51E4A298AA83E0371D460C0E"
"04_往届赛题与代码分析\往届赛题解压\S6基础性能赛题\S6基础性能赛题\case_310b\Expand\setup.py","761","AC8C44C8AAF2EA9FAB1814EF6DC64718A16BC4D45FE1307FBB41645F00D2C6DE"
"04_往届赛题与代码分析\往届赛题解压\S6基础性能赛题\S6基础性能赛题\case_310b\Expand\test_op.py","2346","AEEB082EFE12FCE7BE19C2BB6C6F42A5D1C23227B2F7BBC7196D55397D7767FE"
"04_往届赛题与代码分析\往届赛题解压\S6基础性能赛题\S6基础性能赛题\case_310b\GroupNorm\common\pytorch_npu_helper.hpp","23063","0828958E07B37F2D87832B49330C7373F5E503638871F781416604A7BB9CFB00"
"04_往届赛题与代码分析\往届赛题解压\S6基础性能赛题\S6基础性能赛题\case_310b\GroupNorm\extension\custom_op.cpp","1346","B1251E36A09FAB208D5751C9E0700562D686818541A3965C72969A9FE4975AEF"
"04_往届赛题与代码分析\往届赛题解压\S6基础性能赛题\S6基础性能赛题\case_310b\GroupNorm\get_time.py","749","5E347AEAC1FC3B8CEE1E91EA8C2A732B43EF2BB7906E5539F54ADB5C1C7D94ED"
"04_往届赛题与代码分析\往届赛题解压\S6基础性能赛题\S6基础性能赛题\case_310b\GroupNorm\run.sh","1210","91582D7BBE261447BEB8ABAF54BAE8967078EFAB51E4A298AA83E0371D460C0E"
"04_往届赛题与代码分析\往届赛题解压\S6基础性能赛题\S6基础性能赛题\case_310b\GroupNorm\setup.py","761","AC8C44C8AAF2EA9FAB1814EF6DC64718A16BC4D45FE1307FBB41645F00D2C6DE"
"04_往届赛题与代码分析\往届赛题解压\S6基础性能赛题\S6基础性能赛题\case_310b\GroupNorm\test_op.py","2700","82EE6B5A6A86EB4705905538735DDB2D6B8199659BB6786C3C59A02C04DD3E26"
"04_往届赛题与代码分析\往届赛题解压\S6基础性能赛题\S6基础性能赛题\case_310b\Lstm\common\pytorch_npu_helper.hpp","23223","310835AB9CCC388F155AE7C76B94D6447787FD3F9BFAC02A96AE8ABD204FE28E"
"04_往届赛题与代码分析\往届赛题解压\S6基础性能赛题\S6基础性能赛题\case_310b\Lstm\extension\custom_op.cpp","2403","DEC98E182FBB6C72E8D8B695C32DBF2AD252466DA1360E2EAC8C461BAA7B02EC"
"04_往届赛题与代码分析\往届赛题解压\S6基础性能赛题\S6基础性能赛题\case_310b\Lstm\get_time.py","749","5E347AEAC1FC3B8CEE1E91EA8C2A732B43EF2BB7906E5539F54ADB5C1C7D94ED"
"04_往届赛题与代码分析\往届赛题解压\S6基础性能赛题\S6基础性能赛题\case_310b\Lstm\run.sh","1210","91582D7BBE261447BEB8ABAF54BAE8967078EFAB51E4A298AA83E0371D460C0E"
"04_往届赛题与代码分析\往届赛题解压\S6基础性能赛题\S6基础性能赛题\case_310b\Lstm\setup.py","761","AC8C44C8AAF2EA9FAB1814EF6DC64718A16BC4D45FE1307FBB41645F00D2C6DE"
"04_往届赛题与代码分析\往届赛题解压\S6基础性能赛题\S6基础性能赛题\case_310b\Lstm\test_op.py","6203","316FD8AE633631B4385C15A493EC91D12A0B5BEFA8B2B3BFF17AF43F265EFA01"
"04_往届赛题与代码分析\往届赛题解压\S6基础性能赛题\S6基础性能赛题\init_pybind.sh","910","E0FEF8D4E72D4834FBA42CA67A356DDF1F6FDE65EE38B85E41B15E4DF5F6BFE9"
"04_往届赛题与代码分析\往届赛题解压\S6基础性能赛题\S6基础性能赛题\MatMul_patch\使用须知.txt","490","F22CFD08272035D34569CBB21BF11B4B94E7FCD01098B63489C9D4F58DDE7B20"
"04_往届赛题与代码分析\往届赛题解压\S6基础性能赛题\S6基础性能赛题\MatMul_patch\matmul_policy.h","3914","0B83DB15869784C80C00AB083A82FDB58E5C8A6B330EDE0937B201E6EC9F420D"
"04_往届赛题与代码分析\往届赛题解压\S6基础性能赛题\S6基础性能赛题\MatMul_patch\matmul_utils.h","13888","39C986E3247182C8C93EE135F25D6903155C76A38DAB6D74B382CA99A4345FA2"
"04_往届赛题与代码分析\往届赛题解压\S6基础性能赛题\S6基础性能赛题\MatMul_patch\patch.sh","434","2340539BF9142A2BBC04BE22C199C1EB03592C296D5F474CCC933A7F8A8FE1D1"
"04_往届赛题与代码分析\往届赛题解压\S6基础性能赛题\S6基础性能赛题\MatMul_patch\scheduler_base.h","14171","98CEAEBEA39AEA7E91BFDF5970EC569381ED5303A6D47076E00263CD91B87CBB"
"04_往届赛题与代码分析\往届赛题解压\S6基础性能赛题\S6基础性能赛题\MatMul_patch\scheduler_intf.h","3791","C10CA8F272CC1DB66C22EC36AA01FAC860BB5EFA8A66998801C7A50D24E24BD7"
"04_往届赛题与代码分析\往届赛题解压\S6基础性能赛题\S6基础性能赛题\MatMul_patch\scheduler_mdl_base.h","28283","99A594746161ED4A743BA297A0E0BDE14A82F125804F5D839AADD16456A79C71"
"04_往届赛题与代码分析\往届赛题解压\S6基础性能赛题\S6基础性能赛题\MatMul_patch\scheduler_mdl.h","18870","903C2A102B33664B0833E4716E1EE1ADAA845BF8431CB99F39B98FF562326198"
"04_往届赛题与代码分析\往届赛题解压\S6基础性能赛题\S6基础性能赛题\MatMul_patch\scheduler_norm_base.h","15571","A8CE3E11368B4F6D415DD7C736D3050DD1DECCDC7E266691941987842B008087"
"04_往届赛题与代码分析\往届赛题解压\S6基础性能赛题\S6基础性能赛题\MatMul_patch\scheduler_norm.h","11146","2F58A278F5BCC2672E19BECC2FB2342C308A246035340965BB191D12C62C2F0E"
"04_往届赛题与代码分析\往届赛题解压\S6基础性能赛题\S6基础性能赛题\s6基础性能赛题.xlsx","14277","7398938F2316AB0EA3CF9C6D1B3E8B9C6FD59E9B187BE82080385AFF1314DB89"
"04_往届赛题与代码分析\往届赛题解压\S6挑战性能赛题\S6挑战性能赛题\调用样例说明.txt","594","0E6DCA1E0662AE5FC81B4F07F0097BE331DAA1126A0E993A0193958C29597DFE"
"04_往届赛题与代码分析\往届赛题解压\S6挑战性能赛题\S6挑战性能赛题\case_910b\Fmin\common\pytorch_npu_helper.hpp","23063","0828958E07B37F2D87832B49330C7373F5E503638871F781416604A7BB9CFB00"
"04_往届赛题与代码分析\往届赛题解压\S6挑战性能赛题\S6挑战性能赛题\case_910b\Fmin\extension\custom_op.cpp","1403","B8A18497D9720DFCB6386593042C648424CA9619C9F5335D7056389484522BA3"
"04_往届赛题与代码分析\往届赛题解压\S6挑战性能赛题\S6挑战性能赛题\case_910b\Fmin\get_time.py","749","5E347AEAC1FC3B8CEE1E91EA8C2A732B43EF2BB7906E5539F54ADB5C1C7D94ED"
"04_往届赛题与代码分析\往届赛题解压\S6挑战性能赛题\S6挑战性能赛题\case_910b\Fmin\run.sh","1210","91582D7BBE261447BEB8ABAF54BAE8967078EFAB51E4A298AA83E0371D460C0E"
"04_往届赛题与代码分析\往届赛题解压\S6挑战性能赛题\S6挑战性能赛题\case_910b\Fmin\setup.py","761","AC8C44C8AAF2EA9FAB1814EF6DC64718A16BC4D45FE1307FBB41645F00D2C6DE"
"04_往届赛题与代码分析\往届赛题解压\S6挑战性能赛题\S6挑战性能赛题\case_910b\Fmin\test_op.py","2516","7265E122A6379810FDF95F06A1C194E7D62DC3A8FFDF00298417D92C58B1C3C0"
"04_往届赛题与代码分析\往届赛题解压\S6挑战性能赛题\S6挑战性能赛题\case_910b\FractionalMaxPool3D\common\pytorch_npu_helper.hpp","23068","D33A948DA00A04C00798C52DD9B5C0EBF6E99B66ECAB777CE7E92E4A13AA5688"
"04_往届赛题与代码分析\往届赛题解压\S6挑战性能赛题\S6挑战性能赛题\case_910b\FractionalMaxPool3D\extension\custom_op.cpp","2714","D7A746C4607DBB4D7AF3E4867C61DF0CE5C2C01BCDE991E471AA7F7A50E02941"
"04_往届赛题与代码分析\往届赛题解压\S6挑战性能赛题\S6挑战性能赛题\case_910b\FractionalMaxPool3D\fusion_result.json","4","74234E98AFE7498FB5DAF1F36AC2D78ACC339464F950703B8C019892F982B90B"
"04_往届赛题与代码分析\往届赛题解压\S6挑战性能赛题\S6挑战性能赛题\case_910b\FractionalMaxPool3D\get_time.py","749","5E347AEAC1FC3B8CEE1E91EA8C2A732B43EF2BB7906E5539F54ADB5C1C7D94ED"
"04_往届赛题与代码分析\往届赛题解压\S6挑战性能赛题\S6挑战性能赛题\case_910b\FractionalMaxPool3D\run.sh","1210","91582D7BBE261447BEB8ABAF54BAE8967078EFAB51E4A298AA83E0371D460C0E"
"04_往届赛题与代码分析\往届赛题解压\S6挑战性能赛题\S6挑战性能赛题\case_910b\FractionalMaxPool3D\setup.py","761","AC8C44C8AAF2EA9FAB1814EF6DC64718A16BC4D45FE1307FBB41645F00D2C6DE"
"04_往届赛题与代码分析\往届赛题解压\S6挑战性能赛题\S6挑战性能赛题\case_910b\FractionalMaxPool3D\test_op.py","5892","C48265EC4F44D3919FDEA7677F975FA5523D26C51BC7D2C45FAA9172C9093521"
"04_往届赛题与代码分析\往届赛题解压\S6挑战性能赛题\S6挑战性能赛题\case_910b\FractionalMaxPool3DGrad\common\pytorch_npu_helper.hpp","23063","0828958E07B37F2D87832B49330C7373F5E503638871F781416604A7BB9CFB00"
"04_往届赛题与代码分析\往届赛题解压\S6挑战性能赛题\S6挑战性能赛题\case_910b\FractionalMaxPool3DGrad\extension\custom_op.cpp","1444","F2AFAF9F76941BA56ED52D2913C3A83D232028F9F16A6CEDD99BE295B16DD945"
"04_往届赛题与代码分析\往届赛题解压\S6挑战性能赛题\S6挑战性能赛题\case_910b\FractionalMaxPool3DGrad\get_time.py","749","5E347AEAC1FC3B8CEE1E91EA8C2A732B43EF2BB7906E5539F54ADB5C1C7D94ED"
"04_往届赛题与代码分析\往届赛题解压\S6挑战性能赛题\S6挑战性能赛题\case_910b\FractionalMaxPool3DGrad\run.sh","1210","91582D7BBE261447BEB8ABAF54BAE8967078EFAB51E4A298AA83E0371D460C0E"
"04_往届赛题与代码分析\往届赛题解压\S6挑战性能赛题\S6挑战性能赛题\case_910b\FractionalMaxPool3DGrad\setup.py","761","AC8C44C8AAF2EA9FAB1814EF6DC64718A16BC4D45FE1307FBB41645F00D2C6DE"
"04_往届赛题与代码分析\往届赛题解压\S6挑战性能赛题\S6挑战性能赛题\case_910b\FractionalMaxPool3DGrad\test_op.py","4715","B8494146893EA4FF81C2868940658393B81351B4FEF38D049EFEDCE672920506"
"04_往届赛题与代码分析\往届赛题解压\S6挑战性能赛题\S6挑战性能赛题\case_910b\Hypot\common\pytorch_npu_helper.hpp","23063","0828958E07B37F2D87832B49330C7373F5E503638871F781416604A7BB9CFB00"
"04_往届赛题与代码分析\往届赛题解压\S6挑战性能赛题\S6挑战性能赛题\case_910b\Hypot\extension\custom_op.cpp","1404","A43CAA0B5623F723059F197836EB0508EC8B29ACE75511CD6D9FB9B00A7771A5"
"04_往届赛题与代码分析\往届赛题解压\S6挑战性能赛题\S6挑战性能赛题\case_910b\Hypot\fusion_result.json","4","74234E98AFE7498FB5DAF1F36AC2D78ACC339464F950703B8C019892F982B90B"
"04_往届赛题与代码分析\往届赛题解压\S6挑战性能赛题\S6挑战性能赛题\case_910b\Hypot\get_time.py","749","5E347AEAC1FC3B8CEE1E91EA8C2A732B43EF2BB7906E5539F54ADB5C1C7D94ED"
"04_往届赛题与代码分析\往届赛题解压\S6挑战性能赛题\S6挑战性能赛题\case_910b\Hypot\run.sh","1210","91582D7BBE261447BEB8ABAF54BAE8967078EFAB51E4A298AA83E0371D460C0E"
"04_往届赛题与代码分析\往届赛题解压\S6挑战性能赛题\S6挑战性能赛题\case_910b\Hypot\setup.py","761","AC8C44C8AAF2EA9FAB1814EF6DC64718A16BC4D45FE1307FBB41645F00D2C6DE"
"04_往届赛题与代码分析\往届赛题解压\S6挑战性能赛题\S6挑战性能赛题\case_910b\Hypot\test_op.py","2521","D5D6E15C8ADE9EC988CB90BACAC5A7EAC2C141F01241A0A8D437586DF362524F"
"04_往届赛题与代码分析\往届赛题解压\S6挑战性能赛题\S6挑战性能赛题\case_910b\Logcumsumexp\common\pytorch_npu_helper.hpp","23063","0828958E07B37F2D87832B49330C7373F5E503638871F781416604A7BB9CFB00"
"04_往届赛题与代码分析\往届赛题解压\S6挑战性能赛题\S6挑战性能赛题\case_910b\Logcumsumexp\extension\custom_op.cpp","1214","51205301B787E0A47A4009B8FED0E8A22F03F8BF94386D78AA7702C2C3CEB323"
"04_往届赛题与代码分析\往届赛题解压\S6挑战性能赛题\S6挑战性能赛题\case_910b\Logcumsumexp\fusion_result.json","4","74234E98AFE7498FB5DAF1F36AC2D78ACC339464F950703B8C019892F982B90B"
"04_往届赛题与代码分析\往届赛题解压\S6挑战性能赛题\S6挑战性能赛题\case_910b\Logcumsumexp\get_time.py","749","5E347AEAC1FC3B8CEE1E91EA8C2A732B43EF2BB7906E5539F54ADB5C1C7D94ED"
"04_往届赛题与代码分析\往届赛题解压\S6挑战性能赛题\S6挑战性能赛题\case_910b\Logcumsumexp\run.sh","1210","91582D7BBE261447BEB8ABAF54BAE8967078EFAB51E4A298AA83E0371D460C0E"
"04_往届赛题与代码分析\往届赛题解压\S6挑战性能赛题\S6挑战性能赛题\case_910b\Logcumsumexp\setup.py","761","AC8C44C8AAF2EA9FAB1814EF6DC64718A16BC4D45FE1307FBB41645F00D2C6DE"
"04_往届赛题与代码分析\往届赛题解压\S6挑战性能赛题\S6挑战性能赛题\case_910b\Logcumsumexp\test_op.py","2268","16C8DFE50FDC26B3DD18AC400B5D9D33FAF05AC13B8FE85A6D10AE50B7F95B09"
"04_往届赛题与代码分析\往届赛题解压\S6挑战性能赛题\S6挑战性能赛题\init_pybind.sh","910","7A7B46B834FE4833D2CD60CB4DD6835405CE4171C600D799FF47781DF62D317B"
"04_往届赛题与代码分析\往届赛题解压\S6挑战性能赛题\S6挑战性能赛题\patch\使用须知.txt","493","51CFB00AA7148BD7128B9584E9D7B7C689E12D8D5645FA8D5CBD57048A21C22C"
"04_往届赛题与代码分析\往届赛题解压\S6挑战性能赛题\S6挑战性能赛题\patch\matmul_policy.h","3914","0B83DB15869784C80C00AB083A82FDB58E5C8A6B330EDE0937B201E6EC9F420D"
"04_往届赛题与代码分析\往届赛题解压\S6挑战性能赛题\S6挑战性能赛题\patch\matmul_utils.h","13888","39C986E3247182C8C93EE135F25D6903155C76A38DAB6D74B382CA99A4345FA2"
"04_往届赛题与代码分析\往届赛题解压\S6挑战性能赛题\S6挑战性能赛题\patch\patch.sh","437","3C80DDD83D655A4FBB58B0672781671F0E517F72CAB8B7E79B212F6E7AB9F76D"
"04_往届赛题与代码分析\往届赛题解压\S6挑战性能赛题\S6挑战性能赛题\patch\scheduler_base.h","14171","98CEAEBEA39AEA7E91BFDF5970EC569381ED5303A6D47076E00263CD91B87CBB"
"04_往届赛题与代码分析\往届赛题解压\S6挑战性能赛题\S6挑战性能赛题\patch\scheduler_intf.h","3791","C10CA8F272CC1DB66C22EC36AA01FAC860BB5EFA8A66998801C7A50D24E24BD7"
"04_往届赛题与代码分析\往届赛题解压\S6挑战性能赛题\S6挑战性能赛题\patch\scheduler_mdl_base.h","28283","99A594746161ED4A743BA297A0E0BDE14A82F125804F5D839AADD16456A79C71"
"04_往届赛题与代码分析\往届赛题解压\S6挑战性能赛题\S6挑战性能赛题\patch\scheduler_mdl.h","18870","903C2A102B33664B0833E4716E1EE1ADAA845BF8431CB99F39B98FF562326198"
"04_往届赛题与代码分析\往届赛题解压\S6挑战性能赛题\S6挑战性能赛题\patch\scheduler_norm_base.h","15571","A8CE3E11368B4F6D415DD7C736D3050DD1DECCDC7E266691941987842B008087"
"04_往届赛题与代码分析\往届赛题解压\S6挑战性能赛题\S6挑战性能赛题\patch\scheduler_norm.h","11146","2F58A278F5BCC2672E19BECC2FB2342C308A246035340965BB191D12C62C2F0E"
"04_往届赛题与代码分析\往届赛题解压\S6挑战性能赛题\S6挑战性能赛题\s6挑战性能赛题.xlsx","14009","CD2DA26C8202380B00E8796E9D690760BA0368C1E8553F87C3D44E1B506407B0"
"04_往届赛题与代码分析\往届优秀代码学习结论.md","1563","0125526859A09723731B688C6AC1068CEF7A64FF355EDBF8EC92B3764793A287"
"04_往届赛题与代码分析\已拉取仓库代码审读矩阵.csv","17734","281EE35BDB61CC3221A3E45252057C2CE24DBCD8AC2FEF26DC1A15B822463E3D"
"04_往届赛题与代码分析\原始材料\评分规则.docx","186015","B23F327DFDCEABF9001CBF51BF729105557778993B6FFE880B58B73F419E66F3"
"04_往届赛题与代码分析\原始材料\算子挑战赛年度冠军赛【基础性能命题】赛题.zip","49416","ABD1CF3A09891DB4DDFE26A29FBBC7C46FA351225B824B79D254A0799AD5A3A7"
"04_往届赛题与代码分析\原始材料\算子挑战赛年度冠军赛【挑战性能命题】赛题.zip","24070","B4934CE35CB3AEBF624C1EF699AD89A7FBB5F2980F4C535EFF2ECE812FA38D30"
"04_往届赛题与代码分析\原始材料\往届冠军开源项目.docx","61970","871201A6017462F758999E03EA021CCFE1F939127BE03726518BA5BCDA517443"
"04_往届赛题与代码分析\原始材料\case_base.tar.gz","40712","3A3530B21353AD68CC333434D7A85071C8ED87A52315369E1F2A75BCD69FEC62"
"04_往届赛题与代码分析\原始材料\case_prof.tar.gz","363832","23CB849182875BF98230E3A86BDA7418A0A0C3344739D3916391716AE2C65530"
"04_往届赛题与代码分析\原始材料\S4基础性能赛题.zip","66493","6B35F5D3E4FDE17CF8C45C7DFFBEA069DA7B73E62F30FD3F5BE51E439731A09E"
"04_往届赛题与代码分析\原始材料\S4挑战性能赛题.zip","68021","3D4B7AEBE4189D8394CDB841AF29F35C0DDB3AB84C36720A9994741235C570DD"
"04_往届赛题与代码分析\原始材料\S5基础性能赛题.zip","98574","4E12A5545FAB4EB500C2F201CBFE8D4483752DFAC7F82702803A046FCD486A8D"
"04_往届赛题与代码分析\原始材料\S5挑战性能赛题.zip","94564","621814A5CE8D9CFF004758E63C1386B72BD1EF726BF35B540FF14441C27D661F"
"04_往届赛题与代码分析\原始材料\S6基础性能赛题.zip","98028","FEDC6492B0EF495B8EC25DB75008D2D1FA6ABB0DB58FC591157C2F5FC12D1B73"
"04_往届赛题与代码分析\原始材料\S6挑战性能赛题.zip","98962","402FD7F30EA33B6EC1ABC7928B4FE9AA0F8BF03CFB4921C561700D90F0149BB1"
"05_无法获取与待人工处理\无法获取与待人工处理.md","781","A1134C5C9E015A8AC5506DE00406D5B873C29128B81B3FCDFFF93E307FCE1178"
"06_报告与验收清单\报告页面预览\page-1.png","447523","18929E9E4EA8E9A48ACE5B761A3881D4147CEB7078ACBA39CF1C9BD6FCEF8C31"
"06_报告与验收清单\报告页面预览\page-2.png","413246","F278E53E02BB7CF9621D3C72573042BA268C0D3E0D43D616E850D71D5F9FA8C1"
"06_报告与验收清单\报告页面预览\page-3.png","282375","68A141FFBACA7BB2A501A11E804071D9D42A6FD838F122D2B0F8781992A24A16"
"06_报告与验收清单\工作簿预览\仓库拉取.png","989230","27C3329A0CC0FC66DA88184F71AE6DC4598DE4455DD3D393CBDA5045EFA24A9C"
"06_报告与验收清单\工作簿预览\工作簿结构检查.ndjson","1366","0F3C59F0C1C60459E82C19650D69D107893874E28EB3FF67E371F1CD738D45CE"
"06_报告与验收清单\工作簿预览\历届工作簿链接.png","222931","23DB233314D03DD61F7727B3E9F37D4F00C69F91E3009DDB7297ED8F1E16B527"
"06_报告与验收清单\工作簿预览\外部链接.png","1373192","B692B21A15FD44CCD31CDD83B1623E67221B42478018F1C12A3CEFCE313AE6F8"
"06_报告与验收清单\工作簿预览\往届代码审读.png","327717","6E863397DBFD2AC64EF0474FFB3F6CFD43B8049E2A19985AC05DEF62B26F15A5"
"06_报告与验收清单\工作簿预览\总览.png","76726","62EBEABC48F8130E352D6F4540D7BB6A3E157B91431CC0A8123161D29460906E"
"06_报告与验收清单\工作簿预览\S9规格与当前缺口.png","91780","A496BCD56C29B2226FAA2B5D2F939E188A5322D18FD4FC931CCBC8834819873F"
"06_报告与验收清单\最终验收结果.json","355","B1D360CADDF3AFB895D712A9D3DC7EFA64363DB0FB2CBDBF22F1D552F56C16E2"
"06_报告与验收清单\S9外部链接与往届仓库审计表.xlsx","39137","EC248A09C628E6D41DE418464C21AF8D2B071B39D81AA2C4CC4D9A3BD853CDC8"
"06_报告与验收清单\S9外部链接与往届仓库审计表.xlsx.inspect.ndjson","1528197","F1260E71A30A7F56F4FF00DAF979BC3F946F67E20984B8D146A925849343B0F3"
"06_报告与验收清单\S9资料全量审读与外部链接归档报告.docx","44148","09D9C8EB03A6D816E7A50536865EFE6B48CC6EEF0B02025AE639D85B1A0E75E8"
"06_报告与验收清单\S9资料全量审读与外部链接归档报告.pdf","224358","93C879A0F43E710EA864810451AB282B1DD950AE35979102013F6466A305E8F9"
"README_资料包说明.md","1497","CE37D5586B07B0DB2FBE48BD7043576910FC2F4FAEA0A238410FC3EB0E6BC51E"
